category,country,scenario,source,unit,variable,1990,1991,1992,1993,1994,1995,1996,1997,1998,1999,2000,2001,2002,2003,2004,2005,2006,2007,2008,2009,2010,2011,2012,2013,2014,2015,2016
IPCM0EL,AFG,HISTCR,PRIMAP-hist_v2.0,GgCO2eq,KyotoGHG-AR4-total-excl-LU,12800.0,13000.0,12100.0,12200.0,12200.0,12800.0,13900.0,14900.0,15700.0,16600.0,14800.0,13300.0,16000.0,16700.0,16400.0,17200.0,17700.0,18500.0,21700.0,25000.0,28900.0,32800.0,32500.0,31000.0,32400.0,32500.0,34500.0
IPCM0EL,AGO,HISTCR,PRIMAP-hist_v2.0,GgCO2eq,KyotoGHG-AR4-total-excl-LU,68800.0,71000.0,73300.0,72700.0,66400.0,77800.0,82000.0,77300.0,80000.0,75900.0,70600.0,69700.0,71400.0,71100.0,81800.0,82400.0,80300.0,84900.0,84500.0,86600.0,92500.0,94900.0,95300.0,92200.0,92700.0,97100.0,98200.0
IPCM0EL,ALB,HISTCR,PRIMAP-hist_v2.0,GgCO2eq,KyotoGHG-AR4-total-excl-LU,6780.0,8090.0,5800.0,5890.0,6450.0,6390.0,6450.0,6520.0,7320.0,7770.0,7030.0,7410.0,7720.0,8020.0,8310.0,8110.0,8040.0,8270.0,8180.0,8660.0,8930.0,9650.0,9290.0,9480.0,10300.0,10000.0,9940.0
IPCM0EL,AND,HISTCR,PRIMAP-hist_v2.0,GgCO2eq,KyotoGHG-AR4-total-excl-LU,476.0,484.0,494.0,504.0,509.0,536.0,567.0,577.0,591.0,609.0,621.0,620.0,625.0,627.0,652.0,666.0,635.0,630.0,627.0,605.0,608.0,581.0,577.0,565.0,542.0,560.0,554.0
IPCM0EL,ARE,HISTCR,PRIMAP-hist_v2.0,GgCO2eq,KyotoGHG-AR4-total-excl-LU,60200.0,66100.0,67600.0,74900.0,81600.0,83000.0,75800.0,79000.0,101000.0,101000.0,136000.0,133000.0,124000.0,154000.0,169000.0,181000.0,194000.0,210000.0,238000.0,251000.0,245000.0,254000.0,269000.0,264000.0,315000.0,337000.0,347000.0
IPCM0EL,ARG,HISTCR,PRIMAP-hist_v2.0,GgCO2eq,KyotoGHG-AR4-total-excl-LU,243000.0,252000.0,258000.0,261000.0,266000.0,260000.0,273000.0,274000.0,279000.0,281000.0,297000.0,293000.0,287000.0,305000.0,317000.0,326000.0,341000.0,356000.0,352000.0,341000.0,316000.0,325000.0,327000.0,337000.0,329000.0,332000.0,334000.0
IPCM0EL,ARM,HISTCR,PRIMAP-hist_v2.0,GgCO2eq,KyotoGHG-AR4-total-excl-LU,26000.0,24400.0,28700.0,13300.0,13200.0,14000.0,10500.0,10900.0,9460.0,7470.0,6070.0,6160.0,5980.0,6510.0,6960.0,7820.0,8010.0,8900.0,9600.0,8470.0,8500.0,9340.0,10400.0,10200.0,10400.0,11300.0,11500.0
IPCM0EL,ATG,HISTCR,PRIMAP-hist_v2.0,GgCO2eq,KyotoGHG-AR4-total-excl-LU,393.0,381.0,378.0,387.0,386.0,396.0,416.0,432.0,444.0,458.0,477.0,484.0,507.0,543.0,564.0,574.0,591.0,617.0,629.0,659.0,654.0,649.0,662.0,663.0,678.0,697.0,707.0
IPCM0EL,AUS,HISTCR,PRIMAP-hist_v2.0,GgCO2eq,KyotoGHG-AR4-total-excl-LU,423000.0,424000.0,429000.0,429000.0,429000.0,439000.0,446000.0,458000.0,472000.0,477000.0,488000.0,496000.0,500000.0,502000.0,519000.0,525000.0,530000.0,538000.0,541000.0,545000.0,542000.0,544000.0,547000.0,536000.0,530000.0,541000.0,552000.0
IPCM0EL,AUT,HISTCR,PRIMAP-hist_v2.0,GgCO2eq,KyotoGHG-AR4-total-excl-LU,79500.0,83200.0,76500.0,76500.0,77000.0,80300.0,83700.0,83400.0,82800.0,80800.0,81000.0,85200.0,86900.0,92500.0,92200.0,93400.0,90500.0,87700.0,87500.0,80600.0,85400.0,83000.0,80500.0,80700.0,76900.0,79300.0,80100.0
IPCM0EL,AZE,HISTCR,PRIMAP-hist_v2.0,GgCO2eq,KyotoGHG-AR4-total-excl-LU,77900.0,70700.0,62300.0,53400.0,47400.0,49900.0,42600.0,41600.0,41100.0,41600.0,43000.0,43800.0,44400.0,46600.0,48900.0,52700.0,57300.0,51300.0,61600.0,55900.0,55900.0,56800.0,59900.0,60900.0,63800.0,68000.0,68800.0
IPCM0EL,BDI,HISTCR,PRIMAP-hist_v2.0,GgCO2eq,KyotoGHG-AR4-total-excl-LU,3150.0,3220.0,3270.0,3280.0,3240.0,3280.0,3320.0,3430.0,3380.0,3160.0,3230.0,3620.0,3670.0,3730.0,4050.0,4160.0,4390.0,4510.0,4710.0,4930.0,5240.0,5490.0,5620.0,6180.0,6410.0,6510.0,6270.0
IPCM0EL,BEL,HISTCR,PRIMAP-hist_v2.0,GgCO2eq,KyotoGHG-AR4-total-excl-LU,149000.0,152000.0,150000.0,149000.0,154000.0,156000.0,160000.0,152000.0,157000.0,150000.0,151000.0,149000.0,149000.0,149000.0,151000.0,147000.0,144000.0,141000.0,141000.0,127000.0,134000.0,123000.0,121000.0,121000.0,116000.0,119000.0,119000.0
IPCM0EL,BEN,HISTCR,PRIMAP-hist_v2.0,GgCO2eq,KyotoGHG-AR4-total-excl-LU,6070.0,6370.0,6550.0,6850.0,7300.0,7170.0,7350.0,7540.0,7820.0,8150.0,8570.0,8680.0,9800.0,9640.0,9660.0,10700.0,11500.0,12400.0,12100.0,12600.0,13000.0,13300.0,13500.0,14300.0,14900.0,15400.0,15800.0
IPCM0EL,BFA,HISTCR,PRIMAP-hist_v2.0,GgCO2eq,KyotoGHG-AR4-total-excl-LU,13700.0,14200.0,14600.0,14900.0,15200.0,15600.0,15900.0,16700.0,17000.0,17000.0,18200.0,18200.0,18800.0,22100.0,22900.0,24100.0,24400.0,25500.0,26700.0,27500.0,28500.0,29100.0,29600.0,31200.0,31400.0,32500.0,33200.0
IPCM0EL,BGD,HISTCR,PRIMAP-hist_v2.0,GgCO2eq,KyotoGHG-AR4-total-excl-LU,49500.0,49900.0,51900.0,51600.0,53600.0,60700.0,64500.0,67800.0,69100.0,74000.0,78500.0,85400.0,88600.0,92100.0,95300.0,99400.0,104000.0,106000.0,111000.0,114000.0,120000.0,124000.0,128000.0,131000.0,135000.0,149000.0,152000.0
IPCM0EL,BGR,HISTCR,PRIMAP-hist_v2.0,GgCO2eq,KyotoGHG-AR4-total-excl-LU,105000.0,82800.0,78400.0,78300.0,74300.0,75400.0,76000.0,72600.0,68100.0,61700.0,60700.0,63600.0,60500.0,65200.0,64000.0,64600.0,65000.0,69200.0,67300.0,58300.0,61000.0,66400.0,61400.0,55900.0,58900.0,62100.0,59400.0
IPCM0EL,BHR,HISTCR,PRIMAP-hist_v2.0,GgCO2eq,KyotoGHG-AR4-total-excl-LU,19100.0,15800.0,15100.0,19400.0,19400.0,19400.0,20300.0,22300.0,23400.0,23200.0,23700.0,19200.0,21200.0,21700.0,23400.0,26100.0,26300.0,34300.0,37500.0,36100.0,37200.0,36600.0,34500.0,40000.0,40200.0,33400.0,32700.0
IPCM0EL,BHS,HISTCR,PRIMAP-hist_v2.0,GgCO2eq,KyotoGHG-AR4-total-excl-LU,2490.0,2320.0,2340.0,2250.0,2250.0,2270.0,2280.0,1980.0,2320.0,2310.0,2300.0,2210.0,2220.0,2180.0,2420.0,2430.0,2360.0,2400.0,2230.0,2360.0,2380.0,2640.0,2750.0,3590.0,3200.0,3300.0,3350.0
IPCM0EL,BIH,HISTCR,PRIMAP-hist_v2.0,GgCO2eq,KyotoGHG-AR4-total-excl-LU,35700.0,33500.0,16400.0,11600.0,11500.0,10400.0,12100.0,15100.0,19400.0,19800.0,21100.0,21200.0,21700.0,21600.0,23100.0,23300.0,24500.0,24200.0,26000.0,26600.0,26900.0,28900.0,27300.0,26800.0,28600.0,27300.0,28300.0
IPCM0EL,BLR,HISTCR,PRIMAP-hist_v2.0,GgCO2eq,KyotoGHG-AR4-total-excl-LU,141000.0,132000.0,123000.0,109000.0,92800.0,84500.0,86500.0,90200.0,87100.0,83600.0,82000.0,82000.0,80800.0,83000.0,89800.0,91600.0,97600.0,95400.0,99400.0,95500.0,100000.0,97500.0,98500.0,101000.0,100000.0,96000.0,97700.0
IPCM0EL,BLZ,HISTCR,PRIMAP-hist_v2.0,GgCO2eq,KyotoGHG-AR4-total-excl-LU,601.0,643.0,665.0,667.0,663.0,636.0,572.0,668.0,668.0,665.0,710.0,775.0,820.0,889.0,726.0,773.0,798.0,854.0,814.0,1010.0,941.0,1050.0,933.0,1010.0,955.0,1150.0,1210.0
IPCM0EL,BOL,HISTCR,PRIMAP-hist_v2.0,GgCO2eq,KyotoGHG-AR4-total-excl-LU,17300.0,18300.0,19700.0,21600.0,23200.0,27900.0,39000.0,51000.0,55800.0,53400.0,49900.0,39800.0,36000.0,40400.0,51700.0,57300.0,61700.0,61600.0,64600.0,67500.0,72200.0,74600.0,80000.0,82200.0,85200.0,86200.0,88700.0
IPCM0EL,BRA,HISTCR,PRIMAP-hist_v2.0,GgCO2eq,KyotoGHG-AR4-total-excl-LU,606000.0,630000.0,640000.0,654000.0,674000.0,700000.0,707000.0,735000.0,753000.0,773000.0,803000.0,821000.0,839000.0,866000.0,900000.0,916000.0,922000.0,927000.0,956000.0,942000.0,1000000.0,1010000.0,1040000.0,1050000.0,1080000.0,1070000.0,1050000.0
IPCM0EL,BRB,HISTCR,PRIMAP-hist_v2.0,GgCO2eq,KyotoGHG-AR4-total-excl-LU,1270.0,1400.0,1180.0,1310.0,947.0,1030.0,1050.0,1090.0,1330.0,1400.0,1380.0,1400.0,1390.0,1430.0,1460.0,1510.0,1520.0,1520.0,1780.0,1780.0,1640.0,1710.0,1660.0,1630.0,1450.0,1490.0,1520.0
IPCM0EL,BRN,HISTCR,PRIMAP-hist_v2.0,GgCO2eq,KyotoGHG-AR4-total-excl-LU,10000.0,10000.0,9980.0,9260.0,9140.0,9360.0,9440.0,9680.0,9860.0,8800.0,9870.0,10000.0,9610.0,10200.0,10400.0,10300.0,11000.0,14400.0,16100.0,14000.0,14000.0,15800.0,15600.0,14300.0,15700.0,16100.0,17800.0
IPCM0EL,BTN,HISTCR,PRIMAP-hist_v2.0,GgCO2eq,KyotoGHG-AR4-total-excl-LU,994.0,1050.0,1070.0,1050.0,1070.0,1260.0,1350.0,1440.0,1440.0,1470.0,1460.0,1400.0,1460.0,1420.0,1360.0,1530.0,1510.0,1550.0,1530.0,1760.0,1880.0,2080.0,2160.0,2260.0,2320.0,2280.0,2330.0
IPCM0EL,BWA,HISTCR,PRIMAP-hist_v2.0,GgCO2eq,KyotoGHG-AR4-total-excl-LU,12900.0,12300.0,12200.0,12300.0,12600.0,13400.0,15000.0,14500.0,14200.0,13900.0,14100.0,14900.0,14100.0,9310.0,9880.0,10400.0,13200.0,11000.0,18000.0,10800.0,20800.0,23100.0,13000.0,12900.0,13600.0,16500.0,16900.0
IPCM0EL,CAF,HISTCR,PRIMAP-hist_v2.0,GgCO2eq,KyotoGHG-AR4-total-excl-LU,19300.0,19800.0,19900.0,20000.0,20300.0,21800.0,23500.0,25000.0,28600.0,27000.0,31900.0,30800.0,28300.0,38400.0,38500.0,38600.0,14700.0,14800.0,15000.0,8920.0,9250.0,9950.0,9470.0,9840.0,9760.0,10300.0,10600.0
IPCM0EL,CAN,HISTCR,PRIMAP-hist_v2.0,GgCO2eq,KyotoGHG-AR4-total-excl-LU,607000.0,600000.0,617000.0,618000.0,639000.0,656000.0,677000.0,692000.0,700000.0,713000.0,736000.0,725000.0,729000.0,746000.0,748000.0,736000.0,727000.0,749000.0,729000.0,685000.0,699000.0,703000.0,711000.0,720000.0,720000.0,718000.0,708000.0
IPCM0EL,CHE,HISTCR,PRIMAP-hist_v2.0,GgCO2eq,KyotoGHG-AR4-total-excl-LU,53200.0,55100.0,54900.0,52200.0,51200.0,52100.0,52800.0,51600.0,53300.0,53000.0,52200.0,53800.0,52200.0,53400.0,54000.0,54700.0,54300.0,52400.0,53900.0,52600.0,54200.0,50100.0,51400.0,52300.0,48400.0,47800.0,48200.0
IPCM0EL,CHL,HISTCR,PRIMAP-hist_v2.0,GgCO2eq,KyotoGHG-AR4-total-excl-LU,52500.0,50400.0,52700.0,55700.0,58300.0,61900.0,68100.0,75500.0,76000.0,80000.0,77500.0,72100.0,73800.0,74100.0,79200.0,80400.0,83100.0,90700.0,93200.0,88900.0,94100.0,101000.0,103000.0,102000.0,102000.0,105000.0,110000.0
IPCM0EL,CHN,HISTCR,PRIMAP-hist_v2.0,GgCO2eq,KyotoGHG-AR4-total-excl-LU,3600000.0,3740000.0,3870000.0,4050000.0,4300000.0,4650000.0,4850000.0,4820000.0,4680000.0,4770000.0,4890000.0,5000000.0,5420000.0,6200000.0,7020000.0,7780000.0,8530000.0,9060000.0,9660000.0,10100000.0,11000000.0,12100000.0,12400000.0,12500000.0,12600000.0,12600000.0,12700000.0
IPCM0EL,CIV,HISTCR,PRIMAP-hist_v2.0,GgCO2eq,KyotoGHG-AR4-total-excl-LU,14000.0,13900.0,13700.0,15100.0,14700.0,17500.0,19300.0,19400.0,18800.0,18300.0,19100.0,20300.0,21600.0,18300.0,20100.0,21800.0,21200.0,20800.0,20900.0,19500.0,20900.0,22400.0,24900.0,26400.0,26500.0,27000.0,27300.0
IPCM0EL,CMR,HISTCR,PRIMAP-hist_v2.0,GgCO2eq,KyotoGHG-AR4-total-excl-LU,27300.0,26600.0,29400.0,30900.0,56300.0,54700.0,50700.0,47400.0,46600.0,44900.0,44100.0,42700.0,40600.0,41500.0,41200.0,43100.0,42600.0,44200.0,43500.0,44800.0,42300.0,40000.0,40400.0,41600.0,41000.0,43500.0,43100.0
IPCM0EL,COD,HISTCR,PRIMAP-hist_v2.0,GgCO2eq,KyotoGHG-AR4-total-excl-LU,34300.0,33300.0,33700.0,33800.0,38400.0,38500.0,38800.0,38200.0,38300.0,35600.0,35900.0,38500.0,37400.0,40700.0,42300.0,42300.0,44600.0,41500.0,44000.0,44200.0,45800.0,45800.0,44400.0,48000.0,49800.0,49400.0,50000.0
IPCM0EL,COG,HISTCR,PRIMAP-hist_v2.0,GgCO2eq,KyotoGHG-AR4-total-excl-LU,10500.0,10400.0,10700.0,10800.0,11100.0,11700.0,13400.0,14000.0,13400.0,12600.0,12000.0,11000.0,8170.0,9790.0,9840.0,11600.0,12700.0,11100.0,11100.0,12400.0,13100.0,12100.0,12900.0,13200.0,12900.0,12500.0,12500.0
IPCM0EL,COK,HISTCR,PRIMAP-hist_v2.0,GgCO2eq,KyotoGHG-AR4-total-excl-LU,47.8,47.9,48.6,55.6,57.3,58.6,69.3,70.5,71.9,67.5,66.5,49.4,45.3,48.8,71.6,79.1,82.9,82.8,86.7,86.7,86.6,86.6,86.6,86.5,86.5,91.2,106.0
IPCM0EL,COL,HISTCR,PRIMAP-hist_v2.0,GgCO2eq,KyotoGHG-AR4-total-excl-LU,128000.0,129000.0,136000.0,141000.0,147000.0,143000.0,147000.0,155000.0,160000.0,149000.0,156000.0,157000.0,159000.0,164000.0,163000.0,172000.0,176000.0,179000.0,184000.0,191000.0,197000.0,195000.0,196000.0,204000.0,199000.0,204000.0,206000.0
IPCM0EL,COM,HISTCR,PRIMAP-hist_v2.0,GgCO2eq,KyotoGHG-AR4-total-excl-LU,337.0,345.0,351.0,362.0,366.0,375.0,384.0,394.0,410.0,425.0,419.0,443.0,447.0,462.0,499.0,502.0,546.0,485.0,518.0,551.0,598.0,593.0,611.0,661.0,655.0,682.0,702.0
IPCM0EL,CPV,HISTCR,PRIMAP-hist_v2.0,GgCO2eq,KyotoGHG-AR4-total-excl-LU,256.0,270.0,305.0,313.0,302.0,336.0,327.0,347.0,376.0,410.0,444.0,468.0,512.0,548.0,589.0,703.0,735.0,770.0,738.0,808.0,849.0,870.0,764.0,767.0,775.0,964.0,974.0
IPCM0EL,CRI,HISTCR,PRIMAP-hist_v2.0,GgCO2eq,KyotoGHG-AR4-total-excl-LU,7010.0,7960.0,9050.0,9830.0,11400.0,11000.0,11800.0,12200.0,12600.0,12400.0,12000.0,11900.0,12000.0,12700.0,12800.0,13100.0,13100.0,14200.0,14600.0,14500.0,14500.0,15000.0,14900.0,14900.0,14800.0,16400.0,17100.0
IPCM0EL,CUB,HISTCR,PRIMAP-hist_v2.0,GgCO2eq,KyotoGHG-AR4-total-excl-LU,51100.0,46500.0,47600.0,44100.0,46700.0,40000.0,41400.0,41200.0,39900.0,40300.0,40800.0,39700.0,39500.0,38800.0,38300.0,38600.0,40600.0,40200.0,43800.0,43300.0,50500.0,48300.0,48500.0,47900.0,48200.0,49000.0,49700.0
IPCM0EL,CYP,HISTCR,PRIMAP-hist_v2.0,GgCO2eq,KyotoGHG-AR4-total-excl-LU,5760.0,6270.0,6650.0,6940.0,7200.0,7130.0,7470.0,7560.0,7880.0,8150.0,8440.0,8360.0,8600.0,8980.0,9230.0,9360.0,9590.0,9920.0,10100.0,9910.0,9590.0,9320.0,8790.0,8060.0,8450.0,8510.0,8960.0
IPCM0EL,CZE,HISTCR,PRIMAP-hist_v2.0,GgCO2eq,KyotoGHG-AR4-total-excl-LU,199000.0,180000.0,173000.0,166000.0,158000.0,158000.0,161000.0,156000.0,150000.0,140000.0,150000.0,150000.0,146000.0,150000.0,150000.0,148000.0,150000.0,151000.0,147000.0,138000.0,141000.0,139000.0,134000.0,130000.0,128000.0,129000.0,131000.0
IPCM0EL,DEU,HISTCR,PRIMAP-hist_v2.0,GgCO2eq,KyotoGHG-AR4-total-excl-LU,1260000.0,1210000.0,1160000.0,1150000.0,1130000.0,1130000.0,1150000.0,1110000.0,1090000.0,1060000.0,1060000.0,1070000.0,1050000.0,1040000.0,1030000.0,1000000.0,1010000.0,983000.0,984000.0,916000.0,953000.0,931000.0,935000.0,951000.0,912000.0,915000.0,918000.0
IPCM0EL,DJI,HISTCR,PRIMAP-hist_v2.0,GgCO2eq,KyotoGHG-AR4-total-excl-LU,1150.0,1170.0,1160.0,1170.0,1140.0,1190.0,1230.0,1270.0,1250.0,1280.0,1320.0,1400.0,1400.0,1440.0,1460.0,1480.0,1470.0,1570.0,1630.0,1610.0,1670.0,1630.0,1740.0,1790.0,1900.0,1950.0,1980.0
IPCM0EL,DMA,HISTCR,PRIMAP-hist_v2.0,GgCO2eq,KyotoGHG-AR4-total-excl-LU,116.0,117.0,116.0,121.0,125.0,145.0,139.0,151.0,153.0,163.0,193.0,203.0,195.0,195.0,187.0,201.0,195.0,241.0,214.0,213.0,221.0,213.0,220.0,219.0,221.0,228.0,231.0
IPCM0EL,DNK,HISTCR,PRIMAP-hist_v2.0,GgCO2eq,KyotoGHG-AR4-total-excl-LU,71000.0,81700.0,75700.0,77800.0,81700.0,78800.0,92000.0,82500.0,78500.0,76000.0,71700.0,73400.0,73000.0,78000.0,71900.0,68100.0,75300.0,70700.0,67000.0,64200.0,64800.0,59700.0,55100.0,56500.0,52400.0,49800.0,51800.0
IPCM0EL,DOM,HISTCR,PRIMAP-hist_v2.0,GgCO2eq,KyotoGHG-AR4-total-excl-LU,13800.0,16000.0,17900.0,20000.0,21900.0,24900.0,25300.0,25000.0,24700.0,25300.0,27200.0,27300.0,28800.0,28400.0,26100.0,25900.0,26900.0,28200.0,27700.0,27200.0,27500.0,27900.0,28500.0,28400.0,28800.0,29500.0,30200.0
IPCM0EL,DZA,HISTCR,PRIMAP-hist_v2.0,GgCO2eq,KyotoGHG-AR4-total-excl-LU,163000.0,167000.0,199000.0,196000.0,194000.0,207000.0,205000.0,183000.0,196000.0,179000.0,175000.0,164000.0,166000.0,177000.0,170000.0,190000.0,187000.0,193000.0,196000.0,201000.0,200000.0,201000.0,211000.0,215000.0,226000.0,231000.0,230000.0
IPCM0EL,ECU,HISTCR,PRIMAP-hist_v2.0,GgCO2eq,KyotoGHG-AR4-total-excl-LU,46400.0,44000.0,50400.0,54000.0,42800.0,51900.0,54200.0,47700.0,49100.0,46800.0,43300.0,48000.0,49200.0,51500.0,54700.0,55600.0,54400.0,57000.0,59500.0,63100.0,64600.0,66200.0,65300.0,68000.0,70100.0,67800.0,65600.0
IPCM0EL,EGY,HISTCR,PRIMAP-hist_v2.0,GgCO2eq,KyotoGHG-AR4-total-excl-LU,126000.0,129000.0,132000.0,145000.0,137000.0,148000.0,156000.0,159000.0,170000.0,175000.0,188000.0,182000.0,189000.0,216000.0,224000.0,247000.0,257000.0,269000.0,284000.0,286000.0,287000.0,305000.0,304000.0,297000.0,286000.0,290000.0,300000.0
IPCM0EL,ERI,HISTCR,PRIMAP-hist_v2.0,GgCO2eq,KyotoGHG-AR4-total-excl-LU,5290.0,5270.0,5400.0,4690.0,4750.0,4880.0,5390.0,5770.0,5510.0,5660.0,5840.0,5700.0,5610.0,5880.0,5970.0,6060.0,5740.0,6120.0,5950.0,6040.0,5920.0,6250.0,6350.0,6430.0,6500.0,6600.0,6700.0
IPCM0EL,ESP,HISTCR,PRIMAP-hist_v2.0,GgCO2eq,KyotoGHG-AR4-total-excl-LU,294000.0,302000.0,311000.0,301000.0,317000.0,333000.0,324000.0,339000.0,350000.0,377000.0,393000.0,389000.0,408000.0,417000.0,431000.0,446000.0,438000.0,450000.0,416000.0,375000.0,361000.0,361000.0,354000.0,326000.0,328000.0,340000.0,329000.0
IPCM0EL,EST,HISTCR,PRIMAP-hist_v2.0,GgCO2eq,KyotoGHG-AR4-total-excl-LU,41700.0,38500.0,28200.0,22000.0,23000.0,21200.0,21900.0,21500.0,19800.0,18200.0,18100.0,18600.0,18000.0,19900.0,20300.0,20200.0,19100.0,23400.0,21200.0,17800.0,21700.0,22400.0,21200.0,23000.0,22200.0,19200.0,20800.0
IPCM0EL,ETH,HISTCR,PRIMAP-hist_v2.0,GgCO2eq,KyotoGHG-AR4-total-excl-LU,53500.0,53500.0,55200.0,50600.0,53500.0,53400.0,56000.0,79900.0,80900.0,81300.0,79600.0,83300.0,91700.0,91300.0,98200.0,85300.0,89100.0,101000.0,103000.0,108000.0,115000.0,115000.0,120000.0,122000.0,121000.0,124000.0,126000.0
IPCM0EL,FIN,HISTCR,PRIMAP-hist_v2.0,GgCO2eq,KyotoGHG-AR4-total-excl-LU,72100.0,69900.0,68500.0,70800.0,76500.0,73500.0,78800.0,77300.0,73700.0,73000.0,71100.0,76500.0,79000.0,86500.0,82700.0,70700.0,82000.0,80300.0,72200.0,68500.0,76400.0,68600.0,63100.0,63800.0,59700.0,56200.0,59500.0
IPCM0EL,FJI,HISTCR,PRIMAP-hist_v2.0,GgCO2eq,KyotoGHG-AR4-total-excl-LU,1960.0,1830.0,1910.0,1990.0,2040.0,2120.0,2180.0,2160.0,2100.0,2090.0,2090.0,2350.0,2170.0,2260.0,2610.0,2340.0,2450.0,2410.0,2170.0,2030.0,2450.0,2330.0,2310.0,2390.0,2560.0,2670.0,2890.0
IPCM0EL,FRA,HISTCR,PRIMAP-hist_v2.0,GgCO2eq,KyotoGHG-AR4-total-excl-LU,554000.0,581000.0,570000.0,548000.0,541000.0,550000.0,566000.0,559000.0,573000.0,564000.0,558000.0,565000.0,558000.0,562000.0,559000.0,561000.0,549000.0,540000.0,534000.0,510000.0,520000.0,493000.0,494000.0,493000.0,464000.0,468000.0,468000.0
IPCM0EL,FSM,HISTCR,PRIMAP-hist_v2.0,GgCO2eq,KyotoGHG-AR4-total-excl-LU,148.0,154.0,160.0,161.0,166.0,170.0,170.0,174.0,181.0,173.0,188.0,232.0,206.0,206.0,206.0,184.0,184.0,203.0,181.0,228.0,180.0,191.0,206.0,215.0,222.0,233.0,263.0
IPCM0EL,GAB,HISTCR,PRIMAP-hist_v2.0,GgCO2eq,KyotoGHG-AR4-total-excl-LU,27400.0,21800.0,22200.0,22400.0,20700.0,21600.0,22300.0,19800.0,20700.0,18400.0,16900.0,17100.0,16600.0,18500.0,17100.0,16500.0,14100.0,12800.0,13400.0,13200.0,13700.0,13000.0,13000.0,12400.0,11700.0,11100.0,10600.0
IPCM0EL,GBR,HISTCR,PRIMAP-hist_v2.0,GgCO2eq,KyotoGHG-AR4-total-excl-LU,814000.0,822000.0,801000.0,782000.0,773000.0,766000.0,788000.0,762000.0,759000.0,728000.0,726000.0,729000.0,708000.0,715000.0,712000.0,705000.0,698000.0,687000.0,666000.0,610000.0,624000.0,576000.0,593000.0,578000.0,537000.0,519000.0,494000.0
IPCM0EL,GEO,HISTCR,PRIMAP-hist_v2.0,GgCO2eq,KyotoGHG-AR4-total-excl-LU,46600.0,39000.0,26600.0,18100.0,14200.0,11900.0,14900.0,15200.0,13600.0,12500.0,11800.0,11100.0,11100.0,11800.0,12400.0,12700.0,15000.0,15600.0,14900.0,14100.0,13800.0,17000.0,18300.0,17400.0,18900.0,17000.0,17500.0
IPCM0EL,GHA,HISTCR,PRIMAP-hist_v2.0,GgCO2eq,KyotoGHG-AR4-total-excl-LU,10900.0,10700.0,11100.0,11600.0,11800.0,12300.0,13000.0,14000.0,14200.0,15100.0,16800.0,17000.0,17700.0,18300.0,18800.0,19600.0,21900.0,21700.0,21600.0,20500.0,23300.0,26000.0,26200.0,29500.0,29700.0,30000.0,30500.0
IPCM0EL,GIN,HISTCR,PRIMAP-hist_v2.0,GgCO2eq,KyotoGHG-AR4-total-excl-LU,8920.0,9270.0,9240.0,9630.0,10200.0,11000.0,11300.0,11200.0,12200.0,12400.0,13100.0,13300.0,14700.0,14300.0,15000.0,15700.0,16300.0,16200.0,17600.0,18000.0,20300.0,21300.0,22200.0,22700.0,22300.0,23900.0,24800.0
IPCM0EL,GMB,HISTCR,PRIMAP-hist_v2.0,GgCO2eq,KyotoGHG-AR4-total-excl-LU,1200.0,1240.0,1230.0,1230.0,1270.0,1300.0,1320.0,1270.0,1340.0,1330.0,1420.0,1460.0,1460.0,1540.0,1720.0,1730.0,1840.0,1840.0,2010.0,2300.0,2440.0,2150.0,2200.0,2300.0,2450.0,2530.0,2590.0
IPCM0EL,GNB,HISTCR,PRIMAP-hist_v2.0,GgCO2eq,KyotoGHG-AR4-total-excl-LU,1510.0,1520.0,1560.0,1590.0,1630.0,1660.0,1680.0,1670.0,1650.0,1780.0,1760.0,1860.0,1880.0,1970.0,1850.0,1830.0,2090.0,2020.0,2080.0,2140.0,2310.0,2320.0,2540.0,2480.0,2470.0,2560.0,2620.0
IPCM0EL,GNQ,HISTCR,PRIMAP-hist_v2.0,GgCO2eq,KyotoGHG-AR4-total-excl-LU,203.0,292.0,323.0,274.0,4530.0,4560.0,4500.0,5820.0,6260.0,6430.0,5890.0,10100.0,10700.0,12300.0,12400.0,12000.0,11900.0,12300.0,11900.0,11300.0,11600.0,13000.0,9870.0,12000.0,12200.0,13300.0,13500.0
IPCM0EL,GRC,HISTCR,PRIMAP-hist_v2.0,GgCO2eq,KyotoGHG-AR4-total-excl-LU,104000.0,104000.0,105000.0,105000.0,107000.0,110000.0,113000.0,118000.0,123000.0,124000.0,127000.0,128000.0,128000.0,132000.0,133000.0,137000.0,133000.0,136000.0,132000.0,125000.0,119000.0,116000.0,113000.0,103000.0,99500.0,95800.0,92000.0
IPCM0EL,GRD,HISTCR,PRIMAP-hist_v2.0,GgCO2eq,KyotoGHG-AR4-total-excl-LU,151.0,155.0,162.0,166.0,190.0,198.0,203.0,218.0,225.0,245.0,256.0,257.0,269.0,281.0,271.0,285.0,301.0,310.0,324.0,324.0,333.0,328.0,347.0,383.0,323.0,332.0,338.0
IPCM0EL,GTM,HISTCR,PRIMAP-hist_v2.0,GgCO2eq,KyotoGHG-AR4-total-excl-LU,15700.0,16200.0,17600.0,17300.0,18700.0,18800.0,17600.0,18800.0,19900.0,20400.0,21200.0,22100.0,22500.0,22200.0,23600.0,24800.0,25200.0,25700.0,24600.0,25900.0,27000.0,27700.0,28200.0,29500.0,34500.0,32900.0,34000.0
IPCM0EL,GUY,HISTCR,PRIMAP-hist_v2.0,GgCO2eq,KyotoGHG-AR4-total-excl-LU,2830.0,2850.0,2870.0,2890.0,2890.0,2930.0,3050.0,3250.0,3300.0,3380.0,3200.0,3680.0,3000.0,3310.0,3260.0,2960.0,2780.0,3090.0,3180.0,3210.0,3420.0,3550.0,3810.0,3890.0,4080.0,4060.0,3830.0
IPCM0EL,HND,HISTCR,PRIMAP-hist_v2.0,GgCO2eq,KyotoGHG-AR4-total-excl-LU,9250.0,9400.0,9740.0,9070.0,9840.0,10500.0,10500.0,10900.0,11300.0,10900.0,11500.0,12200.0,12700.0,14300.0,15100.0,15600.0,15000.0,16900.0,16600.0,16100.0,16300.0,17500.0,17600.0,18000.0,18300.0,19100.0,19700.0
IPCM0EL,HRV,HISTCR,PRIMAP-hist_v2.0,GgCO2eq,KyotoGHG-AR4-total-excl-LU,32600.0,25800.0,24100.0,24300.0,23300.0,23900.0,24600.0,25700.0,25900.0,27000.0,26600.0,27800.0,29000.0,30500.0,30800.0,31200.0,31700.0,33300.0,32000.0,29400.0,28800.0,28400.0,26500.0,25700.0,24900.0,25400.0,25500.0
IPCM0EL,HTI,HISTCR,PRIMAP-hist_v2.0,GgCO2eq,KyotoGHG-AR4-total-excl-LU,6510.0,6800.0,7180.0,6950.0,6700.0,7420.0,7740.0,8230.0,8240.0,8420.0,8740.0,9010.0,9240.0,9200.0,9550.0,11700.0,11900.0,12400.0,12700.0,12800.0,12800.0,13400.0,13600.0,14200.0,15000.0,15400.0,15900.0
IPCM0EL,HUN,HISTCR,PRIMAP-hist_v2.0,GgCO2eq,KyotoGHG-AR4-total-excl-LU,94800.0,88000.0,78200.0,79000.0,77900.0,76300.0,78500.0,76900.0,76500.0,76900.0,74000.0,76100.0,74400.0,77500.0,76500.0,76300.0,75100.0,73300.0,71500.0,65400.0,65800.0,64200.0,60500.0,57700.0,58400.0,61400.0,61900.0
IPCM0EL,IDN,HISTCR,PRIMAP-hist_v2.0,GgCO2eq,KyotoGHG-AR4-total-excl-LU,354000.0,390000.0,410000.0,425000.0,402000.0,425000.0,455000.0,481000.0,503000.0,511000.0,525000.0,564000.0,573000.0,587000.0,613000.0,621000.0,640000.0,640000.0,662000.0,662000.0,719000.0,763000.0,794000.0,669000.0,655000.0,667000.0,674000.0
IPCM0EL,IND,HISTCR,PRIMAP-hist_v2.0,GgCO2eq,KyotoGHG-AR4-total-excl-LU,1150000.0,1200000.0,1250000.0,1280000.0,1330000.0,1390000.0,1470000.0,1510000.0,1530000.0,1600000.0,1640000.0,1630000.0,1620000.0,1670000.0,1740000.0,1790000.0,1870000.0,1970000.0,2110000.0,2270000.0,2250000.0,2360000.0,2510000.0,2510000.0,2710000.0,2770000.0,2870000.0
IPCM0EL,IRL,HISTCR,PRIMAP-hist_v2.0,GgCO2eq,KyotoGHG-AR4-total-excl-LU,55800.0,56400.0,56300.0,56800.0,58000.0,59400.0,61500.0,62900.0,65400.0,66600.0,68800.0,70800.0,68800.0,69100.0,69000.0,70500.0,70200.0,69000.0,68400.0,62600.0,62700.0,58000.0,58600.0,58600.0,58300.0,60400.0,62600.0
IPCM0EL,IRN,HISTCR,PRIMAP-hist_v2.0,GgCO2eq,KyotoGHG-AR4-total-excl-LU,382000.0,405000.0,410000.0,402000.0,447000.0,445000.0,451000.0,440000.0,463000.0,532000.0,525000.0,548000.0,553000.0,589000.0,634000.0,660000.0,709000.0,726000.0,740000.0,753000.0,774000.0,790000.0,816000.0,839000.0,869000.0,868000.0,876000.0
IPCM0EL,IRQ,HISTCR,PRIMAP-hist_v2.0,GgCO2eq,KyotoGHG-AR4-total-excl-LU,107000.0,93800.0,106000.0,110000.0,113000.0,115000.0,107000.0,118000.0,125000.0,127000.0,126000.0,142000.0,137000.0,137000.0,168000.0,166000.0,152000.0,114000.0,148000.0,166000.0,178000.0,203000.0,222000.0,231000.0,235000.0,237000.0,259000.0
IPCM0EL,ISL,HISTCR,PRIMAP-hist_v2.0,GgCO2eq,KyotoGHG-AR4-total-excl-LU,3650.0,3430.0,3340.0,3430.0,3350.0,3470.0,3520.0,3690.0,3850.0,4080.0,4080.0,3980.0,4060.0,4040.0,4140.0,4000.0,4610.0,4910.0,5300.0,5000.0,4900.0,4640.0,4670.0,4650.0,4680.0,4760.0,4680.0
IPCM0EL,ISR,HISTCR,PRIMAP-hist_v2.0,GgCO2eq,KyotoGHG-AR4-total-excl-LU,42900.0,43400.0,49400.0,51700.0,55600.0,58200.0,60700.0,64000.0,66400.0,65400.0,71000.0,75100.0,71900.0,76000.0,77100.0,78000.0,79900.0,83400.0,83600.0,80500.0,83000.0,84900.0,90300.0,84500.0,83200.0,85200.0,87100.0
IPCM0EL,ITA,HISTCR,PRIMAP-hist_v2.0,GgCO2eq,KyotoGHG-AR4-total-excl-LU,525000.0,527000.0,525000.0,518000.0,511000.0,539000.0,531000.0,538000.0,549000.0,554000.0,560000.0,567000.0,567000.0,582000.0,587000.0,587000.0,576000.0,568000.0,554000.0,500000.0,509000.0,497000.0,477000.0,446000.0,430000.0,438000.0,433000.0
IPCM0EL,JAM,HISTCR,PRIMAP-hist_v2.0,GgCO2eq,KyotoGHG-AR4-total-excl-LU,9650.0,9940.0,9990.0,10300.0,10500.0,11500.0,12000.0,12400.0,12000.0,12400.0,13000.0,13300.0,12900.0,13500.0,13300.0,13100.0,13900.0,12100.0,12600.0,10100.0,9520.0,10100.0,9770.0,10500.0,9890.0,10200.0,10300.0
IPCM0EL,JOR,HISTCR,PRIMAP-hist_v2.0,GgCO2eq,KyotoGHG-AR4-total-excl-LU,12600.0,12400.0,15000.0,14900.0,16300.0,16600.0,17400.0,17800.0,18200.0,18400.0,19600.0,20300.0,22000.0,22600.0,24500.0,26800.0,27100.0,28500.0,28000.0,28400.0,27800.0,28700.0,31600.0,31600.0,34000.0,27800.0,27300.0
IPCM0EL,JPN,HISTCR,PRIMAP-hist_v2.0,GgCO2eq,KyotoGHG-AR4-total-excl-LU,1270000.0,1290000.0,1300000.0,1290000.0,1360000.0,1380000.0,1390000.0,1380000.0,1330000.0,1360000.0,1380000.0,1350000.0,1380000.0,1380000.0,1370000.0,1380000.0,1360000.0,1400000.0,1320000.0,1250000.0,1300000.0,1360000.0,1400000.0,1410000.0,1360000.0,1330000.0,1310000.0
IPCM0EL,KAZ,HISTCR,PRIMAP-hist_v2.0,GgCO2eq,KyotoGHG-AR4-total-excl-LU,341000.0,333000.0,307000.0,274000.0,230000.0,215000.0,194000.0,181000.0,173000.0,145000.0,173000.0,171000.0,189000.0,210000.0,219000.0,233000.0,258000.0,267000.0,271000.0,265000.0,297000.0,287000.0,295000.0,302000.0,320000.0,325000.0,331000.0
IPCM0EL,KEN,HISTCR,PRIMAP-hist_v2.0,GgCO2eq,KyotoGHG-AR4-total-excl-LU,41900.0,40100.0,40900.0,41700.0,42300.0,43200.0,43100.0,41800.0,46600.0,45800.0,43200.0,43400.0,43800.0,47200.0,48100.0,50100.0,48800.0,64800.0,63300.0,62400.0,62200.0,65600.0,68400.0,65600.0,68000.0,69900.0,73700.0
IPCM0EL,KGZ,HISTCR,PRIMAP-hist_v2.0,GgCO2eq,KyotoGHG-AR4-total-excl-LU,30000.0,27100.0,23400.0,18800.0,14300.0,10700.0,10600.0,11600.0,10500.0,10000.0,10100.0,10100.0,10800.0,11300.0,12100.0,12500.0,12600.0,13600.0,15000.0,14900.0,14100.0,15600.0,18300.0,18700.0,18800.0,19300.0,19700.0
IPCM0EL,KHM,HISTCR,PRIMAP-hist_v2.0,GgCO2eq,KyotoGHG-AR4-total-excl-LU,18000.0,17800.0,18300.0,19200.0,18000.0,21200.0,21200.0,21300.0,21900.0,23200.0,22100.0,22700.0,23500.0,24900.0,25400.0,25900.0,27200.0,28500.0,28500.0,30300.0,31400.0,33100.0,32700.0,31600.0,32600.0,33200.0,34800.0
IPCM0EL,KIR,HISTCR,PRIMAP-hist_v2.0,GgCO2eq,KyotoGHG-AR4-total-excl-LU,34.0,34.3,37.2,39.8,39.9,40.8,44.2,40.5,43.9,44.9,46.4,44.8,55.8,56.4,59.8,61.7,94.2,100.0,96.5,80.0,107.0,107.0,108.0,108.0,119.0,125.0,142.0
IPCM0EL,KNA,HISTCR,PRIMAP-hist_v2.0,GgCO2eq,KyotoGHG-AR4-total-excl-LU,138.0,139.0,143.0,147.0,155.0,161.0,167.0,180.0,188.0,200.0,213.0,218.0,235.0,237.0,252.0,238.0,241.0,257.0,260.0,267.0,264.0,275.0,257.0,259.0,265.0,274.0,279.0
IPCM0EL,KOR,HISTCR,PRIMAP-hist_v2.0,GgCO2eq,KyotoGHG-AR4-total-excl-LU,316000.0,337000.0,357000.0,393000.0,417000.0,450000.0,484000.0,514000.0,443000.0,481000.0,517000.0,529000.0,554000.0,564000.0,573000.0,580000.0,582000.0,596000.0,609000.0,613000.0,672000.0,700000.0,707000.0,715000.0,710000.0,721000.0,732000.0
IPCM0EL,KWT,HISTCR,PRIMAP-hist_v2.0,GgCO2eq,KyotoGHG-AR4-total-excl-LU,69400.0,504000.0,42500.0,60000.0,72100.0,84200.0,79300.0,85200.0,77200.0,77100.0,77900.0,80600.0,81300.0,87300.0,91400.0,102000.0,104000.0,104000.0,112000.0,114000.0,117000.0,120000.0,133000.0,129000.0,119000.0,127000.0,129000.0
IPCM0EL,LAO,HISTCR,PRIMAP-hist_v2.0,GgCO2eq,KyotoGHG-AR4-total-excl-LU,6870.0,6830.0,7160.0,7200.0,7600.0,7850.0,8220.0,8620.0,8260.0,8420.0,8820.0,9010.0,9370.0,9500.0,10000.0,9950.0,10300.0,9890.0,10300.0,10800.0,11500.0,11500.0,12200.0,12100.0,12700.0,13000.0,13500.0
IPCM0EL,LBN,HISTCR,PRIMAP-hist_v2.0,GgCO2eq,KyotoGHG-AR4-total-excl-LU,11600.0,11900.0,14000.0,15400.0,15800.0,17700.0,18100.0,19200.0,20800.0,20200.0,19000.0,20100.0,20000.0,22500.0,21300.0,20800.0,19000.0,18000.0,21900.0,25600.0,24800.0,25500.0,27300.0,26900.0,29600.0,22700.0,22200.0
IPCM0EL,LBR,HISTCR,PRIMAP-hist_v2.0,GgCO2eq,KyotoGHG-AR4-total-excl-LU,1650.0,1390.0,1350.0,1310.0,1280.0,1290.0,1350.0,1490.0,1620.0,1740.0,1870.0,1990.0,2020.0,2100.0,2320.0,2500.0,2610.0,2600.0,2610.0,2670.0,3030.0,3190.0,3340.0,3380.0,3420.0,3660.0,3780.0
IPCM0EL,LBY,HISTCR,PRIMAP-hist_v2.0,GgCO2eq,KyotoGHG-AR4-total-excl-LU,82200.0,88300.0,87200.0,93400.0,100000.0,104000.0,101000.0,88400.0,82300.0,76500.0,77900.0,76500.0,76100.0,81600.0,82700.0,87600.0,89000.0,84600.0,91000.0,90700.0,96500.0,61300.0,82800.0,87100.0,87600.0,83300.0,82900.0
IPCM0EL,LCA,HISTCR,PRIMAP-hist_v2.0,GgCO2eq,KyotoGHG-AR4-total-excl-LU,308.0,319.0,359.0,385.0,433.0,500.0,537.0,537.0,512.0,533.0,553.0,591.0,542.0,584.0,587.0,609.0,618.0,654.0,677.0,677.0,710.0,718.0,723.0,731.0,744.0,763.0,768.0
IPCM0EL,LIE,HISTCR,PRIMAP-hist_v2.0,GgCO2eq,KyotoGHG-AR4-total-excl-LU,247.0,253.0,252.0,258.0,245.0,249.0,250.0,262.0,273.0,270.0,262.0,261.0,267.0,278.0,279.0,280.0,283.0,254.0,274.0,259.0,245.0,231.0,240.0,247.0,216.0,213.0,202.0
IPCM0EL,LKA,HISTCR,PRIMAP-hist_v2.0,GgCO2eq,KyotoGHG-AR4-total-excl-LU,15000.0,14800.0,16000.0,16100.0,16900.0,17200.0,17700.0,18300.0,17700.0,19000.0,20500.0,20500.0,21400.0,21400.0,22400.0,23000.0,22900.0,23000.0,24000.0,24500.0,25200.0,27300.0,28100.0,27000.0,29400.0,32400.0,33500.0
IPCM0EL,LSO,HISTCR,PRIMAP-hist_v2.0,GgCO2eq,KyotoGHG-AR4-total-excl-LU,3380.0,3440.0,3670.0,3690.0,3700.0,3660.0,3630.0,3630.0,3580.0,4190.0,4150.0,4330.0,3990.0,4230.0,4120.0,4420.0,4260.0,4490.0,4360.0,4460.0,4620.0,4580.0,4680.0,4700.0,4700.0,4690.0,4770.0
IPCM0EL,LTU,HISTCR,PRIMAP-hist_v2.0,GgCO2eq,KyotoGHG-AR4-total-excl-LU,48600.0,50600.0,31300.0,25100.0,23700.0,22700.0,23700.0,23200.0,24200.0,21400.0,19800.0,20600.0,21000.0,21100.0,22000.0,23200.0,23500.0,25600.0,24700.0,20200.0,21000.0,21600.0,21500.0,20300.0,20300.0,20500.0,20400.0
IPCM0EL,LUX,HISTCR,PRIMAP-hist_v2.0,GgCO2eq,KyotoGHG-AR4-total-excl-LU,12900.0,13500.0,13300.0,13400.0,12600.0,10200.0,10300.0,9600.0,8720.0,9180.0,9760.0,10200.0,11000.0,11500.0,12900.0,13100.0,13000.0,12400.0,12200.0,11700.0,12300.0,12100.0,11900.0,11300.0,10900.0,10400.0,10100.0
IPCM0EL,LVA,HISTCR,PRIMAP-hist_v2.0,GgCO2eq,KyotoGHG-AR4-total-excl-LU,27000.0,24900.0,20100.0,16700.0,14800.0,13300.0,13400.0,12800.0,12300.0,11500.0,10900.0,11500.0,11500.0,11600.0,11600.0,11800.0,12400.0,12900.0,12400.0,11600.0,12800.0,12000.0,11900.0,11800.0,11700.0,11800.0,11800.0
IPCM0EL,MAR,HISTCR,PRIMAP-hist_v2.0,GgCO2eq,KyotoGHG-AR4-total-excl-LU,42500.0,43400.0,43700.0,44700.0,46800.0,48500.0,51500.0,54100.0,55700.0,59200.0,61600.0,67100.0,69400.0,70400.0,78800.0,83300.0,87600.0,90700.0,94700.0,95800.0,101000.0,98800.0,97500.0,105000.0,107000.0,110000.0,110000.0
IPCM0EL,MCO,HISTCR,PRIMAP-hist_v2.0,GgCO2eq,KyotoGHG-AR4-total-excl-LU,177.0,177.0,181.0,178.0,179.0,178.0,183.0,181.0,174.0,174.0,174.0,173.0,172.0,168.0,164.0,163.0,155.0,161.0,158.0,153.0,155.0,151.0,154.0,109.0,101.0,103.0,99.9
IPCM0EL,MDA,HISTCR,PRIMAP-hist_v2.0,GgCO2eq,KyotoGHG-AR4-total-excl-LU,44500.0,39800.0,29800.0,24200.0,22000.0,18400.0,18200.0,16800.0,15000.0,12700.0,11600.0,12300.0,12000.0,12500.0,13100.0,13600.0,12700.0,12400.0,13800.0,13900.0,14800.0,15000.0,14200.0,15000.0,14900.0,17600.0,17900.0
IPCM0EL,MDG,HISTCR,PRIMAP-hist_v2.0,GgCO2eq,KyotoGHG-AR4-total-excl-LU,22200.0,22400.0,22600.0,22900.0,23200.0,24900.0,26900.0,28800.0,30200.0,31000.0,30500.0,28200.0,26500.0,26400.0,26600.0,28700.0,30700.0,30800.0,30300.0,30500.0,30900.0,31400.0,32100.0,32400.0,32800.0,33700.0,34000.0
IPCM0EL,MDV,HISTCR,PRIMAP-hist_v2.0,GgCO2eq,KyotoGHG-AR4-total-excl-LU,206.0,188.0,266.0,235.0,238.0,295.0,339.0,380.0,353.0,477.0,497.0,510.0,645.0,560.0,723.0,659.0,820.0,845.0,909.0,952.0,1010.0,1060.0,1190.0,1170.0,1410.0,1340.0,1400.0
IPCM0EL,MEX,HISTCR,PRIMAP-hist_v2.0,GgCO2eq,KyotoGHG-AR4-total-excl-LU,423000.0,436000.0,437000.0,444000.0,470000.0,458000.0,481000.0,504000.0,529000.0,517000.0,550000.0,541000.0,537000.0,548000.0,578000.0,587000.0,609000.0,639000.0,676000.0,657000.0,673000.0,684000.0,680000.0,670000.0,684000.0,684000.0,718000.0
IPCM0EL,MHL,HISTCR,PRIMAP-hist_v2.0,GgCO2eq,KyotoGHG-AR4-total-excl-LU,97.3,102.0,101.0,110.0,114.0,115.0,116.0,116.0,120.0,117.0,130.0,135.0,140.0,141.0,146.0,142.0,153.0,164.0,167.0,175.0,178.0,177.0,178.0,176.0,194.0,204.0,231.0
IPCM0EL,MKD,HISTCR,PRIMAP-hist_v2.0,GgCO2eq,KyotoGHG-AR4-total-excl-LU,13700.0,12900.0,12400.0,12800.0,12400.0,12600.0,12300.0,13100.0,13700.0,13300.0,13000.0,13000.0,13300.0,12900.0,12900.0,13600.0,12900.0,13400.0,13700.0,13700.0,13800.0,13900.0,14100.0,13200.0,12900.0,12700.0,12600.0
IPCM0EL,MLI,HISTCR,PRIMAP-hist_v2.0,GgCO2eq,KyotoGHG-AR4-total-excl-LU,18200.0,18200.0,18300.0,18600.0,19000.0,19300.0,19200.0,19500.0,20800.0,22200.0,22800.0,24600.0,24300.0,24900.0,28700.0,28400.0,28800.0,29400.0,30900.0,30000.0,32800.0,33400.0,33600.0,35000.0,35700.0,37700.0,39800.0
IPCM0EL,MLT,HISTCR,PRIMAP-hist_v2.0,GgCO2eq,KyotoGHG-AR4-total-excl-LU,2150.0,2330.0,2540.0,2570.0,2740.0,2750.0,2720.0,2780.0,2790.0,2850.0,2860.0,2770.0,2750.0,2980.0,2900.0,3040.0,3100.0,3200.0,3190.0,2980.0,3020.0,3080.0,3290.0,2950.0,2970.0,2280.0,1970.0
IPCM0EL,MMR,HISTCR,PRIMAP-hist_v2.0,GgCO2eq,KyotoGHG-AR4-total-excl-LU,63000.0,62100.0,65400.0,67400.0,69900.0,72400.0,72400.0,71800.0,73500.0,78600.0,81600.0,80700.0,81800.0,85400.0,91000.0,93300.0,98700.0,101000.0,98600.0,100000.0,104000.0,106000.0,102000.0,106000.0,117000.0,120000.0,126000.0
IPCM0EL,MNE,HISTCR,PRIMAP-hist_v2.0,GgCO2eq,KyotoGHG-AR4-total-excl-LU,5980.0,6750.0,4940.0,3330.0,2490.0,4390.0,3200.0,4650.0,4980.0,5230.0,5870.0,5660.0,6300.0,5790.0,5600.0,5150.0,5430.0,5620.0,5250.0,3860.0,4880.0,5010.0,4520.0,4300.0,4350.0,4480.0,4670.0
IPCM0EL,MNG,HISTCR,PRIMAP-hist_v2.0,GgCO2eq,KyotoGHG-AR4-total-excl-LU,23700.0,25200.0,23400.0,22200.0,21700.0,22600.0,21400.0,22300.0,22800.0,22900.0,21400.0,18400.0,18000.0,18100.0,18900.0,21400.0,24600.0,26800.0,27700.0,28800.0,26000.0,28900.0,32300.0,35100.0,37300.0,39700.0,44500.0
IPCM0EL,MOZ,HISTCR,PRIMAP-hist_v2.0,GgCO2eq,KyotoGHG-AR4-total-excl-LU,20700.0,20900.0,21100.0,21500.0,21700.0,22000.0,21900.0,20600.0,22800.0,22100.0,21300.0,23700.0,22700.0,26200.0,25900.0,28100.0,27100.0,29000.0,30500.0,29400.0,31900.0,30500.0,32500.0,34800.0,39600.0,39000.0,39600.0
IPCM0EL,MRT,HISTCR,PRIMAP-hist_v2.0,GgCO2eq,KyotoGHG-AR4-total-excl-LU,4300.0,4380.0,4520.0,4700.0,5010.0,5000.0,5190.0,5310.0,5440.0,5690.0,5860.0,6060.0,6290.0,6350.0,6770.0,6910.0,7530.0,7950.0,8030.0,8340.0,8680.0,8930.0,9120.0,9440.0,9550.0,9870.0,10000.0
IPCM0EL,MUS,HISTCR,PRIMAP-hist_v2.0,GgCO2eq,KyotoGHG-AR4-total-excl-LU,2320.0,2390.0,2600.0,2670.0,2500.0,2830.0,2970.0,3070.0,3310.0,3680.0,4140.0,4550.0,4430.0,4610.0,4620.0,4740.0,5980.0,6160.0,6370.0,6420.0,6730.0,6850.0,6990.0,7230.0,7630.0,7980.0,8260.0
IPCM0EL,MWI,HISTCR,PRIMAP-hist_v2.0,GgCO2eq,KyotoGHG-AR4-total-excl-LU,5250.0,5450.0,5480.0,5610.0,5240.0,5430.0,5590.0,5690.0,5910.0,5960.0,6120.0,5980.0,6300.0,6730.0,7040.0,7180.0,7500.0,7850.0,8500.0,8520.0,9450.0,9690.0,9870.0,10400.0,11000.0,11500.0,11800.0
IPCM0EL,MYS,HISTCR,PRIMAP-hist_v2.0,GgCO2eq,KyotoGHG-AR4-total-excl-LU,96500.0,110000.0,118000.0,132000.0,140000.0,147000.0,169000.0,191000.0,184000.0,199000.0,214000.0,224000.0,232000.0,247000.0,264000.0,293000.0,292000.0,306000.0,317000.0,308000.0,337000.0,320000.0,323000.0,341000.0,350000.0,362000.0,371000.0
IPCM0EL,NAM,HISTCR,PRIMAP-hist_v2.0,GgCO2eq,KyotoGHG-AR4-total-excl-LU,9320.0,9730.0,9610.0,9520.0,9680.0,9680.0,9670.0,9790.0,10300.0,10300.0,10100.0,10600.0,10400.0,10800.0,11000.0,10800.0,11200.0,11200.0,12100.0,12100.0,11000.0,13000.0,13800.0,11100.0,12400.0,13000.0,13100.0
IPCM0EL,NER,HISTCR,PRIMAP-hist_v2.0,GgCO2eq,KyotoGHG-AR4-total-excl-LU,5790.0,6660.0,7550.0,8580.0,9470.0,10400.0,11600.0,12600.0,13800.0,14900.0,15300.0,14900.0,15800.0,16300.0,17000.0,17200.0,17400.0,18000.0,18700.0,19800.0,20900.0,21000.0,23000.0,24200.0,25500.0,25200.0,26200.0
IPCM0EL,NGA,HISTCR,PRIMAP-hist_v2.0,GgCO2eq,KyotoGHG-AR4-total-excl-LU,302000.0,313000.0,323000.0,328000.0,311000.0,319000.0,345000.0,313000.0,280000.0,262000.0,299000.0,312000.0,298000.0,326000.0,326000.0,328000.0,313000.0,304000.0,303000.0,276000.0,301000.0,312000.0,320000.0,308000.0,305000.0,318000.0,315000.0
IPCM0EL,NIC,HISTCR,PRIMAP-hist_v2.0,GgCO2eq,KyotoGHG-AR4-total-excl-LU,10100.0,8720.0,9710.0,10300.0,10500.0,10000.0,9980.0,10700.0,10900.0,12100.0,12500.0,12700.0,13100.0,13900.0,13700.0,13800.0,14200.0,14400.0,14200.0,14500.0,14600.0,15900.0,16100.0,16200.0,17100.0,18400.0,18700.0
IPCM0EL,NIU,HISTCR,PRIMAP-hist_v2.0,GgCO2eq,KyotoGHG-AR4-total-excl-LU,5.83,5.84,5.84,5.84,5.87,5.94,6.01,6.07,6.14,6.21,6.28,6.46,6.6,6.74,6.89,7.1,8.27,9.73,6.44,6.67,6.66,11.8,11.8,11.8,16.8,17.9,20.8
IPCM0EL,NLD,HISTCR,PRIMAP-hist_v2.0,GgCO2eq,KyotoGHG-AR4-total-excl-LU,222000.0,230000.0,230000.0,231000.0,232000.0,232000.0,243000.0,235000.0,235000.0,222000.0,220000.0,221000.0,219000.0,220000.0,221000.0,215000.0,210000.0,209000.0,208000.0,202000.0,214000.0,200000.0,195000.0,196000.0,188000.0,196000.0,196000.0
IPCM0EL,NOR,HISTCR,PRIMAP-hist_v2.0,GgCO2eq,KyotoGHG-AR4-total-excl-LU,52700.0,50200.0,48400.0,50400.0,52400.0,52100.0,55100.0,55000.0,55300.0,56200.0,55500.0,56900.0,55800.0,56400.0,57000.0,56000.0,55800.0,57600.0,56100.0,53400.0,56000.0,55100.0,54700.0,54400.0,54200.0,54800.0,54200.0
IPCM0EL,NPL,HISTCR,PRIMAP-hist_v2.0,GgCO2eq,KyotoGHG-AR4-total-excl-LU,23400.0,23700.0,23900.0,24700.0,25400.0,26700.0,27600.0,28200.0,28100.0,29200.0,29400.0,29800.0,29300.0,29900.0,30100.0,30800.0,30700.0,31000.0,32600.0,34200.0,35300.0,36400.0,37100.0,38200.0,40100.0,40100.0,41500.0
IPCM0EL,NRU,HISTCR,PRIMAP-hist_v2.0,GgCO2eq,KyotoGHG-AR4-total-excl-LU,41.5,41.9,41.2,39.6,38.8,36.1,33.4,31.4,28.5,24.9,21.5,29.0,36.4,43.8,42.1,37.8,27.5,24.9,31.4,37.9,44.4,41.3,41.3,45.0,48.1,50.8,58.6
IPCM0EL,NZL,HISTCR,PRIMAP-hist_v2.0,GgCO2eq,KyotoGHG-AR4-total-excl-LU,66300.0,67200.0,68500.0,68000.0,69200.0,70100.0,72200.0,75000.0,72600.0,74600.0,76700.0,79400.0,79900.0,82300.0,81900.0,83900.0,83900.0,81600.0,81500.0,78800.0,79200.0,79100.0,81400.0,80700.0,81400.0,81200.0,79300.0
IPCM0EL,OMN,HISTCR,PRIMAP-hist_v2.0,GgCO2eq,KyotoGHG-AR4-total-excl-LU,38300.0,36700.0,36900.0,38000.0,34900.0,36600.0,35700.0,36900.0,34500.0,38800.0,40500.0,41600.0,47500.0,56800.0,51800.0,54200.0,64500.0,68100.0,68200.0,67200.0,74600.0,82200.0,87500.0,91300.0,91600.0,95400.0,97300.0
IPCM0EL,PAK,HISTCR,PRIMAP-hist_v2.0,GgCO2eq,KyotoGHG-AR4-total-excl-LU,188000.0,190000.0,198000.0,208000.0,217000.0,222000.0,236000.0,239000.0,246000.0,254000.0,266000.0,271000.0,277000.0,291000.0,309000.0,319000.0,336000.0,353000.0,359000.0,367000.0,368000.0,377000.0,379000.0,385000.0,392000.0,406000.0,426000.0
IPCM0EL,PAN,HISTCR,PRIMAP-hist_v2.0,GgCO2eq,KyotoGHG-AR4-total-excl-LU,6630.0,7140.0,8280.0,8010.0,8410.0,7060.0,8770.0,9590.0,10000.0,9670.0,9760.0,11400.0,10200.0,10500.0,10100.0,11300.0,11800.0,11600.0,11900.0,13200.0,13800.0,14900.0,14900.0,15500.0,13400.0,15200.0,15800.0
IPCM0EL,PER,HISTCR,PRIMAP-hist_v2.0,GgCO2eq,KyotoGHG-AR4-total-excl-LU,53600.0,54600.0,54200.0,63100.0,60300.0,61700.0,67100.0,70500.0,66800.0,67000.0,69300.0,66800.0,67500.0,68400.0,76700.0,82300.0,78400.0,84700.0,82200.0,93700.0,101000.0,93000.0,97400.0,99100.0,103000.0,108000.0,112000.0
IPCM0EL,PHL,HISTCR,PRIMAP-hist_v2.0,GgCO2eq,KyotoGHG-AR4-total-excl-LU,107000.0,109000.0,113000.0,115000.0,124000.0,131000.0,135000.0,145000.0,137000.0,145000.0,150000.0,149000.0,151000.0,152000.0,157000.0,157000.0,151000.0,157000.0,165000.0,165000.0,173000.0,175000.0,181000.0,189000.0,196000.0,205000.0,210000.0
IPCM0EL,PLW,HISTCR,PRIMAP-hist_v2.0,GgCO2eq,KyotoGHG-AR4-total-excl-LU,237.0,237.0,237.0,237.0,237.0,237.0,238.0,241.0,241.0,245.0,252.0,256.0,252.0,255.0,255.0,263.0,267.0,263.0,256.0,248.0,256.0,256.0,256.0,259.0,263.0,280.0,331.0
IPCM0EL,PNG,HISTCR,PRIMAP-hist_v2.0,GgCO2eq,KyotoGHG-AR4-total-excl-LU,8490.0,8450.0,8500.0,8510.0,8740.0,8790.0,8870.0,9600.0,12100.0,9600.0,10300.0,10500.0,11100.0,11600.0,12400.0,13600.0,14100.0,15300.0,14900.0,13600.0,12800.0,13500.0,13300.0,15000.0,15200.0,15700.0,17000.0
IPCM0EL,POL,HISTCR,PRIMAP-hist_v2.0,GgCO2eq,KyotoGHG-AR4-total-excl-LU,477000.0,463000.0,450000.0,449000.0,443000.0,446000.0,459000.0,450000.0,419000.0,408000.0,397000.0,395000.0,385000.0,400000.0,403000.0,403000.0,418000.0,418000.0,411000.0,392000.0,411000.0,411000.0,403000.0,399000.0,386000.0,389000.0,400000.0
IPCM0EL,PRK,HISTCR,PRIMAP-hist_v2.0,GgCO2eq,KyotoGHG-AR4-total-excl-LU,222000.0,216000.0,192000.0,180000.0,166000.0,146000.0,124000.0,111000.0,92000.0,91500.0,89200.0,95300.0,94300.0,96300.0,98500.0,103000.0,105000.0,90300.0,98300.0,96900.0,92800.0,73900.0,75400.0,62600.0,67400.0,70000.0,77600.0
IPCM0EL,PRT,HISTCR,PRIMAP-hist_v2.0,GgCO2eq,KyotoGHG-AR4-total-excl-LU,60900.0,62900.0,67200.0,65800.0,66900.0,71500.0,69100.0,72400.0,77200.0,85200.0,84300.0,83800.0,87900.0,82600.0,85800.0,87800.0,83000.0,80800.0,78000.0,74900.0,70800.0,69700.0,67800.0,66000.0,65900.0,70300.0,68500.0
IPCM0EL,PRY,HISTCR,PRIMAP-hist_v2.0,GgCO2eq,KyotoGHG-AR4-total-excl-LU,25900.0,24400.0,25400.0,27600.0,29500.0,30900.0,29800.0,29600.0,29300.0,28800.0,26100.0,28500.0,29400.0,33500.0,33400.0,35400.0,37100.0,40900.0,40600.0,42800.0,46600.0,48400.0,49500.0,51900.0,55100.0,55300.0,54800.0
IPCM0EL,QAT,HISTCR,PRIMAP-hist_v2.0,GgCO2eq,KyotoGHG-AR4-total-excl-LU,28200.0,33700.0,42900.0,46200.0,45100.0,45300.0,48500.0,63300.0,57600.0,58600.0,63100.0,68600.0,68600.0,71500.0,76100.0,84200.0,99200.0,103000.0,110000.0,119000.0,134000.0,152000.0,172000.0,154000.0,180000.0,200000.0,204000.0
IPCM0EL,ROU,HISTCR,PRIMAP-hist_v2.0,GgCO2eq,KyotoGHG-AR4-total-excl-LU,249000.0,205000.0,190000.0,181000.0,177000.0,183000.0,186000.0,175000.0,157000.0,137000.0,143000.0,150000.0,149000.0,153000.0,152000.0,149000.0,152000.0,155000.0,150000.0,129000.0,123000.0,129000.0,126000.0,116000.0,116000.0,117000.0,114000.0
IPCM0EL,RUS,HISTCR,PRIMAP-hist_v2.0,GgCO2eq,KyotoGHG-AR4-total-excl-LU,3780000.0,3570000.0,3020000.0,2820000.0,2520000.0,2460000.0,2400000.0,2280000.0,2260000.0,2280000.0,2280000.0,2340000.0,2350000.0,2430000.0,2480000.0,2510000.0,2570000.0,2580000.0,2600000.0,2490000.0,2600000.0,2670000.0,2720000.0,2640000.0,2650000.0,2660000.0,2670000.0
IPCM0EL,RWA,HISTCR,PRIMAP-hist_v2.0,GgCO2eq,KyotoGHG-AR4-total-excl-LU,3450.0,3430.0,3360.0,3240.0,3100.0,3120.0,3330.0,3680.0,3910.0,4270.0,4110.0,4320.0,4440.0,4770.0,5100.0,5330.0,5680.0,5940.0,6210.0,6400.0,6720.0,6720.0,6890.0,7060.0,7130.0,7320.0,7630.0
IPCM0EL,SAU,HISTCR,PRIMAP-hist_v2.0,GgCO2eq,KyotoGHG-AR4-total-excl-LU,227000.0,288000.0,301000.0,319000.0,336000.0,281000.0,304000.0,275000.0,267000.0,279000.0,345000.0,351000.0,376000.0,390000.0,446000.0,454000.0,488000.0,455000.0,499000.0,525000.0,576000.0,562000.0,615000.0,599000.0,654000.0,671000.0,676000.0
IPCM0EL,SDN,HISTCR,PRIMAP-hist_v2.0,GgCO2eq,KyotoGHG-AR4-total-excl-LU,49800.0,51300.0,55700.0,58400.0,64200.0,65600.0,67700.0,70700.0,72300.0,75000.0,78800.0,80900.0,85200.0,88000.0,91300.0,93100.0,93200.0,97200.0,97700.0,99600.0,99400.0,97600.0,99800.0,103000.0,102000.0,105000.0,106000.0
IPCM0EL,SEN,HISTCR,PRIMAP-hist_v2.0,GgCO2eq,KyotoGHG-AR4-total-excl-LU,14300.0,14800.0,15000.0,15400.0,15900.0,15600.0,16000.0,15400.0,15400.0,16500.0,17500.0,18900.0,17600.0,17100.0,18700.0,19700.0,19100.0,18800.0,19700.0,19100.0,23500.0,24000.0,22500.0,23900.0,24100.0,24900.0,25100.0
IPCM0EL,SGP,HISTCR,PRIMAP-hist_v2.0,GgCO2eq,KyotoGHG-AR4-total-excl-LU,23300.0,23900.0,25300.0,26800.0,32200.0,26900.0,32800.0,41600.0,39000.0,43000.0,48200.0,50900.0,43900.0,32400.0,30700.0,32900.0,34100.0,25800.0,39400.0,55100.0,55400.0,55700.0,57300.0,82500.0,83800.0,88700.0,94500.0
IPCM0EL,SLB,HISTCR,PRIMAP-hist_v2.0,GgCO2eq,KyotoGHG-AR4-total-excl-LU,254.0,257.0,254.0,257.0,253.0,263.0,267.0,268.0,269.0,280.0,290.0,297.0,303.0,312.0,320.0,318.0,327.0,350.0,363.0,374.0,381.0,384.0,388.0,398.0,403.0,421.0,464.0
IPCM0EL,SLE,HISTCR,PRIMAP-hist_v2.0,GgCO2eq,KyotoGHG-AR4-total-excl-LU,3540.0,3560.0,3460.0,3520.0,3510.0,3290.0,3300.0,3340.0,3240.0,3090.0,3110.0,3420.0,3760.0,3960.0,4400.0,4600.0,5310.0,4690.0,5040.0,5150.0,5440.0,5940.0,6530.0,6870.0,6840.0,6460.0,7390.0
IPCM0EL,SLV,HISTCR,PRIMAP-hist_v2.0,GgCO2eq,KyotoGHG-AR4-total-excl-LU,7150.0,7950.0,8190.0,8520.0,9390.0,9500.0,9550.0,10600.0,10500.0,10500.0,10300.0,10900.0,11000.0,11400.0,11400.0,11700.0,12200.0,12400.0,12100.0,11700.0,11500.0,11400.0,11700.0,10300.0,10600.0,12200.0,12400.0
IPCM0EL,SMR,HISTCR,PRIMAP-hist_v2.0,GgCO2eq,KyotoGHG-AR4-total-excl-LU,216.0,221.0,221.0,220.0,221.0,236.0,238.0,243.0,251.0,256.0,264.0,265.0,269.0,277.0,280.0,281.0,280.0,279.0,273.0,251.0,257.0,254.0,242.0,208.0,196.0,220.0,217.0
IPCM0EL,SOM,HISTCR,PRIMAP-hist_v2.0,GgCO2eq,KyotoGHG-AR4-total-excl-LU,25300.0,22400.0,20400.0,22300.0,24200.0,24800.0,25300.0,25900.0,25800.0,26000.0,26400.0,27000.0,27400.0,27600.0,28300.0,28900.0,27600.0,26500.0,26600.0,26700.0,27000.0,27200.0,27500.0,27800.0,28000.0,28300.0,28200.0
IPCM0EL,SRB,HISTCR,PRIMAP-hist_v2.0,GgCO2eq,KyotoGHG-AR4-total-excl-LU,78700.0,56300.0,62100.0,55300.0,53900.0,56800.0,64600.0,68700.0,71100.0,53600.0,57800.0,61200.0,64600.0,67500.0,73700.0,70400.0,74600.0,73900.0,73400.0,68200.0,68300.0,72400.0,67900.0,68700.0,61600.0,72200.0,75000.0
IPCM0EL,SSD,HISTCR,PRIMAP-hist_v2.0,GgCO2eq,KyotoGHG-AR4-total-excl-LU,37500.0,38100.0,39800.0,41100.0,42700.0,43200.0,42400.0,43800.0,46900.0,47800.0,51400.0,45400.0,53000.0,51200.0,52400.0,55100.0,49100.0,55300.0,53600.0,54900.0,49300.0,52200.0,53000.0,53500.0,55000.0,54900.0,55200.0
IPCM0EL,STP,HISTCR,PRIMAP-hist_v2.0,GgCO2eq,KyotoGHG-AR4-total-excl-LU,84.5,86.1,86.9,87.3,87.1,88.0,88.7,90.1,90.0,91.5,105.0,109.0,118.0,130.0,137.0,143.0,148.0,151.0,154.0,164.0,172.0,178.0,190.0,195.0,198.0,226.0,235.0
IPCM0EL,SUR,HISTCR,PRIMAP-hist_v2.0,GgCO2eq,KyotoGHG-AR4-total-excl-LU,3170.0,3500.0,3620.0,3480.0,3460.0,3510.0,3590.0,3560.0,3510.0,3250.0,3230.0,3410.0,2430.0,2500.0,2510.0,2500.0,2680.0,2670.0,2920.0,3050.0,3460.0,3050.0,3290.0,2960.0,3080.0,3350.0,3420.0
IPCM0EL,SVK,HISTCR,PRIMAP-hist_v2.0,GgCO2eq,KyotoGHG-AR4-total-excl-LU,74200.0,64600.0,59100.0,55600.0,53000.0,54200.0,54600.0,54400.0,52900.0,51700.0,49800.0,52300.0,50400.0,50700.0,51400.0,51300.0,51100.0,49300.0,49800.0,45400.0,46400.0,45400.0,43200.0,42800.0,40700.0,41100.0,41200.0
IPCM0EL,SVN,HISTCR,PRIMAP-hist_v2.0,GgCO2eq,KyotoGHG-AR4-total-excl-LU,20400.0,18900.0,19600.0,19500.0,19900.0,19800.0,20500.0,20600.0,20300.0,19500.0,19800.0,20700.0,20900.0,20600.0,20900.0,21200.0,21400.0,21600.0,22300.0,20300.0,20400.0,20400.0,19800.0,19100.0,17400.0,17500.0,18400.0
IPCM0EL,SWE,HISTCR,PRIMAP-hist_v2.0,GgCO2eq,KyotoGHG-AR4-total-excl-LU,74300.0,74300.0,73800.0,74000.0,76500.0,76400.0,79900.0,75200.0,75700.0,72800.0,71500.0,72200.0,72900.0,72800.0,71800.0,69300.0,71000.0,68700.0,66400.0,61600.0,67900.0,63100.0,59600.0,58700.0,57100.0,56200.0,55600.0
IPCM0EL,SWZ,HISTCR,PRIMAP-hist_v2.0,GgCO2eq,KyotoGHG-AR4-total-excl-LU,2080.0,2090.0,2070.0,1770.0,2130.0,2130.0,2060.0,2840.0,2810.0,2870.0,2760.0,2670.0,2660.0,2630.0,2690.0,2680.0,2580.0,2720.0,2690.0,2560.0,2490.0,2490.0,2670.0,2620.0,2710.0,2720.0,2710.0
IPCM0EL,SYC,HISTCR,PRIMAP-hist_v2.0,GgCO2eq,KyotoGHG-AR4-total-excl-LU,224.0,252.0,248.0,260.0,269.0,267.0,302.0,414.0,499.0,577.0,653.0,716.0,629.0,646.0,833.0,787.0,830.0,747.0,808.0,639.0,560.0,460.0,558.0,532.0,628.0,571.0,559.0
IPCM0EL,SYR,HISTCR,PRIMAP-hist_v2.0,GgCO2eq,KyotoGHG-AR4-total-excl-LU,64800.0,73300.0,77400.0,83200.0,85300.0,78400.0,77900.0,73900.0,81700.0,82100.0,79600.0,73000.0,61900.0,77500.0,73800.0,73900.0,76900.0,90100.0,89900.0,85100.0,83900.0,79100.0,65200.0,54600.0,47800.0,62700.0,60500.0
IPCM0EL,TCD,HISTCR,PRIMAP-hist_v2.0,GgCO2eq,KyotoGHG-AR4-total-excl-LU,16800.0,17000.0,17300.0,17400.0,17600.0,17900.0,18400.0,18800.0,18800.0,19900.0,21800.0,20600.0,22400.0,24000.0,24100.0,25200.0,24600.0,25800.0,25800.0,24300.0,25100.0,26700.0,26600.0,27500.0,27900.0,29100.0,29600.0
IPCM0EL,TGO,HISTCR,PRIMAP-hist_v2.0,GgCO2eq,KyotoGHG-AR4-total-excl-LU,5910.0,5730.0,5890.0,6420.0,6220.0,5980.0,6800.0,7360.0,6860.0,7930.0,7240.0,7440.0,7840.0,8350.0,8540.0,8530.0,8180.0,8250.0,8520.0,10300.0,10900.0,10500.0,11700.0,11100.0,12300.0,12800.0,13200.0
IPCM0EL,THA,HISTCR,PRIMAP-hist_v2.0,GgCO2eq,KyotoGHG-AR4-total-excl-LU,185000.0,198000.0,210000.0,225000.0,239000.0,259000.0,278000.0,286000.0,264000.0,278000.0,282000.0,297000.0,311000.0,334000.0,354000.0,360000.0,366000.0,375000.0,378000.0,397000.0,419000.0,413000.0,435000.0,436000.0,449000.0,453000.0,456000.0
IPCM0EL,TJK,HISTCR,PRIMAP-hist_v2.0,GgCO2eq,KyotoGHG-AR4-total-excl-LU,28700.0,30000.0,25900.0,21700.0,15500.0,12500.0,10300.0,10200.0,8910.0,8520.0,8420.0,8380.0,8310.0,8660.0,9630.0,9170.0,9820.0,9040.0,9120.0,9730.0,9670.0,9350.0,10000.0,10700.0,11900.0,11800.0,12000.0
IPCM0EL,TKM,HISTCR,PRIMAP-hist_v2.0,GgCO2eq,KyotoGHG-AR4-total-excl-LU,58500.0,58400.0,41100.0,43900.0,40000.0,40500.0,42600.0,33400.0,36800.0,48300.0,57600.0,60200.0,65300.0,72200.0,71500.0,76500.0,79800.0,81800.0,86200.0,68700.0,76000.0,86200.0,91700.0,94100.0,96200.0,102000.0,104000.0
IPCM0EL,TLS,HISTCR,PRIMAP-hist_v2.0,GgCO2eq,KyotoGHG-AR4-total-excl-LU,621.0,718.0,736.0,771.0,922.0,960.0,1030.0,1090.0,1170.0,1360.0,1650.0,1510.0,1470.0,1470.0,2160.0,1780.0,1950.0,2390.0,2420.0,2590.0,2430.0,2650.0,2690.0,2970.0,3100.0,3170.0,3320.0
IPCM0EL,TON,HISTCR,PRIMAP-hist_v2.0,GgCO2eq,KyotoGHG-AR4-total-excl-LU,174.0,194.0,172.0,186.0,192.0,190.0,177.0,197.0,186.0,211.0,198.0,190.0,203.0,241.0,215.0,218.0,232.0,216.0,224.0,262.0,240.0,209.0,228.0,236.0,228.0,236.0,259.0
IPCM0EL,TTO,HISTCR,PRIMAP-hist_v2.0,GgCO2eq,KyotoGHG-AR4-total-excl-LU,26600.0,27100.0,29400.0,27500.0,27500.0,26000.0,31400.0,28600.0,31100.0,36500.0,39500.0,43300.0,47200.0,53600.0,57800.0,68100.0,75600.0,79300.0,78000.0,78300.0,83300.0,81400.0,77300.0,86800.0,88400.0,89400.0,87300.0
IPCM0EL,TUN,HISTCR,PRIMAP-hist_v2.0,GgCO2eq,KyotoGHG-AR4-total-excl-LU,20700.0,23600.0,24200.0,26200.0,25200.0,24900.0,26700.0,26700.0,28200.0,28900.0,30400.0,31300.0,31100.0,31500.0,32700.0,33400.0,34100.0,35100.0,36300.0,36800.0,39300.0,37800.0,38800.0,39200.0,40600.0,37800.0,37600.0
IPCM0EL,TUR,HISTCR,PRIMAP-hist_v2.0,GgCO2eq,KyotoGHG-AR4-total-excl-LU,220000.0,227000.0,233000.0,241000.0,235000.0,250000.0,267000.0,280000.0,282000.0,280000.0,301000.0,281000.0,287000.0,307000.0,319000.0,340000.0,365000.0,397000.0,396000.0,403000.0,409000.0,439000.0,453000.0,446000.0,459000.0,477000.0,504000.0
IPCM0EL,TUV,HISTCR,PRIMAP-hist_v2.0,GgCO2eq,KyotoGHG-AR4-total-excl-LU,15.8,16.5,16.6,16.5,16.6,16.7,16.7,16.9,16.9,17.1,17.1,17.1,21.0,21.1,21.2,21.2,17.7,21.5,21.6,21.7,18.2,18.3,22.1,22.1,22.3,23.1,25.3
IPCM0EL,TZA,HISTCR,PRIMAP-hist_v2.0,GgCO2eq,KyotoGHG-AR4-total-excl-LU,43200.0,43800.0,43900.0,44800.0,45000.0,49500.0,47500.0,46800.0,50600.0,52200.0,50400.0,55500.0,55900.0,61300.0,61400.0,65100.0,63300.0,65800.0,68200.0,69200.0,73100.0,76800.0,79800.0,85000.0,86900.0,90100.0,92200.0
IPCM0EL,UGA,HISTCR,PRIMAP-hist_v2.0,GgCO2eq,KyotoGHG-AR4-total-excl-LU,18200.0,18700.0,19200.0,19700.0,19500.0,19900.0,20200.0,21200.0,22500.0,22200.0,22700.0,23600.0,24100.0,26400.0,26700.0,29800.0,27400.0,31000.0,37300.0,37100.0,39600.0,39700.0,41300.0,42400.0,43300.0,45300.0,47200.0
IPCM0EL,UKR,HISTCR,PRIMAP-hist_v2.0,GgCO2eq,KyotoGHG-AR4-total-excl-LU,952000.0,865000.0,807000.0,716000.0,609000.0,564000.0,517000.0,500000.0,476000.0,444000.0,422000.0,445000.0,431000.0,440000.0,441000.0,445000.0,463000.0,466000.0,454000.0,393000.0,409000.0,430000.0,420000.0,410000.0,364000.0,321000.0,341000.0
IPCM0EL,URY,HISTCR,PRIMAP-hist_v2.0,GgCO2eq,KyotoGHG-AR4-total-excl-LU,31400.0,33100.0,35000.0,35100.0,34600.0,34800.0,36200.0,35800.0,35100.0,36000.0,33900.0,33600.0,33700.0,33200.0,33800.0,35100.0,38000.0,37100.0,40300.0,40100.0,37600.0,40100.0,42100.0,40900.0,40200.0,41100.0,41300.0
IPCM0EL,USA,HISTCR,PRIMAP-hist_v2.0,GgCO2eq,KyotoGHG-AR4-total-excl-LU,6510000.0,6450000.0,6560000.0,6670000.0,6770000.0,6850000.0,7040000.0,7100000.0,7160000.0,7190000.0,7350000.0,7230000.0,7260000.0,7300000.0,7430000.0,7430000.0,7360000.0,7450000.0,7240000.0,6780000.0,7010000.0,6850000.0,6610000.0,6780000.0,6830000.0,6700000.0,6570000.0
IPCM0EL,UZB,HISTCR,PRIMAP-hist_v2.0,GgCO2eq,KyotoGHG-AR4-total-excl-LU,192000.0,195000.0,189000.0,221000.0,200000.0,201000.0,206000.0,196000.0,188000.0,198000.0,216000.0,219000.0,225000.0,222000.0,219000.0,217000.0,236000.0,236000.0,252000.0,228000.0,220000.0,224000.0,226000.0,230000.0,234000.0,242000.0,234000.0
IPCM0EL,VCT,HISTCR,PRIMAP-hist_v2.0,GgCO2eq,KyotoGHG-AR4-total-excl-LU,152.0,141.0,145.0,160.0,171.0,179.0,183.0,184.0,233.0,264.0,266.0,297.0,293.0,299.0,320.0,322.0,323.0,332.0,334.0,418.0,327.0,308.0,362.0,320.0,320.0,329.0,335.0
IPCM0EL,VEN,HISTCR,PRIMAP-hist_v2.0,GgCO2eq,KyotoGHG-AR4-total-excl-LU,192000.0,187000.0,178000.0,200000.0,208000.0,221000.0,211000.0,225000.0,260000.0,261000.0,242000.0,261000.0,279000.0,277000.0,242000.0,257000.0,262000.0,253000.0,274000.0,274000.0,278000.0,269000.0,299000.0,279000.0,281000.0,272000.0,265000.0
IPCM0EL,VNM,HISTCR,PRIMAP-hist_v2.0,GgCO2eq,KyotoGHG-AR4-total-excl-LU,83500.0,86500.0,88400.0,91700.0,97100.0,104000.0,115000.0,128000.0,137000.0,143000.0,152000.0,160000.0,175000.0,188000.0,209000.0,218000.0,226000.0,232000.0,248000.0,268000.0,282000.0,290000.0,281000.0,289000.0,308000.0,340000.0,358000.0
IPCM0EL,VUT,HISTCR,PRIMAP-hist_v2.0,GgCO2eq,KyotoGHG-AR4-total-excl-LU,439.0,452.0,469.0,496.0,501.0,507.0,528.0,529.0,527.0,532.0,510.0,493.0,490.0,508.0,491.0,500.0,498.0,626.0,630.0,623.0,637.0,663.0,651.0,648.0,703.0,720.0,749.0
IPCM0EL,WSM,HISTCR,PRIMAP-hist_v2.0,GgCO2eq,KyotoGHG-AR4-total-excl-LU,295.0,298.0,298.0,302.0,308.0,310.0,319.0,324.0,330.0,341.0,364.0,384.0,363.0,374.0,373.0,383.0,388.0,387.0,392.0,408.0,419.0,442.0,439.0,444.0,476.0,513.0,541.0
IPCM0EL,YEM,HISTCR,PRIMAP-hist_v2.0,GgCO2eq,KyotoGHG-AR4-total-excl-LU,17900.0,17400.0,18400.0,17500.0,23200.0,23500.0,24100.0,27300.0,26000.0,28500.0,30200.0,31700.0,31300.0,35000.0,36500.0,39600.0,43900.0,48500.0,47400.0,52800.0,52000.0,46700.0,44400.0,55500.0,53800.0,51900.0,52300.0
IPCM0EL,ZAF,HISTCR,PRIMAP-hist_v2.0,GgCO2eq,KyotoGHG-AR4-total-excl-LU,374000.0,385000.0,363000.0,381000.0,400000.0,422000.0,431000.0,455000.0,451000.0,448000.0,448000.0,448000.0,462000.0,484000.0,503000.0,499000.0,507000.0,534000.0,534000.0,525000.0,532000.0,548000.0,534000.0,544000.0,546000.0,527000.0,531000.0
IPCM0EL,ZMB,HISTCR,PRIMAP-hist_v2.0,GgCO2eq,KyotoGHG-AR4-total-excl-LU,27800.0,28000.0,28100.0,28300.0,28000.0,27400.0,26500.0,27400.0,29100.0,27400.0,26600.0,28700.0,27000.0,29100.0,30300.0,31600.0,29100.0,29700.0,30500.0,30100.0,32300.0,31900.0,34500.0,36000.0,36300.0,36400.0,36600.0
IPCM0EL,ZWE,HISTCR,PRIMAP-hist_v2.0,GgCO2eq,KyotoGHG-AR4-total-excl-LU,27600.0,26900.0,28600.0,25400.0,27500.0,33200.0,42200.0,48400.0,57400.0,69900.0,70500.0,63400.0,51400.0,42700.0,36100.0,30600.0,22900.0,22600.0,20500.0,19000.0,22200.0,24300.0,21500.0,24300.0,23100.0,23700.0,25100.0
