country,unit,variable,1990,1991,1992,1993,1994,1995,1996,1997,1998,1999,2000,2001,2002,2003,2004,2005,2006,2007,2008,2009,2010,2011,2012,2013,2014,2015
AFG,tCO2 / capita,CO2-total-excl-LU-per-population,0.232669889,0.203176057,0.114439136,0.101357401,0.087183856,0.079534299,0.072378859,0.065826678,0.060962683,0.048186746,0.046482101,0.047504436,0.056870081,0.059831299,0.046851071,0.060229435,0.070288046,0.09129575,0.159741886,0.247461723,0.299967014,0.417387572,0.358341696,0.321445238,0.344953694,0.358662047
AGO,tCO2 / capita,CO2-total-excl-LU-per-population,0.421478443,0.407059544,0.401747486,0.432715242,0.282487896,0.770902279,0.715147589,0.490424105,0.472126539,0.576184002,0.582084073,0.572916894,0.722714031,0.497160718,0.996516644,0.976855081,1.095625449,1.195369757,1.176501947,1.223971373,1.236674141,1.246977267,1.326896755,1.250079813,1.285267499,1.360407232
ALB,tCO2 / capita,CO2-total-excl-LU-per-population,1.203734686,1.700539563,1.036849188,1.025212387,1.120806726,1.11370905,1.086595167,1.121873263,1.356419748,1.457194432,1.02819694,1.175374903,1.240770766,1.324330883,1.417158987,1.386733282,1.368548464,1.494754964,1.537612509,1.691062179,1.788796218,2.036451804,1.904084158,1.952738253,2.204894249,1.966920166
AND,tCO2 / capita,CO2-total-excl-LU-per-population,7.888605551,7.711175028,7.573699226,7.46256417,7.323260526,7.611589663,8.017402113,8.192516362,8.621496056,8.948267827,8.992200642,8.716829272,8.46550272,8.11675002,8.118671633,8.013491067,7.445271697,7.244536362,7.11892298,6.807795222,6.856209073,6.579025922,6.6115903,6.63464871,6.576373023,6.90901633
ARE,tCO2 / capita,CO2-total-excl-LU-per-population,24.9439031,25.7864617,24.82461029,26.50170676,27.74096636,25.93085649,20.73107171,20.48140562,26.81328826,24.83131771,33.28129829,30.36651481,25.60423719,31.26727049,31.80092815,30.35224766,28.42409203,27.13404732,27.55908596,26.34876662,23.57725189,23.1767748,24.04372002,22.87297184,28.11197651,30.04052084
ARG,tCO2 / capita,CO2-total-excl-LU-per-population,3.391411096,3.584994094,3.65471544,3.605883712,3.732842489,3.543382171,3.783207314,3.851094474,3.945742999,3.929265794,4.020783728,3.682798043,3.48382673,3.654457568,3.950559038,4.087316525,4.322669317,4.603426791,4.65549475,4.460849149,4.608978061,4.777122165,4.703452208,4.771987727,4.769492188,4.767633709
ARM,tCO2 / capita,CO2-total-excl-LU-per-population,6.161385916,5.819840006,7.26151022,2.964528539,3.008837699,3.387889755,2.345169125,2.49274996,2.126301676,1.508570526,1.088093907,1.114514752,0.988827241,1.113391649,1.206420557,1.438989367,1.466959608,1.752438412,1.98059294,1.62017099,1.623043182,1.895269165,2.186041121,2.063238787,2.06453744,2.33463035
ATG,tCO2 / capita,CO2-total-excl-LU-per-population,4.962816361,4.694905433,4.588831894,4.604077898,4.461858085,4.455371575,4.588247739,4.669470922,4.69624676,4.729259083,4.821496937,4.785026512,4.98458257,5.315431936,5.472653727,5.501215645,5.603481689,5.832722338,5.89329354,6.144409656,6.232767454,6.059403044,6.117155936,6.061907098,6.139064475,6.264823914
AUS,tCO2 / capita,CO2-total-excl-LU-per-population,16.37186455,16.26922475,16.35599054,16.39577918,16.49635623,16.9278282,17.13033034,17.4359532,18.00156389,18.28869549,18.409892,18.6314132,18.63909833,18.83538241,19.24963615,19.17099953,19.15075072,19.19160015,19.02308226,18.86007846,18.44479293,18.01617532,17.87760492,17.23487844,16.82664905,16.97510659
AUT,tCO2 / capita,CO2-total-excl-LU-per-population,8.130556015,8.529853393,7.76408124,7.741932868,7.738565829,8.07246849,8.493534998,8.477661052,8.431734662,8.210044996,8.253528569,8.743171558,8.912752391,9.552521254,9.541421514,9.668449716,9.306272319,8.939116914,8.874547833,8.08837427,8.632632612,8.321646778,7.983518261,7.950773288,7.459557384,7.708565968
AZE,tCO2 / capita,CO2-total-excl-LU-per-population,7.897530917,7.230268841,6.263439461,5.209871427,4.503033626,4.745720685,3.857144112,3.684231577,3.617064736,3.50131144,3.619467862,3.562157638,3.576168462,3.767330167,3.953185759,4.239567911,4.588540583,3.461594186,4.080749879,3.406388794,3.332426603,3.454919154,3.637377431,3.58006937,3.724837225,4.013523703
BDI,tCO2 / capita,CO2-total-excl-LU-per-population,0.0550281,0.059364336,0.054582656,0.056312179,0.056202672,0.056188652,0.056777626,0.057427099,0.056899446,0.056856731,0.058899753,0.047743771,0.047318362,0.039119169,0.04343921,0.03664144,0.040258813,0.03992658,0.039574958,0.0381669,0.041747795,0.041355633,0.044207384,0.043853317,0.058432296,0.059612109
BEL,tCO2 / capita,CO2-total-excl-LU-per-population,12.19202154,12.45088747,12.30390527,12.15574294,12.40655819,12.46772014,12.83272639,12.22638691,12.79634404,12.18898584,12.35164291,12.30737147,12.2529097,12.38118858,12.40444167,12.04146892,11.77072474,11.40417664,11.31812246,10.0365644,10.51309479,9.534115016,9.202827614,9.236415654,8.699402745,8.947602485
BEN,tCO2 / capita,CO2-total-excl-LU-per-population,0.143818535,0.160792341,0.169361096,0.204644785,0.220502536,0.223518252,0.210033738,0.198992651,0.191645937,0.240092508,0.237403384,0.260006983,0.289223584,0.317795695,0.327741766,0.304426397,0.460027728,0.51804947,0.496727806,0.510916737,0.544609082,0.548579285,0.551948986,0.571745516,0.605635698,0.588126724
BFA,tCO2 / capita,CO2-total-excl-LU-per-population,0.072976679,0.076242386,0.074754389,0.072546636,0.072734029,0.068781803,0.074907847,0.082602428,0.085333536,0.088188103,0.095624186,0.089580326,0.087854162,0.091666119,0.091323717,0.090150969,0.10485078,0.122087948,0.133426587,0.130109446,0.128162268,0.13928699,0.159915844,0.18157619,0.165472751,0.14797944
BGD,tCO2 / capita,CO2-total-excl-LU-per-population,0.136549444,0.137039933,0.150150234,0.145124938,0.154928979,0.191227347,0.20367834,0.210730902,0.205618177,0.217004317,0.231795956,0.263222337,0.26793427,0.279817865,0.290855073,0.300492708,0.324005274,0.327580977,0.342056527,0.354924088,0.38317676,0.397630031,0.418039119,0.41441559,0.433486271,0.506821036
BGR,tCO2 / capita,CO2-total-excl-LU-per-population,8.912644883,6.878151773,6.604241029,6.856432027,6.714126534,6.933852716,7.103341682,6.831694092,6.525294302,5.838686392,5.764094493,6.254298254,5.9368789,6.54802399,6.444310823,6.63737286,6.819708801,7.427035652,7.190095883,6.142679147,6.482465606,7.245575951,6.648078493,5.862809434,6.258528457,6.70159484
BHR,tCO2 / capita,CO2-total-excl-LU-per-population,27.42316976,25.6981158,23.3230801,30.39836781,29.84053509,29.2709407,29.72343382,32.10461735,32.7520523,31.26251875,30.69450839,22.65073851,23.94075751,23.37195699,23.13676722,23.95497814,22.11987721,28.18829394,28.79982774,25.82215288,25.38557873,24.17331563,22.22705902,25.61936916,25.29188557,19.46269832
BHS,tCO2 / capita,CO2-total-excl-LU-per-population,8.855564571,8.080699766,8.003486965,7.523094795,7.394117327,7.246118151,7.153176645,6.028504722,7.067503275,6.982954778,6.881734869,6.465766078,6.372166893,6.080837129,6.604118738,6.53001224,6.193609862,6.163679278,5.506544758,5.83335212,5.792169209,6.301695729,6.5046944,8.641713498,7.509766622,7.651781883
BIH,tCO2 / capita,CO2-total-excl-LU-per-population,5.981957341,5.650101347,2.090039664,1.232877014,1.367498511,1.280012654,1.801407161,2.486388157,3.492881587,3.484860012,3.796420533,3.924392859,4.131567106,4.101346115,4.363593665,4.44264623,4.7361163,4.716481187,5.234351481,5.284846557,5.427067202,6.018111262,5.619209473,5.603330264,6.309587039,5.910698676
BLR,tCO2 / capita,CO2-total-excl-LU-per-population,10.27714424,9.573174303,8.904181032,7.695693647,6.408898539,5.767917914,5.905586586,6.254305419,5.96029467,5.747510272,5.617293775,5.672057248,5.720326799,5.90345803,6.510348043,6.69331312,7.216677774,6.972942049,7.226002755,6.788781096,7.220467365,6.907113059,7.010334965,7.205475908,7.158784044,6.673152169
BLZ,tCO2 / capita,CO2-total-excl-LU-per-population,1.679534209,1.899270638,1.847496616,1.92798154,1.874312008,1.840908761,1.460154627,1.773417687,1.628424033,1.476826789,1.621413986,1.772660245,1.666628529,1.62746628,1.441564133,1.507358522,1.544297964,1.61524361,1.443665997,1.88577672,1.682172085,1.843908722,1.43153718,1.507927515,1.424533828,1.739551558
BOL,tCO2 / capita,CO2-total-excl-LU-per-population,0.791978815,0.820877048,0.89880305,0.96510433,1.103943045,1.160345164,1.154527478,1.162516652,1.117582374,0.967894263,0.938903859,0.829765635,1.046993966,1.105509158,1.089460545,1.19446701,1.454218926,1.17566762,1.239602056,1.291149233,1.381293177,1.438728569,1.650551167,1.634573892,1.742068075,1.566476654
BRA,tCO2 / capita,CO2-total-excl-LU-per-population,1.506506652,1.566030797,1.546282253,1.59101211,1.634261914,1.725236261,1.825201418,1.909932775,1.945106394,1.979633588,2.0594727,2.047812253,2.014976091,2.000195647,2.051549007,2.059733767,2.058065901,2.13582779,2.217857568,2.078031403,2.291710114,2.29507072,2.398273048,2.450488376,2.53656556,2.451907319
BRB,tCO2 / capita,CO2-total-excl-LU-per-population,4.109473296,4.592861927,3.722576511,4.257114513,2.859686003,3.14010847,3.203706071,3.349004477,4.217204702,4.462260432,4.372848318,4.470140569,4.457083079,4.627963182,4.687082328,4.853855165,4.908394809,4.888647474,5.769528954,5.745681761,5.222324364,5.416944344,5.184935277,5.097182745,4.446248037,4.573969889
BRN,tCO2 / capita,CO2-total-excl-LU-per-population,23.99675406,20.016975,19.09016911,17.71067361,16.26802521,16.151175,16.04862504,16.28006845,16.57153956,12.0445372,14.19393172,13.31894613,12.68497724,13.07341202,13.96294535,13.7748591,13.20729237,22.51483205,24.10007067,20.55908195,21.17521137,24.6692368,24.26528713,19.29921423,22.20041583,22.75220217
BTN,tCO2 / capita,CO2-total-excl-LU-per-population,0.279184038,0.368520187,0.428954424,0.409086304,0.441430156,0.584605644,0.6701561,0.851057392,0.83924339,0.823254888,0.802209914,0.771709634,0.827837777,0.741056792,0.613792048,0.726426545,0.702142725,0.691454208,0.76467651,1.003557942,1.150292521,1.390933276,1.487448985,1.568707424,1.661411968,1.600231653
BWA,tCO2 / capita,CO2-total-excl-LU-per-population,2.01028803,1.898737304,1.978248879,2.207811236,2.061826073,2.039393433,1.776741518,1.801378207,2.090289736,1.964865383,2.268072254,2.296381347,2.348376614,2.244589293,2.235791246,2.306218384,2.287396815,2.293129908,2.389086038,2.015271617,2.362439984,2.062067752,2.038945779,2.485310126,3.269431096,3.2817354
CAF,tCO2 / capita,CO2-total-excl-LU-per-population,0.10817136,0.108802955,0.110472003,0.110649304,0.112006414,0.109163565,0.106524758,0.106899906,0.105354306,0.106078921,0.10439453,0.097333048,0.095198807,0.09091674,0.093217421,0.095447817,0.09615023,0.09916273,0.098955536,0.097406357,0.101157125,0.104554067,0.107562417,0.108897286,0.10851771,0.126042102
CAN,tCO2 / capita,CO2-total-excl-LU-per-population,16.79144092,16.25981124,16.5584204,16.33503014,16.67459744,16.91097053,17.28437372,17.6235614,17.76120419,18.09293028,18.67530711,18.24350973,18.2625723,18.62285357,18.37279222,17.9013986,17.52156646,18.04970404,17.27309706,16.04032882,16.33075073,16.27163933,16.18878473,16.19605681,16.0091098,15.77203309
CHE,tCO2 / capita,CO2-total-excl-LU-per-population,6.62183197,6.83867796,6.749444198,6.326542457,6.133944372,6.18363545,6.245421264,6.063370684,6.268335056,6.219825441,6.083225784,6.261553851,6.005040921,6.116381576,6.15196413,6.180579809,6.068377245,5.740468904,5.846107689,5.622217245,5.74568011,5.169965125,5.266650647,5.311906023,4.763276692,4.651571456
CHL,tCO2 / capita,CO2-total-excl-LU-per-population,2.590217346,2.407625217,2.457751364,2.593161487,2.78184074,2.937758754,3.290148468,3.722396339,3.707744807,3.899992518,3.662510711,3.282622322,3.360293555,3.373515511,3.587128856,3.647721964,3.792940498,4.159671476,4.177184148,3.862278975,4.148680714,4.518066056,4.569679994,4.581119078,4.5078296,4.481305497
CHN,tCO2 / capita,CO2-total-excl-LU-per-population,2.123766637,2.203192318,2.275740135,2.399088084,2.546802724,2.725938343,2.81604181,2.827490573,2.674679653,2.665816326,2.75093737,2.79641701,3.064729135,3.597827464,4.109565653,4.585269591,5.040591454,5.393474918,5.742273551,6.013010775,6.545296272,7.159152682,7.344393646,7.304056682,7.337546779,7.301210829
CIV,tCO2 / capita,CO2-total-excl-LU-per-population,0.419799745,0.369000555,0.32135485,0.402268826,0.343661863,0.473838477,0.548173625,0.517286498,0.459565998,0.406129164,0.4296871,0.480042666,0.463535665,0.330328793,0.442833427,0.444473458,0.39359478,0.377764974,0.371320402,0.309484687,0.367132909,0.378075253,0.466883858,0.500766811,0.505961693,0.476015896
CMR,tCO2 / capita,CO2-total-excl-LU-per-population,0.367043959,0.305122518,0.513339948,0.529827028,0.92298351,0.928608987,0.890499543,0.769479316,0.75050418,0.725226904,0.713620074,0.676368643,0.62170164,0.617664403,0.625033868,0.602727947,0.603366719,0.690390402,0.671708607,0.71529503,0.655967716,0.570163018,0.569195617,0.586450274,0.580038475,0.617486103
COD,tCO2 / capita,CO2-total-excl-LU-per-population,0.121625046,0.086872204,0.080061807,0.071329991,0.072007288,0.080056267,0.086274329,0.075975106,0.066234723,0.054249942,0.039085412,0.039880698,0.040533147,0.04456117,0.042802555,0.046026156,0.045805838,0.04895788,0.048365504,0.043102457,0.045564962,0.050664335,0.047695895,0.062959195,0.075553227,0.054595598
COG,tCO2 / capita,CO2-total-excl-LU-per-population,0.48761359,0.402747937,0.496694845,0.502169713,0.793389304,0.560863515,0.600856759,0.79663254,0.263084259,0.271335032,0.328608094,0.241268639,0.180794675,0.274944975,0.277358735,0.266254788,0.294089708,0.306822063,0.320743737,0.41140538,0.453644693,0.503021453,0.64100309,0.64823095,0.615877191,0.59651921
COK,tCO2 / capita,CO2-total-excl-LU-per-population,1.999346263,1.980785838,1.961098643,2.135778261,2.125191162,2.125975944,2.535211268,2.568797458,2.607269746,2.631869345,2.632159806,1.801113416,1.566677361,1.723417589,2.81733429,3.160832065,3.3509342,3.382707191,3.62794087,3.694085224,3.758425452,3.817713754,3.873082907,3.923003321,3.96292927,4.258123675
COL,tCO2 / capita,CO2-total-excl-LU-per-population,1.488114126,1.472072184,1.57486152,1.605186637,1.67555876,1.519684711,1.558515093,1.697484858,1.758675918,1.526898566,1.606278276,1.571156724,1.549101304,1.582362902,1.521387324,1.64950801,1.694964668,1.656354004,1.768313357,1.862772213,1.933878052,1.928603071,1.998657252,2.196735351,2.054741021,2.135657947
COM,tCO2 / capita,CO2-total-excl-LU-per-population,0.160838107,0.165144194,0.160614781,0.164487596,0.160077183,0.163653727,0.166998549,0.170135451,0.180059567,0.182850271,0.199130831,0.194283741,0.189647028,0.236621051,0.249485958,0.237072595,0.26659217,0.169882485,0.171933983,0.204975254,0.243586992,0.200971172,0.207220101,0.246797033,0.212013669,0.217384593
CPV,tCO2 / capita,CO2-total-excl-LU-per-population,0.288695255,0.291483537,0.306329889,0.308931368,0.30858011,0.321231886,0.368630775,0.369939364,0.388188525,0.441019506,0.507953728,0.538632819,0.619323787,0.680217409,0.716326251,0.93769689,0.994186712,1.050493588,0.965991015,1.066477786,1.120656709,1.224247983,0.996149648,0.969033236,0.964977766,1.29664692
CRI,tCO2 / capita,CO2-total-excl-LU-per-population,0.917314143,1.020263889,1.129712482,1.155341329,1.503346771,1.364312435,1.31230239,1.338682633,1.380272142,1.384874931,1.345071117,1.363591555,1.454517174,1.492981894,1.516585233,1.443086029,1.508542762,1.652374694,1.641265802,1.579675701,1.5312588,1.545492921,1.525529412,1.457589355,1.473439725,1.745062036
CUB,tCO2 / capita,CO2-total-excl-LU-per-population,3.37362755,2.99148926,3.121109386,2.899722859,3.133471605,2.539876287,2.63661786,2.415111772,2.386096217,2.439243046,2.502076993,2.359978624,2.335532597,2.276590645,2.227756407,2.312957712,2.43443987,2.3797545,2.679103365,2.623998971,3.317729709,3.108858211,3.118919754,2.996801572,2.989571379,3.071169466
CYP,tCO2 / capita,CO2-total-excl-LU-per-population,6.248255315,6.742184238,7.019656287,7.157243167,7.298921289,6.991012224,7.247347505,7.192613937,7.373138008,7.526591437,7.664695543,7.37283423,7.451641101,7.709626868,7.82850526,7.852807062,7.890893335,8.047290996,8.053160103,7.749918949,7.325138166,6.996581721,6.46660711,5.795981453,6.092115917,6.072429876
CZE,tCO2 / capita,CO2-total-excl-LU-per-population,15.95564293,14.40065721,14.00517206,13.41831989,12.73978544,12.83975141,13.04275996,12.67096983,12.20517716,11.35189967,12.43975224,12.4620249,12.09468303,12.50088263,12.50056643,12.28288538,12.33214686,12.45584211,11.89586057,11.0614775,11.19939227,10.97579034,10.48479917,10.09959808,9.907038016,9.90214605
DEU,tCO2 / capita,CO2-total-excl-LU-per-population,13.39765455,12.9454794,12.20545791,12.00942552,11.75074469,11.69365998,11.92488863,11.57057117,11.47250075,11.13134581,11.17959352,11.36923234,11.13808595,11.14015236,10.96485069,10.71368653,10.89031341,10.58461795,10.62479934,9.843685243,10.4209437,10.13171476,10.16452869,10.33653557,9.829467935,9.852181902
DJI,tCO2 / capita,CO2-total-excl-LU-per-population,0.548782347,0.515783299,0.508898406,0.506067147,0.490065331,0.483829007,0.486264957,0.496253138,0.465757289,0.452793105,0.476599255,0.502244405,0.537374317,0.558913283,0.53194802,0.532394345,0.518708679,0.57449821,0.608797303,0.555661775,0.609766127,0.548538751,0.650260728,0.664668201,0.752057744,0.770960973
DMA,tCO2 / capita,CO2-total-excl-LU-per-population,0.99681358,0.997995539,0.996195576,1.053222862,1.111064408,1.314314539,1.170848268,1.267790765,1.203585147,1.254595654,1.564383719,1.751112387,1.675641613,1.640677386,1.634010145,1.741543602,1.694747694,2.255109232,1.92756845,1.923373907,2.029675252,1.868429125,1.971017711,1.906077348,1.95113908,2.009239769
DNK,tCO2 / capita,CO2-total-excl-LU-per-population,10.69806842,12.70633734,11.54370462,11.90581231,12.62632562,12.00144323,14.48183206,12.63805464,11.79160962,11.2556452,10.42837987,10.71282863,10.60899147,11.52782047,10.47612508,9.775528054,11.18600489,10.2743038,9.585661161,9.083593853,9.163173619,8.203661448,7.360987834,7.662540306,6.88569777,6.451391752
DOM,tCO2 / capita,CO2-total-excl-LU-per-population,1.241709121,1.433325389,1.620126849,1.79991631,1.960518258,2.255327673,2.20447763,2.070197583,1.952660047,1.969365219,2.113838495,2.012158959,2.049299813,1.973737031,1.592881818,1.537201466,1.536600217,1.546659725,1.442429425,1.330909304,1.293192503,1.28651419,1.319553518,1.244979232,1.249297991,1.263250596
DZA,tCO2 / capita,CO2-total-excl-LU-per-population,3.029441502,3.057881824,3.027839865,3.033873686,3.10271543,3.345523216,3.335439658,2.977899402,3.59312246,3.052108859,2.882920093,2.731690999,2.878570639,2.891661688,2.759578907,3.27441027,3.049329717,3.236144433,3.212785509,3.468133772,3.350163799,3.340615876,3.487210071,3.521258831,3.732744398,3.812244166
ECU,tCO2 / capita,CO2-total-excl-LU-per-population,1.653929291,1.586847899,2.092349781,2.218934506,1.223598955,2.001646245,2.071300851,1.551363594,1.857959032,1.74211939,1.647055619,1.805060471,1.920125826,2.039188385,2.154016311,2.198724987,2.069091919,2.245616525,2.332573482,2.443627255,2.430582757,2.530085117,2.457900191,2.579566374,2.729025615,2.601526427
EGY,tCO2 / capita,CO2-total-excl-LU-per-population,1.489230123,1.450153772,1.410831078,1.537316623,1.347291724,1.447082924,1.483056747,1.50262013,1.632579011,1.632018715,1.759505924,1.62859727,1.666893557,1.932904113,1.989867621,2.2011471,2.315790745,2.388817728,2.458189744,2.498028801,2.449243413,2.584473848,2.493928679,2.360606388,2.18924281,2.186009768
ERI,tCO2 / capita,CO2-total-excl-LU-per-population,0.28619049,0.263166562,0.258130137,0.282990222,0.282293337,0.304515075,0.327302937,0.275831528,0.185781194,0.190475441,0.182150383,0.183007523,0.170141472,0.196882779,0.202403811,0.196018803,0.140656383,0.14205462,0.100410241,0.121568305,0.119567099,0.131405751,0.14163632,0.141044997,0.143277192,0.145451515
ESP,tCO2 / capita,CO2-total-excl-LU-per-population,6.029598152,6.268526414,6.427855634,6.206066379,6.488189157,6.793597814,6.498485203,6.802626163,6.998796455,7.548152216,7.77435573,7.682624872,8.074212252,8.065006579,8.281111583,8.491772245,8.138528123,8.216970675,7.413397065,6.454934488,6.133968872,6.160846528,6.039600487,5.482085967,5.567279204,5.927022533
EST,tCO2 / capita,CO2-total-excl-LU-per-population,24.27739608,22.54208879,16.50436281,13.10431912,14.20636843,13.25867536,13.89539378,13.62017034,12.51466562,11.54019586,11.43582501,11.78390333,11.57129509,12.96517103,13.27402801,13.27778302,12.52504082,15.69856377,14.10750967,11.60327287,14.56344935,15.13042654,14.26486149,15.58763885,15.09452281,12.84857461
ETH,tCO2 / capita,CO2-total-excl-LU-per-population,0.051989626,0.041347957,0.042596226,0.047073806,0.0443794,0.041005146,0.044290313,0.049527318,0.050163908,0.051516046,0.054104966,0.065262852,0.065818224,0.070576743,0.073434421,0.088886476,0.083702503,0.114937691,0.103263944,0.108761502,0.12998464,0.110053937,0.109255117,0.119088113,0.12838055,0.134170352
FIN,tCO2 / capita,CO2-total-excl-LU-per-population,11.50869597,11.11747566,10.88222322,11.23863788,12.26188162,11.60381754,12.61441793,12.30650735,11.63771953,11.51484778,11.1219182,12.1527267,12.62138734,14.02306402,13.27690648,10.97181992,13.07419892,12.72174819,11.12802454,10.55656691,12.03925169,10.59518203,9.532641909,9.638348561,8.846612379,8.172250612
FJI,tCO2 / capita,CO2-total-excl-LU-per-population,1.115795715,0.915057385,1.003316182,0.993343276,0.978232051,0.986462892,1.050382676,1.005221603,0.960871657,0.973348841,1.034240893,1.301862646,1.092325403,1.285775163,1.64965284,1.326329341,1.474478826,1.38953441,1.06718524,0.93196098,1.418687133,1.245551191,1.20192858,1.295874232,1.467589969,1.558035709
FRA,tCO2 / capita,CO2-total-excl-LU-per-population,7.092592656,7.495059812,7.269947806,6.909710689,6.776953275,6.885090467,7.111148916,6.960115221,7.24994618,7.148142746,7.0124579,7.093826048,6.973839269,7.035496574,7.013036545,7.022254013,6.8027339,6.633210111,6.497718811,6.125621079,6.2671812,5.841160502,5.845391929,5.819782275,5.327879745,5.38341713
FSM,tCO2 / capita,CO2-total-excl-LU-per-population,0.920783548,0.955475258,0.976206206,0.952527566,0.971175877,0.985533118,0.978365207,1.013806197,1.080951237,1.020256734,1.163526696,1.577007418,1.336660965,1.338750749,1.341752911,1.139402614,1.144922599,1.322826852,1.119852983,1.548672566,1.100216183,1.169443693,1.313971576,1.378951226,1.442099697,1.532082771
GAB,tCO2 / capita,CO2-total-excl-LU-per-population,4.736340227,4.651291168,4.91700807,4.847290946,4.156185679,4.262813991,4.290866917,4.201960214,4.25196205,4.005752961,3.817655764,3.802706101,3.530568777,3.486062526,3.430569453,3.477948524,2.88612473,2.759884045,2.714117512,2.672121829,2.93255132,2.922631004,2.908669486,2.910958245,2.72962868,2.616343078
GBR,tCO2 / capita,CO2-total-excl-LU-per-population,10.71990717,10.81280048,10.50534574,10.23408776,10.13651937,9.951995678,10.29975113,9.820611365,9.838596123,9.685645812,9.753888528,9.856407027,9.536815249,9.70120588,9.685371055,9.570924983,9.440354565,9.232323357,8.892293879,7.987550645,8.198165876,7.475096879,7.704240585,7.487495187,6.84450211,6.559925917
GEO,tCO2 / capita,CO2-total-excl-LU-per-population,6.524505154,5.232142335,3.265330159,1.913679233,1.247143024,0.860547312,1.439673437,1.602049312,1.336736035,1.089422981,0.828028621,0.873257391,0.838940686,0.901927504,1.111765769,1.167936054,1.44855838,1.676333294,1.670309092,1.574272057,1.611660291,2.239133729,2.427137786,2.320862303,2.680128426,2.318092969
GHA,tCO2 / capita,CO2-total-excl-LU-per-population,0.201664449,0.16423403,0.193354128,0.202561179,0.204529358,0.218371004,0.229843483,0.231702173,0.24783087,0.272762519,0.338459293,0.293487588,0.3061554,0.319854733,0.284468099,0.305449691,0.364032256,0.343168601,0.310747752,0.256025906,0.338200262,0.347108941,0.385107882,0.455472773,0.441352701,0.409675283
GIN,tCO2 / capita,CO2-total-excl-LU-per-population,0.172154249,0.166292013,0.161270325,0.156353916,0.167013706,0.166430086,0.169688432,0.171504205,0.178754194,0.183734971,0.18845335,0.192840619,0.198088176,0.203010833,0.205474494,0.208683183,0.211507891,0.213930712,0.213113411,0.215980184,0.243650044,0.252828004,0.229580031,0.200232044,0.206683168,0.258858823
GMB,tCO2 / capita,CO2-total-excl-LU-per-population,0.198514847,0.195894019,0.189850549,0.192391988,0.187108964,0.192267471,0.186923046,0.182596756,0.190362326,0.199929732,0.20619494,0.205431741,0.227246904,0.220795543,0.218794443,0.212573847,0.213276674,0.235199946,0.237320059,0.236648857,0.259433419,0.261686717,0.255809114,0.236645146,0.271136667,0.270025637
GNB,tCO2 / capita,CO2-total-excl-LU-per-population,0.174852808,0.174515863,0.174068498,0.173622435,0.16972882,0.166209079,0.163063172,0.176311977,0.149177233,0.164646943,0.123066627,0.123864705,0.124466283,0.152891079,0.155515813,0.160047739,0.159272979,0.165288342,0.159368899,0.160137283,0.158752603,0.159132515,0.159327139,0.158192561,0.162248862,0.182996465
GNQ,tCO2 / capita,CO2-total-excl-LU-per-population,0.164930678,0.333617778,0.355928182,0.220989779,0.077595763,0.26343363,0.22709967,0.541646164,0.299996647,0.798388983,0.748791759,5.564569324,8.193191248,9.372152183,7.905443719,6.93236782,6.70270898,6.451013894,5.83820234,5.697874077,5.509386986,7.010027256,5.834816911,5.600943394,5.586918642,6.304295854
GRC,tCO2 / capita,CO2-total-excl-LU-per-population,8.157261861,8.073957841,8.142436571,7.994760735,8.104957894,8.072756763,8.19784224,8.56664048,8.948003938,8.83657795,9.244202113,9.388077928,9.360959397,9.694432381,9.760013685,10.08742077,9.965807579,10.10465168,9.720090297,9.08786815,8.50951926,8.281678624,8.04165348,7.225318647,6.986410499,6.68580292
GRD,tCO2 / capita,CO2-total-excl-LU-per-population,1.121693342,1.150807639,1.224305027,1.241035553,1.448619285,1.516133859,1.547680464,1.681137636,1.757000859,1.932138562,1.889410445,1.92441752,2.027424094,2.139194139,2.026184539,2.127266899,2.256461906,2.326569228,2.463196382,2.444964332,2.502937608,2.426837973,2.597624217,2.898714935,2.303497555,2.368403808
GTM,tCO2 / capita,CO2-total-excl-LU-per-population,0.485761101,0.593677076,0.778695549,0.797891715,1.032215241,0.989576873,0.837820337,0.891837474,0.95208147,0.913305928,0.93556265,0.955979172,0.966512156,0.895965738,0.937725274,0.977395589,0.962901567,0.934287065,0.835334447,0.838210789,0.820209021,0.816112523,0.811993617,0.878418314,1.149240569,0.990621156
GUY,tCO2 / capita,CO2-total-excl-LU-per-population,1.937283149,1.948167983,1.924788875,1.9111222,1.898879397,1.930930485,2.021366102,2.222193002,2.348433674,2.290547322,2.243459122,2.791576882,2.207787371,2.221167057,2.221772842,1.957530901,1.760936818,2.139412116,2.130470553,2.145655115,2.357492271,2.429582165,2.695557376,2.6118581,2.685379614,2.60242494
HND,tCO2 / capita,CO2-total-excl-LU-per-population,0.520651711,0.527456048,0.585003037,0.526042337,0.59971635,0.68137419,0.679976598,0.694987893,0.75581078,0.750327856,0.772498679,0.854616445,0.884432631,0.962492506,1.021632939,1.025303014,0.922904827,1.128701557,1.087307489,0.965772211,0.960367688,1.058479812,1.040485344,1.032596675,1.061388437,1.13828754
HRV,tCO2 / capita,CO2-total-excl-LU-per-population,5.024734254,3.760501832,3.613035833,3.725358087,3.606851472,3.768874426,3.956381873,4.214103833,4.407932319,4.622531069,4.561804776,4.85472133,5.141248991,5.468283273,5.45174182,5.596089772,5.697029239,6.051900549,5.743920405,5.229108674,5.059895064,4.961316798,4.608374301,4.581787954,4.439190489,4.508953696
HTI,tCO2 / capita,CO2-total-excl-LU-per-population,0.140850387,0.138056885,0.124408164,0.090164201,0.048469617,0.125322802,0.140605429,0.179981363,0.161046526,0.17014901,0.171945913,0.181764489,0.20713699,0.193838347,0.218221423,0.224539489,0.224242483,0.250081381,0.246264076,0.230389724,0.21200812,0.217840142,0.224507032,0.23006629,0.26956814,0.275416226
HUN,tCO2 / capita,CO2-total-excl-LU-per-population,7.14998028,6.793029888,6.100890778,6.206809942,6.053220844,6.009755901,6.164721553,6.03355003,6.011588358,6.068316956,5.76261678,5.934860734,5.851765246,6.132939248,6.000940576,6.027879936,5.97659264,5.865987915,5.775081494,5.231479408,5.278086673,5.112038507,4.772189262,4.470773689,4.504075322,4.79357722
IDN,tCO2 / capita,CO2-total-excl-LU-per-population,1.019638676,1.104996442,1.161019035,1.210187433,1.2323064,1.294693262,1.365581526,1.419933045,1.487490902,1.471627623,1.474895373,1.617666582,1.622928372,1.645921004,1.717239911,1.711416911,1.762109155,1.703942073,1.791164028,1.738109673,1.929704947,2.055289226,2.12147679,1.606937125,1.505108456,1.51067868
IND,tCO2 / capita,CO2-total-excl-LU-per-population,0.752758071,0.782609295,0.817861742,0.827870276,0.862870233,0.895383035,0.94290162,0.956481766,0.94884314,0.995612333,0.997102788,0.979954924,0.96347325,0.983729788,1.012311325,1.040101894,1.084358142,1.135900068,1.236272668,1.342370167,1.307900288,1.379049322,1.480524548,1.454759096,1.584407215,1.611851025
IRL,tCO2 / capita,CO2-total-excl-LU-per-population,9.245621708,9.422949215,9.335132367,9.374137642,9.622810638,9.831454905,10.19063554,10.4512798,10.85168388,11.19688363,11.7699757,12.20169478,11.59372762,11.28521289,11.35937302,11.60699429,11.33994985,11.00481961,10.71367557,9.413178099,9.293423196,8.321574819,8.336687603,8.116246868,8.001968271,8.36151177
IRN,tCO2 / capita,CO2-total-excl-LU-per-population,3.788270536,4.008673794,3.982098545,4.068402181,4.487223761,4.556286682,4.562940972,4.385226558,4.898230268,5.948112174,5.715853664,6.02118617,5.986761755,6.161652135,6.507021982,6.759269511,7.258393764,7.357932586,7.577677162,7.68107889,7.831829066,7.947906033,8.135656287,8.135815534,8.429929786,8.253477578
IRQ,tCO2 / capita,CO2-total-excl-LU-per-population,2.74199933,2.541421407,3.234337153,3.418908256,3.689295211,3.721227231,3.381961137,3.221863519,3.303252555,3.186445621,3.093516757,3.542027183,3.548616182,3.570365823,4.331865097,4.220904987,3.574276646,2.190878878,3.191187842,3.478883113,3.640772636,4.223524952,4.637458873,4.840164631,4.77059985,4.679411963
ISL,tCO2 / capita,CO2-total-excl-LU-per-population,8.782832699,8.229046983,8.725701612,9.251644737,8.938741335,9.229194146,9.328151027,9.607310356,9.589678019,10.25659481,10.4837128,10.14467652,10.47913111,10.34894705,10.64911509,10.06851335,10.50952864,11.46788991,12.22320866,11.80058592,11.30091656,10.79098875,10.72110983,10.64125811,10.53403926,10.71937937
ISR,tCO2 / capita,CO2-total-excl-LU-per-population,8.154694782,7.968645748,8.92103697,9.042189533,9.34946319,9.524311273,9.657298905,9.908472703,10.02565388,9.606620761,10.29309377,10.65334536,9.856898667,10.2369959,10.06364832,9.904633824,9.844252089,9.996121447,9.693676989,9.067274637,9.103201351,9.18246469,9.702426451,8.719995448,8.361320882,8.456767627
ITA,tCO2 / capita,CO2-total-excl-LU-per-population,7.789645268,7.786183901,7.763746128,7.636302718,7.510737691,7.981808742,7.845580798,7.939158625,8.135976986,8.202170168,8.290611811,8.346901831,8.338845997,8.530099307,8.547782377,8.502174763,8.36156221,8.176889073,7.932455144,7.042034727,7.18234365,6.977919937,6.62940872,6.150700543,5.907460834,6.033186357
JAM,tCO2 / capita,CO2-total-excl-LU-per-population,3.118500546,3.183711184,3.139498378,3.226477851,3.274906299,3.629642474,3.793921373,3.904397163,3.726017829,3.795236371,3.914389295,3.959640061,3.821260007,3.944684464,3.884524093,3.789158126,4.166245514,3.484098352,3.655754121,2.781659024,2.591216132,2.770814418,2.629363265,2.833291313,2.6064896,2.681120109
JOR,tCO2 / capita,CO2-total-excl-LU-per-population,2.920870801,2.616271557,3.074443362,2.864350791,3.071006446,2.974040129,3.031990896,3.06274467,3.043885524,3.030968321,3.213713936,3.292588672,3.44208819,3.502092176,3.775565228,4.025123068,3.909520221,3.923663908,3.62105463,3.533146189,3.244045506,3.141937834,3.353112946,3.185370497,3.291973284,2.456519067
JPN,tCO2 / capita,CO2-total-excl-LU-per-population,9.316104675,9.364493833,9.414281989,9.306578453,9.757012782,9.812031079,9.869406357,9.771271246,9.439359841,9.738026817,9.879723462,9.786764948,10.00761384,10.07279004,9.983337809,10.05175743,9.810563164,10.11631813,9.568223565,9.022556929,9.412542748,9.805035507,10.12253059,10.28735064,9.909266001,9.533115065
KAZ,tCO2 / capita,CO2-total-excl-LU-per-population,16.20289115,15.59853294,14.19807024,12.58399511,10.60583292,10.16529138,9.481290601,9.049046603,8.85999315,7.187330991,8.899300628,8.577144198,9.731461318,10.83222686,11.17905492,11.90364584,13.19239269,13.50894542,13.37401701,12.97564786,14.51310131,13.69584884,13.82882363,13.94760362,14.69597712,14.87353439
KEN,tCO2 / capita,CO2-total-excl-LU-per-population,0.246982086,0.201823041,0.221118827,0.242679674,0.24144503,0.268042045,0.307662421,0.254195311,0.286867871,0.273852656,0.263270997,0.249988537,0.222797555,0.196889313,0.229793752,0.269915731,0.29687966,0.299323301,0.306525812,0.360363011,0.348245395,0.374233536,0.339086897,0.352467335,0.371543263,0.376829164
KGZ,tCO2 / capita,CO2-total-excl-LU-per-population,4.756579745,4.050111876,3.322714865,2.653975164,1.954058167,1.252713757,1.276623872,1.428074153,1.190781347,1.075881755,1.044563009,0.983357481,1.021903397,1.049424921,1.087748557,1.09351418,1.109869254,1.285233115,1.430934874,1.33126597,1.21165468,1.416481783,1.823346993,1.75058693,1.68151165,1.692978877
KHM,tCO2 / capita,CO2-total-excl-LU-per-population,0.147102384,0.147518417,0.146546735,0.145461477,0.145413992,0.147368607,0.148448039,0.13810345,0.169860694,0.167457165,0.170337368,0.18867205,0.181246468,0.191393159,0.193671208,0.215520473,0.228580097,0.255909817,0.278087785,0.325758144,0.348039031,0.354246828,0.364759347,0.36810979,0.430887989,0.452388524
KIR,tCO2 / capita,CO2-total-excl-LU-per-population,0.19748108,0.194029851,0.223354599,0.250927772,0.24781208,0.247008877,0.275007287,0.214506635,0.241569589,0.238651978,0.23576523,0.204989634,0.314850646,0.310478655,0.333546862,0.344435418,0.672607681,0.709160947,0.654205607,0.471322886,0.710166387,0.696567803,0.683781528,0.671672732,0.750511507,0.786427892
KNA,tCO2 / capita,CO2-total-excl-LU-per-population,2.620365382,2.608928876,2.683687532,2.724274722,2.879191938,3.007623977,3.066423812,3.28422205,3.407270348,3.614135285,3.812756204,3.848662753,4.266632362,4.206654547,4.44018261,4.093723643,4.125177809,4.379004881,4.331240563,4.421648391,4.295849937,4.461023728,4.202239927,4.212981248,4.298554123,4.402446213
KOR,tCO2 / capita,CO2-total-excl-LU-per-population,6.243719732,6.639294791,6.977786559,7.690476065,8.075691088,8.609535511,9.244414248,9.718066973,8.1926004,8.804037438,9.454206945,9.724856154,10.1031593,10.23515454,10.30968585,10.42939182,10.45078575,10.8025634,11.05264564,11.1180398,12.10828317,12.7249842,12.75217986,12.87641539,12.68220498,12.86722436
KWT,tCO2 / capita,CO2-total-excl-LU-per-population,24.95695639,240.2168141,11.63350596,19.58205811,24.40003558,35.20315698,31.80653781,33.11347077,29.29719939,28.61426237,27.16091403,28.39730629,28.26712715,28.76745295,29.89213017,32.67998259,32.30612748,31.35722874,32.46190157,32.24617489,31.08653096,29.80209342,31.2172734,28.62395213,24.48148687,25.66191218
LAO,tCO2 / capita,CO2-total-excl-LU-per-population,0.053540331,0.056391754,0.059746404,0.0581838,0.060754623,0.074609593,0.097837884,0.122218467,0.134931465,0.178391402,0.177884392,0.163078569,0.207375548,0.195352545,0.245383394,0.243307903,0.261567256,0.148744821,0.15201109,0.188555464,0.243345073,0.23525745,0.238497224,0.218644628,0.25697962,0.268608773
LBN,tCO2 / capita,CO2-total-excl-LU-per-population,3.451699879,3.433289906,4.039885721,4.378021093,4.437511766,4.879023299,4.917029203,5.205857722,5.619870062,5.322104538,4.790802648,4.910920369,4.655338865,5.052055079,4.50395999,4.238933374,3.696994344,3.425943101,4.305472548,5.115754708,4.703559326,4.511407978,4.556175611,4.378232263,4.408133166,3.024876275
LBR,tCO2 / capita,CO2-total-excl-LU-per-population,0.229349924,0.147068317,0.144853809,0.162979791,0.161956595,0.163010819,0.159274984,0.153489404,0.152485514,0.149203626,0.149764848,0.168163759,0.163572448,0.172323443,0.196133124,0.223841925,0.222463282,0.190723874,0.156429455,0.138527121,0.203387684,0.221366838,0.246319379,0.223269955,0.214087066,0.244465034
LBY,tCO2 / capita,CO2-total-excl-LU-per-population,8.56499967,9.704479883,8.299283338,8.474774088,9.412970497,9.699324967,9.15430141,9.204128218,9.161771086,8.873445891,9.205058264,9.226981163,9.04565614,9.134693459,9.220371974,9.39114967,9.402467255,8.70968963,9.548860927,9.802235008,10.37421748,6.684426143,8.825060202,9.457760448,9.558183062,8.853311692
LCA,tCO2 / capita,CO2-total-excl-LU-per-population,1.382205015,1.426981364,1.648758147,1.790129906,2.03790784,2.380239928,2.456309898,2.303323935,2.252208143,2.300672802,2.344710702,2.562096123,2.322189744,2.547010989,2.526948986,2.595990569,2.635922301,2.797570657,2.90154828,2.84758686,3.007300962,3.014404713,3.002831241,2.988728225,3.004177507,3.09244608
LIE,tCO2 / capita,CO2-total-excl-LU-per-population,7.479041291,7.592414457,7.492287351,7.620575554,7.080520336,7.037913923,6.959297686,7.224071864,7.448616906,7.246818099,6.879769272,6.741706513,6.819918866,7.0510766,6.995028327,6.972340181,6.952557344,6.058547081,6.527672266,6.095174188,5.666194484,5.239355835,5.417977836,5.592658956,4.686616209,4.598561613
LKA,tCO2 / capita,CO2-total-excl-LU-per-population,0.238896051,0.254281261,0.307204302,0.29784853,0.319918702,0.337039471,0.398429795,0.424863901,0.436170934,0.477794782,0.55904774,0.565746812,0.592886412,0.588072832,0.650405228,0.635097604,0.625312942,0.636017071,0.631710926,0.677456625,0.678273125,0.767904846,0.812747206,0.74535131,0.882485685,1.004149842
LSO,tCO2 / capita,CO2-total-excl-LU-per-population,0.922728933,0.942174355,0.959738375,0.9645005,0.969832998,0.976518699,0.979145324,0.983179348,0.988369998,0.99431135,0.99534489,1.002144802,1.004041398,1.011419131,1.029100266,1.036140265,1.042905647,1.049293064,1.070037451,1.104392859,1.122245903,1.133629757,1.153149774,1.152377889,1.155754188,1.168006732
LTU,tCO2 / capita,CO2-total-excl-LU-per-population,9.740170139,10.30439062,5.802445704,4.522363496,4.384601936,4.218825225,4.412076881,4.273857623,4.528663203,3.881923779,3.426774819,3.656131347,3.71579509,3.748881193,3.963186141,4.275993556,4.449595617,4.907838462,4.759494647,4.134093586,4.449704415,4.643036533,4.708212637,4.437276593,4.422917329,4.570374559
LUX,tCO2 / capita,CO2-total-excl-LU-per-population,31.16888559,32.3539156,31.17063624,31.24921247,28.82467392,22.46728523,22.27058519,20.40602513,18.05872255,18.87483711,19.99527635,20.94512015,22.51389371,23.47302391,26.11665291,26.42833117,25.5609446,23.80340494,23.08778512,21.35895333,22.05206256,21.34857609,20.28599496,18.90876247,17.61588737,16.40961215
LVA,tCO2 / capita,CO2-total-excl-LU-per-population,7.581353174,6.945618824,5.571995912,4.762550094,4.20659988,3.775205075,3.848597622,3.668525114,3.546526769,3.334592976,3.099620286,3.306938593,3.356924697,3.478223157,3.523699402,3.601270525,3.891744782,4.098215252,3.968909899,3.654485205,4.257030235,3.942665519,3.871515999,3.831860697,3.794407589,3.889267779
MAR,tCO2 / capita,CO2-total-excl-LU-per-population,0.924469403,0.963023756,0.98482081,1.048121467,1.079984556,1.096943509,1.114323673,1.135632589,1.132198837,1.164307739,1.181991264,1.2918997,1.294372583,1.253185865,1.428131912,1.474391298,1.509588185,1.575616073,1.633073925,1.603631296,1.68159849,1.704260679,1.820975107,1.685155633,1.684243309,1.683747316
MCO,tCO2 / capita,CO2-total-excl-LU-per-population,3.940351235,3.915743991,4.085322975,3.981684252,3.976731193,3.877358183,3.939677721,3.8718761,3.806744282,3.805031447,3.70924506,3.677379481,3.647062429,3.491938178,3.301915111,3.225520078,2.964426877,2.96203469,2.817058545,2.663272568,2.620369871,2.520201616,2.554058704,2.515077296,2.349732508,2.352050539
MDA,tCO2 / capita,CO2-total-excl-LU-per-population,8.111608399,7.133747243,5.005356188,3.821817267,3.488412389,2.719469233,2.758013303,2.520460656,2.15598112,1.716271652,1.542457206,1.689162956,1.618535197,1.805042902,1.920151922,2.013132745,1.857780845,1.952212455,2.120911408,2.207009697,2.355256396,2.38879591,2.309937666,2.367407963,2.29241765,3.000506643
MDG,tCO2 / capita,CO2-total-excl-LU-per-population,0.076819398,0.081220355,0.076739632,0.07644693,0.091837604,0.08905116,0.093507097,0.110120998,0.112770853,0.121053326,0.11479814,0.107619908,0.080524341,0.10301438,0.110655526,0.108525383,0.109638274,0.111662718,0.116020483,0.104525614,0.100701411,0.11635421,0.130668805,0.145027604,0.139890964,0.140710886
MDV,tCO2 / capita,CO2-total-excl-LU-per-population,0.77503752,0.674634609,0.982260045,0.820757324,0.801020798,0.98393432,1.122135373,1.252483209,1.121817493,1.541073432,1.612074869,1.613088664,2.0214649,1.677646926,2.155123815,1.891254438,2.324579758,2.329871753,2.448892057,2.496466865,2.570567143,2.633746611,2.874136141,2.74284909,3.282326631,3.011450683
MEX,tCO2 / capita,CO2-total-excl-LU-per-population,3.666914197,3.709594477,3.670001152,3.609253477,3.800793092,3.604635152,3.699544638,3.813665379,3.966749893,3.828492356,4.070009152,3.948885011,3.842630096,3.871622928,4.102973111,4.10243256,4.178309238,4.29198572,4.416611036,4.190286521,4.244838862,4.290871837,4.245693851,4.088595407,4.049215273,3.955804639
MHL,tCO2 / capita,CO2-total-excl-LU-per-population,1.192439427,1.237751418,1.170561789,1.308743606,1.372219476,1.360384201,1.350168285,1.342567515,1.409725566,1.332590872,1.551026668,1.659544296,1.77154032,1.809425129,1.920344126,1.876861012,2.054610392,2.244087692,2.259757172,2.370030581,2.384358608,2.379049142,2.373582971,2.367738147,2.684411509,2.868249236
MKD,tCO2 / capita,CO2-total-excl-LU-per-population,5.059542297,4.720809993,4.445206544,4.657192338,4.516317531,4.608592352,4.448481309,4.805963596,5.119139269,4.910111372,4.708035457,4.753182087,4.929406987,4.553365936,4.428678586,4.800337043,4.338037317,4.584939515,4.604866648,4.644547152,4.689147208,4.724030259,4.768480393,4.326170101,4.086652435,3.919573243
MLI,tCO2 / capita,CO2-total-excl-LU-per-population,0.055285246,0.056053073,0.055704257,0.05557098,0.055167193,0.054558043,0.055190269,0.057938951,0.080340358,0.080741032,0.080782735,0.079339372,0.078701399,0.07621743,0.076662944,0.076179237,0.077114619,0.079703963,0.081339824,0.060657523,0.069651349,0.072067486,0.066847133,0.067363288,0.088428557,0.081864425
MLT,tCO2 / capita,CO2-total-excl-LU-per-population,5.433127259,5.822685619,6.340349987,6.340560324,6.737293306,6.652555186,6.541398452,6.611843465,6.528334251,6.627645662,6.554599816,6.263231076,6.179869076,6.696245886,6.394951198,6.66196314,6.681956026,6.823875766,6.939591583,6.32781461,6.320444113,6.405858971,6.796755619,5.953984208,5.897972131,4.20938412
MMR,tCO2 / capita,CO2-total-excl-LU-per-population,0.115688748,0.111919945,0.127542871,0.137172008,0.157800262,0.172071691,0.176282633,0.180521179,0.191281415,0.208610405,0.232126972,0.19451834,0.203435622,0.216273447,0.264177672,0.245448812,0.268187219,0.266414022,0.202102872,0.210840452,0.255204293,0.288805631,0.223588536,0.252681357,0.417917031,0.436992303
MNE,tCO2 / capita,CO2-total-excl-LU-per-population,4.276408857,4.35247937,3.289196529,2.698545048,2.402900252,1.676300019,3.098238361,3.29981754,3.958853879,4.002277719,4.204967729,3.669425531,4.418127692,4.250142893,4.22664575,3.909874949,4.127335586,4.019474272,4.942007872,3.259201223,4.51716764,4.652531073,4.422193344,4.193948595,4.206005028,4.505092506
MNG,tCO2 / capita,CO2-total-excl-LU-per-population,5.036295667,5.681003536,4.903048894,4.506892895,3.902659772,3.798891142,3.077830255,2.975559737,2.992880764,2.954344022,3.061604147,3.037471237,3.228764734,3.15880785,3.176024658,3.81167854,4.417492959,4.514463647,4.413783027,4.497263977,4.644904429,5.069679118,5.507731078,5.785772367,5.506351799,5.777867208
MOZ,tCO2 / capita,CO2-total-excl-LU-per-population,0.080769048,0.07945868,0.075331007,0.077884839,0.07360168,0.07487722,0.067699673,0.070652967,0.069441284,0.074495863,0.082467667,0.110819669,0.107629927,0.131868591,0.139321671,0.131433867,0.135050702,0.143318214,0.136562045,0.144532856,0.149041726,0.164401106,0.15461545,0.19444381,0.352780583,0.356292531
MRT,tCO2 / capita,CO2-total-excl-LU-per-population,0.470410908,0.428735441,0.424012758,0.44458769,0.535066063,0.489885371,0.492231708,0.489561814,0.466808906,0.46408955,0.45029101,0.462244811,0.487256841,0.490342452,0.522541075,0.523841161,0.565102791,0.63091197,0.607476183,0.675928503,0.723083227,0.737020372,0.741468091,0.729821574,0.733282151,0.765121734
MUS,tCO2 / capita,CO2-total-excl-LU-per-population,1.543753575,1.581746829,1.745223259,1.793204393,1.615600236,1.869452002,1.80393503,1.698234183,1.724902878,1.8288938,1.96600416,2.110699487,2.113475319,2.233261704,2.220984686,2.340419786,2.833650083,2.909448088,2.993642343,2.974219147,3.173191341,3.20537672,3.271178286,3.385671837,3.515696152,3.692070227
MWI,tCO2 / capita,CO2-total-excl-LU-per-population,0.081694905,0.085985566,0.085202889,0.09450733,0.095131396,0.095266083,0.093473761,0.095358617,0.090427198,0.087465489,0.078936922,0.07541128,0.076079739,0.079437859,0.078889003,0.072854375,0.07349622,0.066541584,0.076377418,0.066872349,0.079118645,0.077427027,0.069576864,0.074198534,0.074404596,0.074543604
MYS,tCO2 / capita,CO2-total-excl-LU-per-population,3.387233213,3.901895868,4.107775403,4.447301706,4.588006521,4.776635684,5.470115782,6.120937199,5.517000864,5.914473361,6.297009766,6.49818998,6.65321945,7.08826219,7.428266875,8.184137481,7.956068426,8.225091072,8.299193219,7.824560884,8.572763321,7.892404043,7.679002344,8.078979022,8.171227375,8.365026313
NAM,tCO2 / capita,CO2-total-excl-LU-per-population,0.805829113,0.852811549,0.898448261,1.044883181,1.151415494,1.147787278,1.183716977,1.182494085,1.192997107,1.054873894,1.016186856,1.086059342,1.126317243,1.243370995,1.343799708,1.407344567,1.435010561,1.485637634,1.504955196,1.492718901,1.426487573,1.430750115,1.506227655,1.217343256,1.640663486,1.657348547
NER,tCO2 / capita,CO2-total-excl-LU-per-population,0.077375609,0.089810487,0.100123704,0.123269491,0.134400334,0.154051778,0.184318395,0.197444789,0.221663349,0.230182623,0.17088035,0.15120656,0.15074551,0.154856611,0.155404749,0.128502152,0.11746338,0.114532403,0.120825884,0.139118003,0.163160164,0.17521616,0.237992731,0.239330889,0.253287264,0.184952831
NGA,tCO2 / capita,CO2-total-excl-LU-per-population,0.42720694,0.447167136,0.478938849,0.452503056,0.343597655,0.340704572,0.36664802,0.381421496,0.337670204,0.350297707,0.630966346,0.699805491,0.743782133,0.788042766,0.790288369,0.77011949,0.701192969,0.657027423,0.644507364,0.501288256,0.5833082,0.590015503,0.589369998,0.568005563,0.542330997,0.601605866
NIC,tCO2 / capita,CO2-total-excl-LU-per-population,0.509100473,0.483855626,0.563344252,0.528624807,0.566280851,0.611418169,0.62117364,0.664349105,0.7084733,0.73944473,0.751970042,0.778316914,0.781169333,0.8414619,0.836204963,0.803074287,0.825656108,0.842070036,0.797210692,0.797659118,0.798226056,0.83852461,0.79120547,0.760207254,0.801463652,0.925677014
NIU,tCO2 / capita,CO2-total-excl-LU-per-population,1.889222842,1.923076923,1.948627104,1.967799642,1.995464853,2.064665127,2.13747646,2.230285438,2.327200398,2.428425358,2.538177988,2.680690399,2.856344326,2.991452991,3.148688047,3.291740939,4.031287605,4.906117505,2.953020134,3.086797066,3.098159509,6.196319018,6.223043746,6.223043746,9.405940594,9.944751381
NLD,tCO2 / capita,CO2-total-excl-LU-per-population,10.89175546,11.35117557,11.27532349,11.1998908,11.19127185,11.24913862,11.75846569,11.24207346,11.24120209,10.86165578,10.86261194,11.11241935,10.98672251,11.11045889,11.17443153,10.87543726,10.52297226,10.4803667,10.6224169,10.28452283,10.96930471,10.15713567,9.887370344,9.857658382,9.355004418,9.800159979
NOR,tCO2 / capita,CO2-total-excl-LU-per-population,8.570180715,8.127470593,8.269886223,8.617518396,9.005865329,8.976424292,9.628497074,9.592191594,9.600929604,9.700483057,9.534674544,9.794070276,9.568811745,9.780954752,9.829903523,9.563151773,9.544047061,9.873617694,9.556925428,9.073620623,9.517224949,9.236811016,9.038295437,8.863325744,8.695971897,8.731044594
NPL,tCO2 / capita,CO2-total-excl-LU-per-population,0.039521252,0.056118315,0.073835179,0.07775141,0.087697733,0.101419006,0.120072798,0.131309775,0.105878881,0.143739846,0.134367211,0.14030425,0.111941778,0.118634312,0.108655072,0.122463528,0.100999907,0.10185068,0.131440495,0.160053233,0.184656578,0.19650789,0.20289386,0.227619419,0.273626878,0.270795772
NRU,tCO2 / capita,CO2-total-excl-LU-per-population,3.604587657,3.530166881,3.362664991,3.107315567,2.972506848,2.708396028,2.452886629,2.286964303,2.040613179,1.733067729,1.434691641,2.158774373,2.876984127,3.591925589,3.43669761,3.045283765,2.065336114,1.849630074,2.543480446,3.22775264,3.880299252,3.507053292,3.416682573,3.614457831,3.812104788,3.987566607
NZL,tCO2 / capita,CO2-total-excl-LU-per-population,7.562889695,7.660678376,8.106917684,7.883373208,7.810604704,7.755237098,7.989564606,8.474662093,8.007454597,8.354873104,8.499613501,8.956141264,8.881698302,9.174382637,8.945118147,9.213235623,9.054169015,8.764157007,8.905354315,8.141585879,8.100571571,7.853583848,8.147290478,7.88041776,7.883154138,7.844782526
OMN,tCO2 / capita,CO2-total-excl-LU-per-population,6.8426629,6.759000956,6.655651228,7.045954584,7.633488299,7.757624588,7.287632575,7.422971118,7.904524008,9.756452341,10.22931749,9.412638297,11.43819199,14.04461997,11.9030527,12.38417708,16.14407483,17.31285034,16.5638884,15.47030776,16.99841523,18.03990278,18.32800138,17.72877188,16.61228122,16.45312526
PAK,tCO2 / capita,CO2-total-excl-LU-per-population,0.664941694,0.64300307,0.665511268,0.69893197,0.738084059,0.715628183,0.778158588,0.760727338,0.771247506,0.775448079,0.801309325,0.7980145,0.822651861,0.859831251,0.921871093,0.935613745,0.967573598,1.029108336,1.014393368,0.993716955,0.984989568,0.970236893,0.955531084,0.913530512,0.905434595,0.934626257
PAN,tCO2 / capita,CO2-total-excl-LU-per-population,1.120999559,1.288056624,1.649833192,1.494498875,1.609428269,1.084048428,1.648581147,1.969206792,2.03617175,1.898224857,1.897472468,2.259130707,1.854400948,1.903916709,1.75559811,2.035751764,2.155131114,2.064388659,2.053313342,2.363534518,2.481320106,2.680848011,2.621299369,2.735470613,2.200315268,2.67053037
PER,tCO2 / capita,CO2-total-excl-LU-per-population,1.15913302,1.216166779,1.174294508,1.513960266,1.312482864,1.293743937,1.464747417,1.558761314,1.357156429,1.283189872,1.327422752,1.214712275,1.187904411,1.191636803,1.477641379,1.622576412,1.452596828,1.618790753,1.536206645,1.865420304,2.049456169,1.740592041,1.863459112,1.894279198,2.004949157,2.103473629
PHL,tCO2 / capita,CO2-total-excl-LU-per-population,0.695752141,0.711716214,0.769875157,0.762187723,0.820678399,0.88493402,0.885982493,0.989533067,0.938499561,0.920930795,0.955231456,0.911312533,0.897334376,0.876770888,0.890426805,0.879752782,0.786931525,0.823128315,0.881524593,0.85230157,0.916495189,0.911018857,0.949759361,0.997146334,1.038937697,1.120763672
PLW,tCO2 / capita,CO2-total-excl-LU-per-population,15.57529162,15.1867649,14.78545363,14.38012483,13.98310127,13.62081957,13.28359053,13.13248358,12.84819693,12.81847555,12.98565841,13.03854875,12.72095637,12.84263959,12.77519693,13.06138853,13.19208475,12.9250348,12.50741546,12.09320617,12.35955056,12.28214962,12.18807207,12.28489484,12.32577984,13.05900038
PNG,tCO2 / capita,CO2-total-excl-LU-per-population,0.507760269,0.479311925,0.465216778,0.440749412,0.469542025,0.431115859,0.445998626,0.517952787,0.684157668,0.482462044,0.540179483,0.594805736,0.636267305,0.692096326,0.77416,0.802887354,0.795947991,1.006348596,0.830977546,0.76862767,0.683713646,0.745596441,0.695749442,0.850798743,0.849688329,0.882595259
POL,tCO2 / capita,CO2-total-excl-LU-per-population,10.11736326,9.979721993,9.68794932,9.66171616,9.483237544,9.544210134,9.895176834,9.678575293,8.895677152,8.661445216,8.378621338,8.280551308,8.081181418,8.454992876,8.516497497,8.471778265,8.841701617,8.818253576,8.636504878,8.271391397,8.767488857,8.741955151,8.560078861,8.431339828,8.095461684,8.205883849
PRK,tCO2 / capita,CO2-total-excl-LU-per-population,9.017863945,8.636940388,7.450780431,6.86547257,6.25637745,5.488901236,4.513070449,3.944369084,3.194698788,3.140948756,3.018002253,3.212027074,3.179543826,3.220250704,3.26176306,3.371797059,3.407990916,2.846720543,3.106617893,3.024973898,2.834301259,2.054825162,2.084168711,1.532859873,1.70406838,1.790530368
PRT,tCO2 / capita,CO2-total-excl-LU-per-population,4.661757822,4.822444318,5.224996543,5.062160144,5.117067518,5.487828007,5.199955967,5.472552997,5.879898593,6.59386842,6.460574033,6.385037779,6.731351475,6.207618817,6.449303912,6.644126483,6.179273848,5.926555862,5.689019601,5.41244521,5.02237963,4.931611536,4.772335499,4.62590312,4.64131604,5.077519517
PRY,tCO2 / capita,CO2-total-excl-LU-per-population,0.586177322,0.571308296,0.654223486,0.724366136,0.84708867,0.924204711,0.847928447,0.897528364,0.921539462,0.887060975,0.718501895,0.737983629,0.769704014,0.79529953,0.801228668,0.747132169,0.766642257,0.769339201,0.816918211,0.817580494,0.871192779,0.883411455,0.915472568,0.943434162,0.966031111,0.966995772
QAT,tCO2 / capita,CO2-total-excl-LU-per-population,28.75463065,39.79560648,58.32292333,64.79705562,63.89335332,65.82855362,65.67056733,75.7564421,65.04005959,61.4631388,64.83562312,73.59544551,69.54135232,66.222665,62.46252578,64.75013962,67.89511294,57.49672378,50.16763331,47.209545,44.61486248,45.13194819,49.77322371,41.36908108,48.85405651,53.59577262
ROU,tCO2 / capita,CO2-total-excl-LU-per-population,7.365032689,6.054349383,5.647455535,5.331958491,5.277689756,5.530127854,5.744564644,5.390405652,4.808960269,4.060470592,4.302216618,4.594222152,4.667193419,4.832269843,4.816785237,4.759456597,4.989662455,5.229103421,5.13902158,4.272974696,4.119303845,4.4448897,4.318025824,3.861830963,3.895310087,3.944332389
RUS,tCO2 / capita,CO2-total-excl-LU-per-population,17.68723288,16.75269332,13.75422846,13.00264197,11.45461055,11.26180508,11.07554899,10.35404254,10.31340532,10.54997805,10.38276089,10.7670779,10.67530741,10.99701459,11.17709322,11.2799086,11.65200827,11.66607295,11.81131086,11.18155764,11.73562413,12.14541089,12.27159862,11.76902925,11.75559127,11.74524598
RWA,tCO2 / capita,CO2-total-excl-LU-per-population,0.076840177,0.071329721,0.075501529,0.080636085,0.081597377,0.081307972,0.081436847,0.078652247,0.071389993,0.069930632,0.068156023,0.065550893,0.064314294,0.062094299,0.061915727,0.060833643,0.059414028,0.060439897,0.05768338,0.059233595,0.059140172,0.064472748,0.069794259,0.073925787,0.076418926,0.079108802
SAU,tCO2 / capita,CO2-total-excl-LU-per-population,8.574850637,11.91617487,12.60153659,13.66200535,13.32525808,10.24773855,11.18569519,9.330665242,8.902319824,9.559284465,12.28068621,12.20451462,13.05560024,12.85664727,14.98134435,14.7245501,15.58285091,13.85997599,15.07279853,15.79056416,17.06430135,15.82972177,17.08704875,16.06306285,17.3182836,17.3336345
SDN,tCO2 / capita,CO2-total-excl-LU-per-population,0.242708929,0.218248389,0.188927242,0.127795884,0.169608511,0.16844386,0.17146645,0.203066053,0.171130533,0.18190673,0.197794282,0.219359417,0.268832529,0.291140654,0.361090468,0.342909857,0.363842716,0.418182889,0.427849728,0.439813603,0.439132677,0.418001784,0.414001681,0.431479929,0.418677101,0.424344949
SEN,tCO2 / capita,CO2-total-excl-LU-per-population,0.424849486,0.44289521,0.435880432,0.437611896,0.459342168,0.400155214,0.416755952,0.355568971,0.364181023,0.384617099,0.39659848,0.421333195,0.430899288,0.459188885,0.463675243,0.500388134,0.390247684,0.414366142,0.396592679,0.342604449,0.571374199,0.594696152,0.544385954,0.563018402,0.587785972,0.552847921
SGP,tCO2 / capita,CO2-total-excl-LU-per-population,7.301806567,7.233810313,7.493494925,7.665194057,8.891252012,6.956463748,8.328348943,10.27640797,9.138563128,10.03021635,10.44977465,10.40116911,9.851839946,6.777594872,6.247082407,6.568631511,6.613324961,4.66980861,7.317914316,10.43194285,10.24781584,10.12361435,10.24481698,14.82977378,14.83019972,15.46448931
SLB,tCO2 / capita,CO2-total-excl-LU-per-population,0.487429451,0.477002553,0.451579467,0.438937594,0.41806858,0.417565593,0.405988053,0.394791905,0.383982306,0.393487042,0.382929117,0.389285908,0.381379491,0.378271545,0.370916644,0.361790651,0.361429266,0.383413803,0.388521181,0.395288318,0.392201444,0.383607542,0.375318885,0.374436792,0.368372765,0.382990458
SLE,tCO2 / capita,CO2-total-excl-LU-per-population,0.11780404,0.130497766,0.108049902,0.108420613,0.124427441,0.098249774,0.115123705,0.107770259,0.099916254,0.08743065,0.09793403,0.124705986,0.126885736,0.130395925,0.122801003,0.10144248,0.130285541,0.111546714,0.112564173,0.108236428,0.117051057,0.140508663,0.156663296,0.176247627,0.193525731,0.161668641
SLV,tCO2 / capita,CO2-total-excl-LU-per-population,0.517603859,0.638299031,0.659218852,0.728900256,0.863849867,0.9213855,0.835695112,1.003883721,1.038294732,1.011126338,1.005517393,1.034547801,1.033617309,1.103568848,1.081526969,1.094715988,1.159089491,1.175315095,1.106328477,1.088430763,1.09171262,1.12392936,1.134820902,0.988677088,0.996626594,1.241984527
SMR,tCO2 / capita,CO2-total-excl-LU-per-population,7.694547269,7.791355696,7.717483535,7.517600732,7.407117103,7.844804266,7.745430959,7.846687792,8.022687414,8.045467966,8.20628784,8.140623874,8.143380392,8.352635643,8.38356544,8.344733242,8.273114068,8.106214765,7.808638925,6.965465612,7.039537126,6.919756221,6.423513192,5.665108504,5.236243378,5.916262136
SOM,tCO2 / capita,CO2-total-excl-LU-per-population,0.102198802,0.098176808,0.094143802,0.088300092,0.086102843,0.079430035,0.075008974,0.069308969,0.063996223,0.05928742,0.056261575,0.057045538,0.064302516,0.063437862,0.061781921,0.060134919,0.05849799,0.05815957,0.055940238,0.053980231,0.053678589,0.051593244,0.050298595,0.049191504,0.047805374,0.048173266
SRB,tCO2 / capita,CO2-total-excl-LU-per-population,6.188486809,3.905053671,4.679770229,4.032441657,3.893782086,4.067118791,4.799347695,5.202693994,5.524797978,3.852050366,4.331963302,4.674178922,5.025284129,5.363936652,5.897383581,5.599574432,6.050174588,5.878351618,5.857431223,5.173884438,5.216110894,5.637250596,5.046341492,5.156826377,4.3445415,5.547220289
SSD,tCO2 / capita,CO2-total-excl-LU-per-population,0.097079283,0.090616257,0.084109937,0.061556225,0.084871546,0.083707008,0.088712196,0.10182308,0.08327974,0.086795474,0.094468363,0.102517162,0.12200723,0.130504761,0.160510449,0.152918832,0.158239956,0.178394002,0.175966325,0.178891487,0.182771919,0.174181731,0.168234109,0.166405875,0.168242553,0.170003104
STP,tCO2 / capita,CO2-total-excl-LU-per-population,0.442520611,0.433384353,0.425026932,0.415956246,0.408153388,0.400145507,0.393569371,0.387469777,0.380758219,0.374578691,0.36722797,0.386239426,0.428603966,0.468417222,0.506682284,0.518537557,0.552947379,0.540769217,0.529018111,0.560261807,0.589325766,0.598434004,0.645200094,0.630864231,0.616941851,0.736373259
SUR,tCO2 / capita,CO2-total-excl-LU-per-population,4.491106137,5.08169242,5.038283861,4.883278028,4.782203795,4.777744724,4.755175142,4.75925203,4.67978161,4.582411676,4.720675713,4.96085737,3.250221512,3.153592228,3.160261734,3.20675985,3.470108486,3.452977703,3.76590805,3.841580887,4.561844354,3.705870513,4.189343427,3.520477753,3.613613467,4.15756822
SVK,tCO2 / capita,CO2-total-excl-LU-per-population,11.72365308,10.09561641,9.232444235,8.733519923,8.185875691,8.352757991,8.394016626,8.384027019,8.192385382,8.040449761,7.704829465,8.129620597,7.796073964,7.870536526,7.963819811,7.945970365,7.909544449,7.594947026,7.686813651,6.980552034,7.160972368,7.024228227,6.664119164,6.580487472,6.184609489,6.232398988
SVN,tCO2 / capita,CO2-total-excl-LU-per-population,8.372876068,7.719569457,8.027875176,8.046909987,8.268161016,8.134686302,8.496779017,8.551501417,8.350201411,7.996708776,8.046270076,8.5498069,8.600467544,8.496881544,8.687224758,8.816394085,8.833256562,8.889820361,9.286069217,8.302938356,8.312275569,8.278806839,7.959658123,7.647187795,6.808814759,6.844072744
SWE,tCO2 / capita,CO2-total-excl-LU-per-population,6.979960277,6.933223206,6.84952165,6.802506432,7.046868724,6.959832149,7.382163902,6.810350786,6.899002215,6.57042071,6.428992844,6.574664077,6.636254982,6.624645783,6.495645082,6.195634003,6.33227004,6.122286618,5.846123533,5.357826582,5.963684569,5.430021809,5.104336516,4.960871,4.768108906,4.670425198
SWZ,tCO2 / capita,CO2-total-excl-LU-per-population,0.501524891,0.374877346,0.298002062,0.149346609,0.519232852,0.47877168,0.352426856,1.205185285,1.18907339,1.185889068,1.121088907,1.071834337,1.045396094,0.965613137,0.949725721,0.922348226,0.910296525,0.9398876,0.9491784,0.889321786,0.872931879,0.85696237,0.977440356,0.857284877,0.934292953,0.940098301
SYC,tCO2 / capita,CO2-total-excl-LU-per-population,2.435432714,2.713286713,2.668060293,2.779501849,2.967241128,2.881243237,3.308657869,4.639365783,5.75844825,6.658255362,7.332010696,7.96928555,6.686222581,6.681410779,8.710164144,8.045614351,8.454254453,7.388043996,7.917429372,6.041698706,5.131010339,3.996341224,5.049574687,4.635368943,5.597615116,4.917752982
SYR,tCO2 / capita,CO2-total-excl-LU-per-population,3.021009433,3.316369389,3.268349298,3.376543506,3.35491158,2.913807348,2.914209864,2.707963706,3.236720952,3.277953199,3.119887528,2.910496449,2.294020781,3.123696187,2.875332222,2.7713079,2.83373329,3.387187751,3.325880769,3.006017846,2.940220185,2.741565337,2.188955218,1.832487335,1.593493547,2.465974489
TCD,tCO2 / capita,CO2-total-excl-LU-per-population,0.028874278,0.015609551,0.018112835,0.018762576,0.020672955,0.021426361,0.023200786,0.02415507,0.024615756,0.02524296,0.026011204,0.025164458,0.025661851,0.061262449,0.061791693,0.062580653,0.062274525,0.069508194,0.063769433,0.058246759,0.057540875,0.062008434,0.060133167,0.070886945,0.071484169,0.07780483
TGO,tCO2 / capita,CO2-total-excl-LU-per-population,0.184845812,0.189579759,0.217953368,0.197051558,0.232248594,0.304163009,0.352413853,0.258018931,0.292796167,0.412375065,0.3118482,0.285615354,0.310389163,0.393218757,0.368590456,0.355429306,0.31518766,0.285124267,0.300237139,0.489694923,0.447489079,0.419206735,0.367374679,0.372003315,0.390100036,0.466508341
THA,tCO2 / capita,CO2-total-excl-LU-per-population,1.634771798,1.781397982,1.936447253,2.175965685,2.393820236,2.739873855,3.025694866,3.088878909,2.727393025,2.88893717,2.938465934,3.115984399,3.308717515,3.547365352,3.815253664,3.851710962,3.904341269,3.897539135,3.892058638,4.096775588,4.300031627,4.235146593,4.48086926,4.49055234,4.721064595,4.835589942
TJK,tCO2 / capita,CO2-total-excl-LU-per-population,3.368833521,3.221796229,2.598593924,2.145111809,1.207782202,0.839590946,0.576113677,0.58979334,0.441736383,0.449722203,0.431131213,0.458344035,0.426509471,0.443979719,0.513940372,0.408510082,0.517101711,0.374700187,0.365266669,0.286371181,0.266958751,0.23541607,0.265163672,0.31915639,0.43526378,0.383686268
TKM,tCO2 / capita,CO2-total-excl-LU-per-population,5.320353119,5.172616275,3.923234858,3.316055769,3.985323318,4.206433705,4.198403487,4.247879619,4.758153266,5.888764595,5.978568824,5.80620848,5.965290254,6.400699695,6.293322402,6.709234199,7.089242335,7.761588637,8.083858176,7.148633672,8.079084606,8.600594388,8.922064627,8.944748845,9.018994955,9.774883007
TLS,tCO2 / capita,CO2-total-excl-LU-per-population,0.116898713,0.141568137,0.153954075,0.148750436,0.143576861,0.142292073,0.162116002,0.209863829,0.211513256,0.318556557,0.449743979,0.314835003,0.291180689,0.273715411,0.516706164,0.325382568,0.314699019,0.280758292,0.275482094,0.305854924,0.284789621,0.309317619,0.344064456,0.460161808,0.469981382,0.382762936
TON,tCO2 / capita,CO2-total-excl-LU-per-population,0.869126565,1.059444264,0.789561866,0.942035047,1.017394843,1.051251093,0.860235138,1.085551822,0.966695836,1.188634198,1.029750617,0.954254596,1.098967575,1.232600788,1.155309444,1.187636702,1.327577221,1.172367303,1.232949857,1.331994904,1.190739123,1.042294195,1.076692933,1.139298192,1.20058233,1.26922643
TTO,tCO2 / capita,CO2-total-excl-LU-per-population,17.18634913,17.31838261,18.90928955,17.59874382,17.75548301,17.4501853,20.74121637,18.95805273,20.83099018,24.43122294,25.47350755,28.05765573,30.20729561,33.17622651,35.41167035,42.09928956,45.81228168,47.88964759,46.67881025,46.68519951,49.84564415,48.69687171,45.46850449,49.54578089,49.68648786,49.55547125
TUN,tCO2 / capita,CO2-total-excl-LU-per-population,1.615489851,1.853241343,1.75515577,1.88960861,1.786392956,1.722629259,1.815031638,1.81156486,1.894857515,1.915919857,2.062026372,2.125550331,2.108608333,2.122805185,2.206117013,2.22717546,2.236141221,2.320819391,2.363717286,2.337995448,2.565806113,2.397442653,2.443355488,2.451301269,2.512583557,2.23529872
TUR,tCO2 / capita,CO2-total-excl-LU-per-population,2.818902275,2.862846095,2.923825817,3.000685092,2.901112102,3.09473756,3.332031485,3.494968794,3.456732713,3.323308501,3.621118941,3.302619286,3.377182777,3.571114964,3.656287759,3.887875669,4.159189034,4.526038884,4.457692467,4.485613341,4.438181892,4.740533764,4.787456574,4.60499118,4.673465728,4.893225976
TUV,tCO2 / capita,CO2-total-excl-LU-per-population,0.869710097,0.864906661,0.860687232,0.856269113,0.854189336,0.850487541,0.848098531,0.847256656,0.844616377,0.842161584,0.835456476,0.827375946,1.193565127,1.177434217,1.162320598,1.146903361,0.777350301,1.132480719,1.121856867,1.111004693,0.749216599,0.743319533,1.081585082,1.072187818,1.063439677,1.118080175
TZA,tCO2 / capita,CO2-total-excl-LU-per-population,0.093481423,0.095382814,0.088906461,0.09627228,0.087717443,0.121158411,0.114890847,0.094198715,0.081043488,0.078097919,0.07958326,0.090554383,0.100537841,0.103636505,0.115294166,0.140571515,0.149132712,0.140731803,0.141437015,0.13164897,0.152716164,0.16901088,0.191919821,0.219209052,0.218245019,0.20415755
UGA,tCO2 / capita,CO2-total-excl-LU-per-population,0.04673458,0.046395769,0.045354905,0.043630692,0.038728862,0.04861245,0.05235326,0.052593233,0.058088518,0.058436828,0.061565919,0.062361969,0.06221312,0.061596661,0.064566593,0.077074153,0.086969287,0.095454512,0.099798206,0.102221736,0.114108354,0.119109874,0.109070489,0.126751737,0.131587967,0.129779969
UKR,tCO2 / capita,CO2-total-excl-LU-per-population,13.73766554,12.3196239,11.4941563,9.977076886,8.23076854,7.680872214,6.958934537,6.794274973,6.472546423,5.944315117,5.732997047,6.239297513,6.148447448,6.431198087,6.502037891,6.696214888,7.143410443,7.265067497,7.058350256,6.04426349,6.420265187,6.757897256,6.703516455,6.583061782,5.725944361,5.015931854
URY,tCO2 / capita,CO2-total-excl-LU-per-population,1.276531846,1.468686643,1.692629297,1.48828487,1.358692682,1.522573155,1.788773828,1.803724232,1.840749082,2.157544243,1.70418021,1.535870696,1.346245672,1.332075629,1.693693564,1.725998102,1.972355205,1.769598301,2.396425476,2.381975493,1.920332858,2.309766235,2.614242854,2.221240873,1.968097519,2.404159984
USA,tCO2 / capita,CO2-total-excl-LU-per-population,20.78961327,20.39417077,20.58617998,20.80607696,20.97117743,21.0043822,21.39109657,21.4230686,21.30342073,21.33669733,21.66798995,21.13375274,21.00819533,20.99799983,21.22791533,21.10937734,20.61597055,20.69228157,19.81052652,18.19807307,18.72723545,18.13205306,17.36158634,17.68415663,17.72007313,17.12879178
UZB,tCO2 / capita,CO2-total-excl-LU-per-population,5.620046815,5.488895701,5.036502283,4.969977234,4.641373975,4.548781836,4.635409784,4.469652535,4.271659283,4.369171469,4.507238142,4.446468823,4.546902,4.335932738,4.166614743,3.998161751,4.05351186,3.957149204,4.257495492,3.942418527,3.705478242,3.749799093,3.689809683,3.287837261,3.278729589,3.422001812
VCT,tCO2 / capita,CO2-total-excl-LU-per-population,0.769266546,0.669671842,0.691647454,0.799319099,0.890602891,0.952627587,0.990053204,0.999962964,1.334296992,1.529477197,1.445809932,1.740934178,1.766130971,1.845869866,2.017336195,2.013904215,2.010890025,2.081671206,2.07942106,2.837450688,2.003384714,1.801702929,2.304990487,1.902671057,1.902027305,1.964277557
VEN,tCO2 / capita,CO2-total-excl-LU-per-population,6.34378608,5.852820068,5.288696733,6.019721265,6.16762538,6.264459239,5.651188679,6.014665919,7.297581013,7.407811554,6.41121448,7.174786949,7.831963068,7.654089876,6.039375589,6.421705724,6.497995827,6.066741743,6.644943033,6.541361008,6.752093743,6.245059318,6.891227,6.332903312,6.278795843,5.938026137
VNM,tCO2 / capita,CO2-total-excl-LU-per-population,0.316670944,0.314334957,0.310696764,0.326624318,0.36523463,0.402931013,0.475300611,0.604234795,0.643698346,0.6474255,0.724912407,0.808479979,0.926101087,1.015134422,1.156502878,1.233559806,1.280927088,1.29235685,1.430090471,1.541704705,1.684138911,1.788975892,1.68045151,1.704960424,1.912584824,2.180149446
VUT,tCO2 / capita,CO2-total-excl-LU-per-population,0.463739651,0.451657404,0.41547767,0.403594178,0.393403488,0.405979731,0.50465364,0.496002834,0.467210997,0.47919711,0.469569822,0.478630673,0.448555342,0.437767636,0.301259411,0.293738358,0.235750161,0.463735434,0.436673471,0.537296618,0.524767769,0.558148765,0.472755925,0.430588365,0.606528878,0.634913436
WSM,tCO2 / capita,CO2-total-excl-LU-per-population,0.638561762,0.652136815,0.670411306,0.663847805,0.681328056,0.6934772,0.735624668,0.749137621,0.76887057,0.788466519,0.824695035,0.842987822,0.838137523,0.872443179,0.850202203,0.905912888,0.916651021,0.954543958,0.986236283,1.017172909,1.009639913,1.081714758,1.051830396,1.043212045,1.180508607,1.248974241
YEM,tCO2 / capita,CO2-total-excl-LU-per-population,0.805338691,0.736083093,0.757940572,0.629225199,0.694222962,0.737566473,0.730044195,0.877569649,0.775321803,0.86315545,0.900713158,0.946159449,0.893273434,0.971118923,1.014134538,1.073705406,1.148364214,1.167729922,1.15403242,1.257892897,1.152211405,0.931873991,0.851064889,1.149500698,1.024905313,0.899086561
ZAF,tCO2 / capita,CO2-total-excl-LU-per-population,7.987108806,8.064966164,7.291624984,7.593021775,7.884732298,8.244597977,8.182100455,8.543871428,8.293497501,8.122724153,8.047530288,7.912039507,8.080606517,8.457728577,8.725859707,8.500512468,8.568896623,9.020353345,8.926423242,8.652009469,8.665366293,8.839818584,8.358772399,8.480976092,8.37923716,7.939777062
ZMB,tCO2 / capita,CO2-total-excl-LU-per-population,0.305210263,0.294912504,0.293412129,0.291838848,0.274277215,0.238588336,0.200121265,0.247243647,0.23316058,0.177739339,0.173769025,0.178305406,0.1798495,0.185606984,0.182411041,0.18917777,0.184116764,0.150086744,0.164341464,0.182069269,0.188447204,0.199092084,0.239456809,0.250771949,0.275270927,0.272660866
ZWE,tCO2 / capita,CO2-total-excl-LU-per-population,1.53194804,1.532120475,1.581972182,1.421267815,1.565177781,1.545889145,1.623508825,1.67378352,1.774112288,2.179942753,2.078176925,1.762874747,1.567934147,1.298095117,1.048717548,1.051002038,0.868619939,0.802706155,0.619538976,0.434448933,0.59561346,0.708990676,0.564890102,0.803746068,0.804584836,0.811284408
