sectorCode,sector,unit,ISO,country,variable,Y1990,Y1991,Y1992,Y1993,Y1994,Y1995,Y1996,Y1997,Y1998,Y1999,Y2000,Y2001,Y2002,Y2003,Y2004,Y2005,Y2006,Y2007,Y2008,Y2009,Y2010,Y2011,Y2012,Y2013,Y2014,Y2015,Y2016,Y2017
IPCM0EL,NatTotalExclLULUCF,MtCO2eq,ABW,ARUBA,KYOTOGHGAR4,1.7053,1.749,1.5329,1.6681,1.6907,1.7488,1.7642,1.8211,1.8756,1.8881,2.4681,2.499,2.5289,2.6556,2.7111,2.8145,2.8117,2.9208,2.7569,2.7285,2.6095,2.6039,1.4532,0.9682,0.9808,1.0123,1.0296,
IPCM0EL,NatTotalExclLULUCF,MtCO2eq,AFG,AFGHANISTAN,KYOTOGHGAR4,12.8333,13.0359,12.0528,12.2021,12.2452,12.8268,13.9125,14.8752,15.6794,16.5714,14.8423,13.2886,15.9716,16.7118,16.3807,17.1945,17.7479,18.4566,21.7499,25.0143,28.8518,32.8446,32.5047,31.0286,32.4054,32.54,34.542,
IPCM0EL,NatTotalExclLULUCF,MtCO2eq,AGO,ANGOLA,KYOTOGHGAR4,68.7644,70.9554,73.3014,72.6589,66.3773,77.7669,82.0358,77.2681,79.9588,75.8672,70.5521,69.6525,71.3805,71.0998,81.762,82.4403,80.2985,84.8736,84.529,86.6369,92.5431,94.9109,95.3237,92.2016,92.6928,97.0627,98.2048,
IPCM0EL,NatTotalExclLULUCF,MtCO2eq,AIA,ANGUILLA,KYOTOGHGAR4,0.054408,0.054509,0.058189,0.069351,0.069661,0.069829,0.073576,0.073554,0.080936,0.084633,0.092164,0.099498,0.099597,0.10703,0.12616,0.13366,0.14845,0.15581,0.15577,0.15207,0.15586,0.14861,0.14865,0.14173,0.1492,0.15425,0.15696,
IPCM0EL,NatTotalExclLULUCF,MtCO2eq,ALB,ALBANIA,KYOTOGHGAR4,6.7836,8.0887,5.8009,5.8949,6.4486,6.3927,6.4484,6.5233,7.323,7.7672,7.0292,7.4093,7.7163,8.0186,8.3059,8.1098,8.0436,8.2704,8.1824,8.6564,8.9319,9.6453,9.2923,9.4837,10.2982,10.012,9.942,
IPCM0EL,NatTotalExclLULUCF,MtCO2eq,AND,ANDORRA,KYOTOGHGAR4,0.47571,0.48446,0.49387,0.50427,0.50858,0.5363,0.56739,0.57745,0.59114,0.60899,0.62122,0.62006,0.62549,0.62735,0.65217,0.66589,0.63477,0.6297,0.62736,0.60489,0.60827,0.58139,0.57682,0.56473,0.54172,0.55979,0.55419,
IPCM0EL,NatTotalExclLULUCF,MtCO2eq,ANNEXI,Annex I,KYOTOGHGAR4,19808.4385,19360.5818,18718.1838,18420.3374,18144.0049,18234.1142,18482.3371,18349.0955,18281.9207,18239.2994,18454.9018,18438.8826,18443.8709,18709.4058,18925.2959,18945.6706,18945.8396,19101.6934,18688.83,17562.6483,18109.5068,17959.5294,17761.0823,17764.8466,17557.0646,17403.0245,17288.1824,
IPCM0EL,NatTotalExclLULUCF,MtCO2eq,ANT,NETHERLANDS ANTILLES,KYOTOGHGAR4,5.6017,4.5335,3.7773,5.7309,5.5054,5.4514,5.1145,5.3662,0.54039,2.3595,5.8629,5.9758,5.7525,5.7515,6.0379,5.9941,6.2329,6.9968,6.7379,6.871,4.7683,6.0712,7.2597,6.4981,7.1833,7.4206,7.5445,
IPCM0EL,NatTotalExclLULUCF,MtCO2eq,AOSIS,AOSIS,KYOTOGHGAR4,165.9959,164.5787,171.6039,172.1003,181.7933,173.9044,188.1806,195.9198,192.5372,203.5129,220.3223,228.079,224.689,220.4334,222.9591,237.9433,253.5471,251.6793,267.8449,280.0566,290.5044,290.7326,290.9427,328.4751,333.9544,344.4686,352.4889,
IPCM0EL,NatTotalExclLULUCF,MtCO2eq,ARE,UNITED ARAB EMIRATES,KYOTOGHGAR4,60.1766,66.0984,67.6205,74.8892,81.5575,83.0098,75.8372,79.031,101.0941,100.9369,135.6631,132.6479,123.631,154.4614,169.2314,181.1005,193.6888,209.5827,237.5411,250.9296,245.3538,254.0999,268.6406,264.4605,314.9715,337.1973,346.6998,
IPCM0EL,NatTotalExclLULUCF,MtCO2eq,ARG,ARGENTINA,KYOTOGHGAR4,242.6214,252.1812,257.5472,261.2332,266.4726,260.4437,272.5196,274.181,278.6751,280.7198,296.6807,293.3297,286.7622,304.7185,316.9441,326.4309,341.0986,355.5105,351.8678,341.3198,315.586,325.4394,327.249,337.19,328.7044,331.5493,334.3833,
IPCM0EL,NatTotalExclLULUCF,MtCO2eq,ARM,ARMENIA,KYOTOGHGAR4,25.9566,24.4069,28.6513,13.2765,13.2093,13.9821,10.5443,10.8667,9.4597,7.469,6.072,6.155,5.9823,6.5112,6.9554,7.819,8.0107,8.8988,9.5994,8.4708,8.5031,9.3406,10.3798,10.2118,10.3535,11.28,11.5285,
IPCM0EL,NatTotalExclLULUCF,MtCO2eq,ATA,ANTARCTICA,KYOTOGHGAR4,0.011,0.014667,0.014667,0.014667,0.014667,0.0036667,0.0036667,0.0036667,0.0036667,0.0036667,0.0036667,0.0036667,0.0036667,0.0036667,0.0073334,0.0073334,0.0073334,0.011,0.005308,0.005177,0.0050461,0.0049151,0.0047842,0.0046532,0.0045223,0.0043913,0.0042604,
IPCM0EL,NatTotalExclLULUCF,MtCO2eq,ATG,ANTIGUA AND BARBUDA,KYOTOGHGAR4,0.39326,0.38079,0.37831,0.38698,0.38593,0.39646,0.41559,0.4315,0.44368,0.45806,0.47713,0.48354,0.50722,0.54326,0.56439,0.57422,0.59053,0.61717,0.62929,0.65932,0.65377,0.64925,0.66187,0.66316,0.67818,0.69738,0.70686,
IPCM0EL,NatTotalExclLULUCF,MtCO2eq,AUS,AUSTRALIA,KYOTOGHGAR4,422.9553,424.1402,428.9782,429.2002,429.3915,438.8803,445.916,457.8775,471.7801,477.4452,488.2092,495.621,499.5507,501.768,519.2228,525.3236,529.9384,537.581,540.9044,545.0609,542.2427,543.5356,546.7518,536.4226,530.4494,540.6898,552.3117,
IPCM0EL,NatTotalExclLULUCF,MtCO2eq,AUT,AUSTRIA,KYOTOGHGAR4,79.5387,83.248,76.4669,76.4976,77.0104,80.334,83.6731,83.3785,82.7511,80.7654,81.0453,85.1623,86.8672,92.4549,92.1985,93.3694,90.4895,87.6987,87.462,80.59,85.4205,83.0111,80.5351,80.6654,76.9095,79.3053,80.102,
IPCM0EL,NatTotalExclLULUCF,MtCO2eq,AZE,AZERBAIJAN,KYOTOGHGAR4,77.927,70.6906,62.2815,53.3969,47.3562,49.9077,42.6202,41.5761,41.0881,41.5677,42.9841,43.8147,44.4064,46.5575,48.9109,52.6816,57.2681,51.2522,61.6405,55.8762,55.8673,56.8348,59.8562,60.9145,63.8051,68.0126,68.7785,
IPCM0EL,NatTotalExclLULUCF,MtCO2eq,BASIC,BASIC countries,KYOTOGHGAR4,5728.1874,5952.9792,6120.8206,6364.2887,6712.6145,7168.279,7449.959,7521.2863,7416.6602,7591.4515,7782.2602,7897.5372,8346.6898,9216.8603,10161.0005,10988.0393,11828.4793,12484.9618,13255.8587,13867.7064,14781.0386,15969.8035,16484.3521,16581.3361,16933.7499,16983.2027,17142.0724,
IPCM0EL,NatTotalExclLULUCF,MtCO2eq,BDI,BURUNDI,KYOTOGHGAR4,3.1483,3.2237,3.267,3.2827,3.2401,3.2785,3.3195,3.4257,3.3805,3.1558,3.2309,3.6232,3.6687,3.7294,4.0523,4.1616,4.3919,4.5126,4.713,4.9262,5.2385,5.4904,5.622,6.1769,6.4076,6.5114,6.2654,
IPCM0EL,NatTotalExclLULUCF,MtCO2eq,BEL,BELGIUM,KYOTOGHGAR4,149.2137,151.7496,150.3899,149.4452,154.1107,156.3119,160.04,151.5159,156.6044,149.9134,150.8833,149.3312,148.8654,149.2473,150.6353,146.7063,144.2636,140.699,140.6724,127.4811,134.224,123.4666,120.6786,121.1644,115.502,119.0964,119.2566,
IPCM0EL,NatTotalExclLULUCF,MtCO2eq,BEN,BENIN,KYOTOGHGAR4,6.0694,6.3686,6.5455,6.8513,7.3044,7.1675,7.35,7.5367,7.824,8.1493,8.5694,8.6809,9.8013,9.6359,9.6606,10.6626,11.4848,12.3577,12.0825,12.5828,12.9939,13.3238,13.5209,14.3054,14.8642,15.3762,15.8192,
IPCM0EL,NatTotalExclLULUCF,MtCO2eq,BFA,BURKINA FASO,KYOTOGHGAR4,13.7081,14.2229,14.5918,14.8675,15.25,15.5715,15.9174,16.7072,16.9664,16.9517,18.1595,18.2168,18.7874,22.1009,22.925,24.1498,24.4289,25.5452,26.7406,27.4998,28.5333,29.0751,29.5787,31.1772,31.4417,32.4542,33.1997,
IPCM0EL,NatTotalExclLULUCF,MtCO2eq,BGD,BANGLADESH,KYOTOGHGAR4,49.5193,49.9067,51.9298,51.6404,53.5831,60.6556,64.4888,67.7526,69.0598,73.9665,78.5267,85.3755,88.5526,92.1335,95.3499,99.363,104.424,106.359,111.1404,114.3483,120.2557,124.1239,128.4398,130.6183,135.4751,149.2085,151.9819,
IPCM0EL,NatTotalExclLULUCF,MtCO2eq,BGR,"BULGARIA, THE REPUBLIC OF",KYOTOGHGAR4,104.5304,82.8416,78.4081,78.2954,74.273,75.3817,75.9822,72.561,68.0902,61.7062,60.665,63.5972,60.4734,65.1632,64.0125,64.5812,64.9914,69.2183,67.3206,58.3296,60.9795,66.3545,61.4259,55.8944,58.8964,62.052,59.3665,
IPCM0EL,NatTotalExclLULUCF,MtCO2eq,BHR,BAHRAIN,KYOTOGHGAR4,19.0705,15.7501,15.1484,19.4345,19.3628,19.4466,20.274,22.2739,23.3671,23.1515,23.7094,19.203,21.1634,21.7477,23.4338,26.0841,26.2761,34.3304,37.5485,36.0743,37.1641,36.6425,34.5484,39.9505,40.2261,33.3651,32.731,
IPCM0EL,NatTotalExclLULUCF,MtCO2eq,BHS,BAHAMAS,KYOTOGHGAR4,2.4853,2.3235,2.3358,2.2488,2.25,2.2675,2.2806,1.9796,2.3162,2.3133,2.3037,2.2108,2.2227,2.1807,2.4163,2.4299,2.3641,2.4036,2.2273,2.3642,2.382,2.6431,2.7474,3.5895,3.2034,3.3008,3.3548,
IPCM0EL,NatTotalExclLULUCF,MtCO2eq,BIH,BOSNIA AND HERZEGOVINA,KYOTOGHGAR4,35.7403,33.5313,16.44,11.6271,11.5189,10.4323,12.0609,15.0857,19.4485,19.8445,21.0736,21.1825,21.7016,21.5634,23.0862,23.2943,24.527,24.2483,26.038,26.6155,26.9242,28.9354,27.2894,26.7996,28.5915,27.3123,28.2648,
IPCM0EL,NatTotalExclLULUCF,MtCO2eq,BLR,BELARUS,KYOTOGHGAR4,140.6277,132.2861,122.5012,108.7953,92.8251,84.5006,86.5307,90.2136,87.0744,83.5708,81.9948,82.0484,80.7997,82.9847,89.7615,91.6181,97.5779,95.3802,99.4274,95.5287,99.9684,97.4685,98.5056,100.9089,100.4303,95.9982,97.6896,
IPCM0EL,NatTotalExclLULUCF,MtCO2eq,BLZ,BELIZE,KYOTOGHGAR4,0.60078,0.64299,0.66505,0.66711,0.66326,0.63607,0.57169,0.66842,0.66776,0.66472,0.70989,0.77465,0.81956,0.88876,0.72626,0.7728,0.7975,0.85354,0.81446,1.012,0.94141,1.0482,0.93345,1.0064,0.95538,1.1512,1.2098,
IPCM0EL,NatTotalExclLULUCF,MtCO2eq,BOL,"BOLIVIA, THE PLURINATIONAL STATE OF",KYOTOGHGAR4,17.33,18.2543,19.6533,21.6152,23.1587,27.9218,38.9719,51.0299,55.8219,53.3519,49.8894,39.7865,36.0438,40.4026,51.6954,57.2894,61.7378,61.5975,64.5949,67.4576,72.2264,74.632,79.9905,82.1742,85.155,86.1707,88.7418,
IPCM0EL,NatTotalExclLULUCF,MtCO2eq,BRA,BRAZIL,KYOTOGHGAR4,606.0169,630.39,640.058,654.1304,674.1776,700.4593,707.3428,734.641,753.1453,772.7011,803.384,820.8255,838.6035,866.2354,900.4217,916.3654,922.4949,926.969,955.77,941.6606,1003.3648,1007.3561,1036.4115,1050.2145,1081.3258,1074.2409,1048.0796,
IPCM0EL,NatTotalExclLULUCF,MtCO2eq,BRB,BARBADOS,KYOTOGHGAR4,1.2694,1.4034,1.1774,1.3113,0.94748,1.0301,1.0519,1.0916,1.328,1.3975,1.3773,1.4008,1.3882,1.4276,1.4611,1.5069,1.5188,1.5241,1.7816,1.7828,1.6418,1.7092,1.6573,1.632,1.4502,1.4949,1.5186,
IPCM0EL,NatTotalExclLULUCF,MtCO2eq,BRN,BRUNEI DARUSSALAM,KYOTOGHGAR4,10.024,10.021,9.9781,9.2553,9.1385,9.363,9.4424,9.6818,9.858,8.8023,9.8673,10.0029,9.6076,10.2261,10.3736,10.2909,10.9611,14.3859,16.0832,13.9661,14.0474,15.7588,15.6334,14.2702,15.6811,16.1485,17.8499,
IPCM0EL,NatTotalExclLULUCF,MtCO2eq,BTN,BHUTAN,KYOTOGHGAR4,0.99449,1.0527,1.0728,1.0494,1.0659,1.2574,1.3545,1.438,1.4399,1.4744,1.4585,1.4042,1.457,1.4222,1.3628,1.5286,1.5141,1.5505,1.5269,1.7613,1.8778,2.0816,2.1585,2.2611,2.3247,2.2816,2.333,
IPCM0EL,NatTotalExclLULUCF,MtCO2eq,BWA,BOTSWANA,KYOTOGHGAR4,12.8516,12.2578,12.1703,12.2906,12.5612,13.4058,14.9579,14.5154,14.1525,13.878,14.1144,14.9488,14.1231,9.3109,9.8776,10.4361,13.1888,11.0168,17.9875,10.7847,20.7916,23.1376,13.043,12.9033,13.5644,16.504,16.8743,
IPCM0EL,NatTotalExclLULUCF,MtCO2eq,CAF,CENTRAL AFRICAN REPUBLIC,KYOTOGHGAR4,19.3381,19.7795,19.9187,20.0153,20.2575,21.8197,23.5159,25.0421,28.5527,26.9794,31.8522,30.7804,28.3426,38.4104,38.5029,38.5512,14.7199,14.8228,15.0164,8.923,9.2503,9.9474,9.4739,9.8438,9.7648,10.3205,10.6393,
IPCM0EL,NatTotalExclLULUCF,MtCO2eq,CAN,CANADA,KYOTOGHGAR4,607.2382,599.5019,616.5317,617.994,639.3898,655.6197,676.5647,692.1968,700.0945,713.133,735.7543,724.6769,728.9142,746.3096,747.5903,736.1098,726.8984,749.3574,728.9036,685.4926,698.6031,703.3586,710.5614,720.1002,720.3796,718.0382,708.3814,
IPCM0EL,NatTotalExclLULUCF,MtCO2eq,CHE,SWITZERLAND,KYOTOGHGAR4,53.2251,55.1086,54.874,52.2328,51.2463,52.1169,52.8387,51.6283,53.2666,52.9837,52.2232,53.8129,52.2284,53.4084,54.047,54.6543,54.332,52.4085,53.9282,52.5798,54.1594,50.0975,51.4453,52.2877,48.3627,47.8167,48.2023,
IPCM0EL,NatTotalExclLULUCF,MtCO2eq,CHL,CHILE,KYOTOGHGAR4,52.4822,50.4207,52.7057,55.6618,58.281,61.8893,68.1426,75.4523,75.962,80.0393,77.4776,72.1333,73.7979,74.0786,79.1538,80.3642,83.077,90.7466,93.1569,88.9262,94.0522,101.0538,102.7175,101.6163,101.8027,104.6219,110.4357,
IPCM0EL,NatTotalExclLULUCF,MtCO2eq,CHN,CHINA,KYOTOGHGAR4,3598.8003,3739.2419,3868.9556,4050.0443,4304.8053,4653.7497,4846.1424,4822.7455,4681.184,4767.4076,4893.6293,4998.9513,5422.2142,6195.787,7021.599,7779.5376,8528.915,9058.5929,9655.6186,10132.0749,11000.6016,12050.703,12400.5215,12476.7519,12601.092,12610.3507,12689.3856,
IPCM0EL,NatTotalExclLULUCF,MtCO2eq,CIV,COTE D'IVOIRE,KYOTOGHGAR4,14.0465,13.8548,13.6586,15.0523,14.7399,17.4594,19.2562,19.4388,18.7947,18.2717,19.1119,20.2801,21.5986,18.3015,20.1489,21.8388,21.1608,20.7512,20.9212,19.5257,20.9258,22.3608,24.8565,26.4451,26.4913,26.9991,27.3152,
IPCM0EL,NatTotalExclLULUCF,MtCO2eq,CMR,CAMEROON,KYOTOGHGAR4,27.2738,26.6348,29.4192,30.943,56.3293,54.677,50.7373,47.4267,46.6149,44.8882,44.1241,42.6632,40.5607,41.5471,41.2427,43.0561,42.6446,44.1576,43.5114,44.824,42.2933,39.9738,40.4184,41.648,41.0268,43.5188,43.108,
IPCM0EL,NatTotalExclLULUCF,MtCO2eq,COD,"CONGO, DEMOCRATIC REPUBLIC OF THE",KYOTOGHGAR4,34.268,33.3398,33.6969,33.7535,38.3724,38.4717,38.8157,38.179,38.2889,35.5828,35.8778,38.5105,37.4453,40.6933,42.3406,42.3257,44.5916,41.4731,44.0043,44.1967,45.7999,45.7685,44.4228,47.9785,49.7677,49.3573,50.0109,
IPCM0EL,NatTotalExclLULUCF,MtCO2eq,COG,"CONGO, REPUBLIC OF THE",KYOTOGHGAR4,10.5223,10.365,10.6852,10.8031,11.1449,11.6638,13.3692,13.9854,13.3766,12.6463,12.0487,11.0247,8.1656,9.7925,9.8394,11.6058,12.6784,11.1223,11.0855,12.3952,13.1121,12.0719,12.9351,13.2102,12.9085,12.4704,12.5029,
IPCM0EL,NatTotalExclLULUCF,MtCO2eq,COK,COOK ISLANDS,KYOTOGHGAR4,0.047811,0.047916,0.048621,0.055636,0.057326,0.058575,0.069301,0.070527,0.071918,0.06746,0.066526,0.049363,0.045263,0.048847,0.071573,0.079057,0.082877,0.082823,0.086651,0.086652,0.086562,0.086566,0.08662,0.086473,0.086465,0.091217,0.10551,
IPCM0EL,NatTotalExclLULUCF,MtCO2eq,COL,COLOMBIA,KYOTOGHGAR4,128.0691,129.1122,136.1712,141.3281,146.879,143.4812,147.0705,154.7896,160.2839,148.8964,155.8507,156.5969,158.8563,163.6652,162.6689,171.8636,176.3518,178.5117,183.6728,190.8319,197.4572,194.5321,195.906,203.7778,199.287,204.0154,205.6691,
IPCM0EL,NatTotalExclLULUCF,MtCO2eq,COM,COMOROS,KYOTOGHGAR4,0.33719,0.34524,0.35121,0.3617,0.36583,0.37477,0.38441,0.39406,0.41033,0.42462,0.41908,0.44334,0.44656,0.46184,0.49865,0.50207,0.5458,0.48534,0.51838,0.55128,0.59797,0.59341,0.61093,0.66073,0.65547,0.68159,0.70187,
IPCM0EL,NatTotalExclLULUCF,MtCO2eq,CPV,CAPE VERDE,KYOTOGHGAR4,0.25614,0.26959,0.30546,0.31254,0.30191,0.33589,0.32724,0.34741,0.37555,0.41045,0.44379,0.46814,0.51159,0.54785,0.58865,0.70251,0.73456,0.7704,0.73815,0.80751,0.84929,0.8702,0.76449,0.76701,0.77541,0.96444,0.97437,
IPCM0EL,NatTotalExclLULUCF,MtCO2eq,CRI,COSTA RICA,KYOTOGHGAR4,7.0106,7.9568,9.0534,9.8256,11.391,11.0281,11.7656,12.1714,12.5904,12.3593,11.9808,11.8501,12.0426,12.662,12.8313,13.0577,13.1351,14.2312,14.5573,14.5435,14.5247,15.0069,14.8677,14.8685,14.8353,16.3643,17.1126,
IPCM0EL,NatTotalExclLULUCF,MtCO2eq,CUB,CUBA,KYOTOGHGAR4,51.1446,46.513,47.6466,44.1365,46.7418,40.0378,41.4103,41.2341,39.9101,40.2727,40.7967,39.6682,39.4702,38.8374,38.2513,38.6477,40.5688,40.1944,43.7872,43.3363,50.4621,48.3204,48.5002,47.9388,48.1806,49.002,49.6954,
IPCM0EL,NatTotalExclLULUCF,MtCO2eq,CYP,CYPRUS,KYOTOGHGAR4,5.7642,6.2729,6.6537,6.9426,7.203,7.1316,7.4749,7.5583,7.8842,8.1509,8.4368,8.36,8.5963,8.9834,9.2302,9.3645,9.592,9.9221,10.0932,9.9066,9.5896,9.3243,8.791,8.0582,8.4507,8.5096,8.9574,
IPCM0EL,NatTotalExclLULUCF,MtCO2eq,CZE,CZECH REPUBLIC,KYOTOGHGAR4,198.7961,180.0177,173.4598,165.523,157.9154,158.2736,160.6962,156.4595,149.9965,140.4625,150.1605,150.1143,146.4444,149.5011,150.3567,148.1529,149.5654,151.3351,146.6503,138.1714,140.6017,138.5664,134.4566,129.5382,127.609,128.648,130.5982,
IPCM0EL,NatTotalExclLULUCF,MtCO2eq,DEU,GERMANY,KYOTOGHGAR4,1259.9394,1212.9935,1162.3851,1153.0909,1133.2194,1130.3331,1149.596,1114.7411,1089.1377,1055.6271,1055.0751,1069.4461,1047.1402,1044.1514,1027.7348,1001.8425,1010.1769,983.055,984.0108,915.9197,953.28,930.6559,934.5142,951.0387,911.6,915.4795,918.0159,
IPCM0EL,NatTotalExclLULUCF,MtCO2eq,DJI,DJIBOUTI,KYOTOGHGAR4,1.1523,1.1698,1.1568,1.1709,1.145,1.1948,1.2295,1.2685,1.2495,1.2779,1.3151,1.3967,1.4029,1.4402,1.4599,1.478,1.4713,1.5686,1.6333,1.6057,1.6702,1.6337,1.7389,1.792,1.9013,1.9474,1.982,
IPCM0EL,NatTotalExclLULUCF,MtCO2eq,DMA,DOMINICA,KYOTOGHGAR4,0.11636,0.11707,0.11633,0.12089,0.12534,0.14475,0.13898,0.1514,0.15295,0.16324,0.19262,0.20254,0.19521,0.19548,0.18655,0.20122,0.19511,0.24147,0.21394,0.21292,0.22071,0.21277,0.22043,0.21861,0.22135,0.22793,0.23075,
IPCM0EL,NatTotalExclLULUCF,MtCO2eq,DNK,DENMARK,KYOTOGHGAR4,71.0156,81.6816,75.6537,77.839,81.728,78.7853,91.9884,82.4922,78.461,75.9913,71.7014,73.4227,72.9715,78.0475,71.9317,68.1456,75.2907,70.6984,67.0227,64.1531,64.7617,59.6958,55.085,56.4968,52.3565,49.8381,51.8324,
IPCM0EL,NatTotalExclLULUCF,MtCO2eq,DOM,DOMINICAN REPUBLIC,KYOTOGHGAR4,13.8265,16.002,17.9042,20.0372,21.9288,24.9152,25.2961,24.9603,24.6632,25.2805,27.2353,27.261,28.7742,28.3512,26.1229,25.9321,26.861,28.2098,27.7014,27.1675,27.491,27.9364,28.4836,28.3536,28.8326,29.5266,30.2109,
IPCM0EL,NatTotalExclLULUCF,MtCO2eq,DZA,ALGERIA,KYOTOGHGAR4,162.9954,166.6051,199.185,196.2553,194.3488,206.7777,204.9031,182.6171,195.7048,178.9669,174.9347,163.6299,166.1776,176.7192,170.4166,190.3968,187.2142,192.6877,195.5324,200.7354,200.4152,200.6697,210.9044,214.9303,225.9983,231.3967,230.3084,
IPCM0EL,NatTotalExclLULUCF,MtCO2eq,EARTH,EARTH                       (Whole Table),KYOTOGHGAR4,32457.5087,32840.5855,32023.1612,32156.5816,32344.513,33013.9496,33798.0296,33885.6361,33764.8076,34051.0665,34833.554,35109.648,35717.2214,37270.565,38825.8699,40001.9085,41118.9388,42129.5061,42883.4128,42412.5341,44354.6745,45578.3978,46207.7135,46294.964,46731.4561,46919.9938,47218.7687,
IPCM0EL,NatTotalExclLULUCF,MtCO2eq,ECU,ECUADOR,KYOTOGHGAR4,46.4066,43.9932,50.4337,54.0499,42.8166,51.9352,54.1861,47.7129,49.0624,46.8212,43.2792,47.9855,49.2009,51.488,54.6757,55.5919,54.3726,56.9781,59.4757,63.0941,64.6459,66.185,65.3104,68.0129,70.1167,67.8447,65.5707,
IPCM0EL,NatTotalExclLULUCF,MtCO2eq,EGY,EGYPT,KYOTOGHGAR4,125.9886,128.6289,132.2395,145.0246,136.928,148.4163,155.5259,159.3494,169.5163,174.5895,187.7432,181.5035,189.0144,216.2491,223.6685,247.3382,257.4108,268.6521,283.5597,286.1024,287.1991,305.0176,303.7578,296.5989,286.4596,289.8074,299.8742,
IPCM0EL,NatTotalExclLULUCF,MtCO2eq,ERI,ERITREA,KYOTOGHGAR4,5.2933,5.2693,5.3968,4.6904,4.7526,4.8836,5.3885,5.7686,5.5063,5.662,5.8407,5.6967,5.6121,5.879,5.9668,6.0551,5.7356,6.1227,5.9466,6.0371,5.9234,6.2467,6.3534,6.4308,6.4997,6.5964,6.7012,
IPCM0EL,NatTotalExclLULUCF,MtCO2eq,ESP,SPAIN,KYOTOGHGAR4,293.6426,302.3817,310.7485,300.7665,316.6739,332.5575,324.3803,339.1377,350.0861,377.4558,393.0953,389.1852,407.7207,416.5245,431.3334,445.863,438.1217,449.7568,415.5765,375.247,360.6619,360.7627,353.7022,326.107,328.4907,339.8335,328.5589,
IPCM0EL,NatTotalExclLULUCF,MtCO2eq,EST,ESTONIA,KYOTOGHGAR4,41.7147,38.4709,28.1556,22.0067,23.0107,21.1991,21.8877,21.492,19.7774,18.2337,18.1043,18.5567,18.0464,19.9146,20.265,20.1503,19.059,23.4136,21.1829,17.7564,21.6759,22.4051,21.2317,22.9715,22.2213,19.2238,20.8262,
IPCM0EL,NatTotalExclLULUCF,MtCO2eq,ETH,ETHIOPIA,KYOTOGHGAR4,53.5058,53.4847,55.1697,50.6433,53.4549,53.3908,56.0038,79.8693,80.9284,81.265,79.5901,83.2523,91.7181,91.3491,98.1782,85.3079,89.1459,100.9932,103.313,107.7272,115.259,114.9046,120.0952,122.3156,121.3689,123.5103,126.3395,
IPCM0EL,NatTotalExclLULUCF,MtCO2eq,EU28,European Union (28),KYOTOGHGAR4,5726.1961,5624.2628,5448.2527,5348.8427,5316.004,5370.5913,5480.372,5380.895,5332.6531,5222.694,5229.8633,5287.8294,5241.7257,5324.7773,5323.302,5286.0878,5275.4116,5229.4658,5108.9266,4731.3557,4840.84,4683.0106,4619.074,4522.4675,4351.5568,4378.7788,4352.162,
IPCM0EL,NatTotalExclLULUCF,MtCO2eq,FIN,FINLAND,KYOTOGHGAR4,72.1486,69.8897,68.5228,70.7706,76.5366,73.5059,78.806,77.348,73.6766,73.0226,71.074,76.4811,78.952,86.5064,82.7211,70.6827,81.9629,80.311,72.2361,68.4766,76.3964,68.588,63.0502,63.8431,59.6762,56.1504,59.522,
IPCM0EL,NatTotalExclLULUCF,MtCO2eq,FJI,"FIJI, THE REPUBLIC OF",KYOTOGHGAR4,1.9561,1.8256,1.9052,1.9869,2.0363,2.1226,2.1844,2.1571,2.1021,2.0866,2.0893,2.3454,2.1691,2.2622,2.6147,2.3403,2.4522,2.4102,2.1697,2.0329,2.4532,2.3301,2.31,2.3942,2.5587,2.6713,2.8909,
IPCM0EL,NatTotalExclLULUCF,MtCO2eq,FRA,FRANCE,KYOTOGHGAR4,554.3961,581.3622,569.8935,548.3963,541.0895,550.1695,566.486,558.9333,572.5605,564.4099,557.6657,564.5205,558.0722,561.5903,559.2368,561.2899,548.6467,540.3608,534.1283,510.3486,520.1088,493.0379,493.9489,493.3337,464.1284,467.9575,468.4901,
IPCM0EL,NatTotalExclLULUCF,MtCO2eq,FSM,"MICRONESIA, FEDERATED STATES OF",KYOTOGHGAR4,0.14773,0.15433,0.16004,0.16098,0.16558,0.17032,0.17027,0.17379,0.18085,0.17329,0.18774,0.23176,0.20609,0.20616,0.20608,0.18412,0.18405,0.20329,0.18122,0.22772,0.17995,0.19076,0.20555,0.2146,0.22189,0.23269,0.26332,
IPCM0EL,NatTotalExclLULUCF,MtCO2eq,GAB,GABON,KYOTOGHGAR4,27.4404,21.8026,22.199,22.3552,20.7372,21.6323,22.2708,19.7889,20.7235,18.4211,16.8751,17.1465,16.6094,18.5286,17.083,16.4767,14.1483,12.7745,13.3823,13.2291,13.7491,12.962,13.02,12.4091,11.6987,11.1054,10.6329,
IPCM0EL,NatTotalExclLULUCF,MtCO2eq,GBR,UNITED KINGDOM OF GREAT BRITAIN AND NORTHERN IRELAND,KYOTOGHGAR4,814.4174,822.4852,801.1469,782.2457,772.7876,765.8264,787.518,762.0893,758.9943,728.0669,726.3863,728.8953,708.0536,715.2297,712.4642,705.31,698.1786,686.9968,666.2289,609.6224,623.984,576.4164,593.0451,577.9525,537.0765,519.0745,493.9546,
IPCM0EL,NatTotalExclLULUCF,MtCO2eq,GEO,GEORGIA,KYOTOGHGAR4,46.5923,39.0052,26.5984,18.0786,14.1706,11.9075,14.924,15.213,13.6269,12.4772,11.78,11.0833,11.1107,11.7992,12.4427,12.703,14.9746,15.6329,14.9137,14.0709,13.8448,17.0268,18.328,17.351,18.9223,17.0423,17.5248,
IPCM0EL,NatTotalExclLULUCF,MtCO2eq,GHA,GHANA,KYOTOGHGAR4,10.9077,10.6641,11.1356,11.5846,11.8471,12.2813,13.0034,14.0402,14.2238,15.1099,16.82,16.9922,17.6643,18.3442,18.8142,19.6429,21.8915,21.7357,21.6433,20.4621,23.2908,25.9781,26.1946,29.4604,29.6801,30.0275,30.5233,
IPCM0EL,NatTotalExclLULUCF,MtCO2eq,GIN,GUINEA,KYOTOGHGAR4,8.9206,9.2661,9.243,9.6306,10.2255,10.9976,11.3132,11.16,12.1521,12.3913,13.0715,13.2934,14.7012,14.3393,14.968,15.7263,16.2685,16.1941,17.6444,17.9854,20.2913,21.2535,22.2138,22.6767,22.2809,23.9135,24.8437,
IPCM0EL,NatTotalExclLULUCF,MtCO2eq,GMB,GAMBIA,KYOTOGHGAR4,1.1953,1.2355,1.2305,1.2299,1.2693,1.3019,1.3155,1.2732,1.337,1.3322,1.4201,1.4564,1.4597,1.5351,1.7168,1.7288,1.8398,1.8382,2.011,2.3034,2.4414,2.1545,2.2026,2.2953,2.4519,2.5266,2.5938,
IPCM0EL,NatTotalExclLULUCF,MtCO2eq,GNB,GUINEA-BISSAU,KYOTOGHGAR4,1.5053,1.5215,1.5593,1.5917,1.6276,1.659,1.6809,1.6724,1.6462,1.7829,1.7565,1.8638,1.8829,1.9712,1.853,1.8271,2.0891,2.0172,2.0779,2.1372,2.3113,2.3224,2.5382,2.4783,2.4684,2.5609,2.6205,
IPCM0EL,NatTotalExclLULUCF,MtCO2eq,GNQ,EQUATORIAL GUINEA,KYOTOGHGAR4,0.20288,0.29157,0.3231,0.27398,4.5296,4.5563,4.5015,5.8178,6.2642,6.4318,5.8853,10.0523,10.7043,12.3204,12.3666,12.0304,11.9307,12.2724,11.8597,11.2595,11.5579,13.0269,9.8697,11.9753,12.1884,13.2667,13.4665,
IPCM0EL,NatTotalExclLULUCF,MtCO2eq,GRC,GREECE,KYOTOGHGAR4,103.766,103.8133,105.074,104.6985,107.4575,109.8024,112.8874,117.8126,123.386,123.5512,126.9113,128.0053,127.9438,131.7245,132.5037,136.9482,133.0394,135.5798,132.2302,125.0114,118.8384,115.8307,112.5076,102.9721,99.5474,95.7571,92.0425,
IPCM0EL,NatTotalExclLULUCF,MtCO2eq,GRD,GRENADA,KYOTOGHGAR4,0.15054,0.15453,0.1622,0.16598,0.1904,0.19825,0.20264,0.21833,0.22541,0.2447,0.25585,0.2573,0.269,0.28119,0.27145,0.28541,0.30079,0.30972,0.32418,0.32428,0.33304,0.32826,0.34684,0.3833,0.32252,0.33238,0.33828,
IPCM0EL,NatTotalExclLULUCF,MtCO2eq,GTM,GUATEMALA,KYOTOGHGAR4,15.6993,16.2026,17.5575,17.2872,18.7391,18.7973,17.6443,18.7772,19.8809,20.3936,21.2124,22.0895,22.5411,22.204,23.5879,24.7581,25.2414,25.7082,24.6476,25.8641,26.9865,27.6666,28.1783,29.5221,34.4582,32.8692,33.9916,
IPCM0EL,NatTotalExclLULUCF,MtCO2eq,GUY,GUYANA,KYOTOGHGAR4,2.8256,2.8457,2.8684,2.8882,2.8908,2.9315,3.0525,3.2502,3.3033,3.382,3.205,3.6755,2.999,3.3052,3.2603,2.9629,2.7787,3.0937,3.1807,3.2126,3.4208,3.5546,3.8149,3.8865,4.0759,4.0643,3.8323,
IPCM0EL,NatTotalExclLULUCF,MtCO2eq,HKG,HONG KONG,KYOTOGHGAR4,30.9417,32.3955,36.803,38.7215,35.1209,35.226,32.7935,34.4364,43.1343,46.8535,44.6175,42.2199,43.9332,47.6478,45.9899,48.1385,46.2101,47.8018,47.9962,46.1936,44.6905,47.8594,47.4908,49.0205,48.2261,48.6031,49.6359,
IPCM0EL,NatTotalExclLULUCF,MtCO2eq,HND,HONDURAS,KYOTOGHGAR4,9.2535,9.398,9.738,9.0746,9.8355,10.4871,10.5301,10.9113,11.3297,10.893,11.512,12.21,12.6766,14.2589,15.0905,15.5808,14.9656,16.8694,16.6048,16.1435,16.3165,17.5302,17.6431,17.963,18.3395,19.0505,19.7073,
IPCM0EL,NatTotalExclLULUCF,MtCO2eq,HRV,CROATIA,KYOTOGHGAR4,32.6065,25.8111,24.1452,24.2616,23.3443,23.8944,24.6057,25.704,25.9082,26.9586,26.6036,27.838,29.0026,30.4626,30.758,31.2279,31.7226,33.2982,31.9556,29.4054,28.8184,28.3547,26.5491,25.7076,24.8727,25.3992,25.5489,
IPCM0EL,NatTotalExclLULUCF,MtCO2eq,HTI,HAITI,KYOTOGHGAR4,6.5134,6.7996,7.1784,6.9544,6.7047,7.4191,7.7412,8.2315,8.2355,8.4191,8.7403,9.0077,9.235,9.1989,9.5482,11.7041,11.9243,12.3961,12.6783,12.7863,12.7825,13.3557,13.6396,14.195,14.9815,15.4429,15.8785,
IPCM0EL,NatTotalExclLULUCF,MtCO2eq,HUN,HUNGARY,KYOTOGHGAR4,94.8324,88.0443,78.2185,79.0413,77.928,76.3351,78.5284,76.9251,76.4921,76.9144,74.002,76.0627,74.357,77.4626,76.4872,76.2913,75.0931,73.3267,71.5438,65.4465,65.8194,64.2465,60.504,57.6855,58.3624,61.4194,61.8619,
IPCM0EL,NatTotalExclLULUCF,MtCO2eq,IDN,INDONESIA,KYOTOGHGAR4,354.3088,390.1649,409.8255,424.7892,402.0676,424.7811,454.7414,480.8211,503.2775,510.8123,524.8898,564.0489,572.6695,587.1405,612.6242,621.0797,639.7917,639.8626,662.0004,662.0351,719.2235,763.1363,794.3853,668.8939,655.3813,666.6002,674.4656,
IPCM0EL,NatTotalExclLULUCF,MtCO2eq,IND,INDIA,KYOTOGHGAR4,1149.3523,1198.2491,1249.0844,1279.0352,1333.755,1391.8382,1465.8396,1508.4811,1531.6486,1603.2375,1637.3606,1629.8845,1623.9249,1670.9662,1735.6263,1792.8002,1869.6523,1965.4904,2110.4314,2268.6032,2245.4669,2363.2952,2513.0821,2510.0874,2705.7444,2771.3727,2873.7311,
IPCM0EL,NatTotalExclLULUCF,MtCO2eq,IRL,IRELAND,KYOTOGHGAR4,55.756,56.4328,56.2673,56.7586,58.0109,59.4376,61.5096,62.883,65.4135,66.5666,68.8061,70.8395,68.7582,69.1316,69.0349,70.5122,70.2468,69.0181,68.3568,62.6141,62.6644,58.0012,58.6247,58.5707,58.2605,60.4156,62.5792,
IPCM0EL,NatTotalExclLULUCF,MtCO2eq,IRN,"IRAN, ISLAMIC REPUBLIC OF",KYOTOGHGAR4,382.3842,405.2829,409.8558,402.4329,446.9002,444.6369,450.7055,439.6444,463.2607,532.2126,524.6526,547.6612,553.2677,588.9268,633.9546,660.2241,708.9018,725.8614,739.8239,752.9629,774.0274,790.1918,815.8976,838.9248,868.5326,867.6647,876.3216,
IPCM0EL,NatTotalExclLULUCF,MtCO2eq,IRQ,IRAQ,KYOTOGHGAR4,107.461,93.7623,106.2778,110.251,113.0662,115.1277,107.3674,117.9676,125.0229,127.2161,126.2773,141.6486,137.0781,137.1984,167.6392,166.0458,152.4147,114.1617,148.0818,165.9668,178.2367,203.3875,222.4004,230.6184,234.549,237.4317,258.8475,
IPCM0EL,NatTotalExclLULUCF,MtCO2eq,ISL,ICELAND,KYOTOGHGAR4,3.6527,3.4326,3.3412,3.4257,3.3492,3.4711,3.5205,3.6895,3.8522,4.0756,4.0817,3.9773,4.0603,4.0379,4.142,4.0015,4.6054,4.906,5.2968,4.9976,4.9036,4.6383,4.665,4.6536,4.6819,4.7643,4.6836,
IPCM0EL,NatTotalExclLULUCF,MtCO2eq,ISR,ISRAEL,KYOTOGHGAR4,42.9393,43.4067,49.4081,51.6811,55.5686,58.1906,60.6837,63.96,66.3808,65.4235,71.0076,75.064,71.9069,75.9521,77.0535,77.9648,79.9077,83.3971,83.557,80.4749,83.0062,84.8728,90.2788,84.4699,83.1801,85.2043,87.0673,
IPCM0EL,NatTotalExclLULUCF,MtCO2eq,ITA,ITALY,KYOTOGHGAR4,525.3096,526.9293,524.9833,517.955,510.9453,539.2796,531.4839,538.2185,548.6879,553.6455,560.4637,567.1835,567.2226,582.2755,586.675,587.1955,576.3935,567.8677,554.0312,500.4662,509.3952,496.5822,476.5628,446.4958,430.4753,438.0008,432.9092,
IPCM0EL,NatTotalExclLULUCF,MtCO2eq,JAM,JAMAICA,KYOTOGHGAR4,9.653,9.9435,9.9907,10.3182,10.4998,11.5393,12.0302,12.4207,12.0489,12.3541,12.996,13.2612,12.9148,13.4712,13.3065,13.055,13.892,12.0579,12.5829,10.1447,9.5226,10.1151,9.7689,10.4989,9.8949,10.1567,10.2595,
IPCM0EL,NatTotalExclLULUCF,MtCO2eq,JOR,JORDAN,KYOTOGHGAR4,12.5919,12.3513,14.9617,14.8567,16.3378,16.5916,17.3743,17.8215,18.1735,18.4351,19.5603,20.325,22.0029,22.6234,24.5467,26.8248,27.0694,28.5238,28.0385,28.4051,27.8027,28.7001,31.6281,31.5665,34.0238,27.7961,27.3002,
IPCM0EL,NatTotalExclLULUCF,MtCO2eq,JPN,JAPAN,KYOTOGHGAR4,1272.0849,1286.124,1298.9833,1291.6963,1356.2532,1377.8243,1390.3221,1382.76,1333.9718,1356.9676,1377.3229,1351.5781,1375.4648,1381.3081,1373.4453,1380.1595,1357.6381,1395.5035,1322.9473,1250.2727,1304.5597,1355.3944,1397.5694,1411.5748,1363.7802,1325.104,1308.5425,
IPCM0EL,NatTotalExclLULUCF,MtCO2eq,KAZ,KAZAKHSTAN,KYOTOGHGAR4,341.296,332.5655,306.8249,274.0548,230.3433,215.151,194.0865,180.5668,173.2846,144.643,173.3519,170.6228,189.1372,210.2845,219.0146,232.6209,258.0392,266.9254,270.694,265.1279,296.5211,287.4701,295.3905,302.3824,319.5981,325.4949,330.8851,
IPCM0EL,NatTotalExclLULUCF,MtCO2eq,KEN,KENYA,KYOTOGHGAR4,41.9373,40.1465,40.9187,41.6643,42.3239,43.2187,43.1079,41.8348,46.5735,45.7864,43.2332,43.4063,43.8167,47.1728,48.0791,50.1325,48.8303,64.8084,63.275,62.4441,62.2187,65.605,68.3622,65.6074,68.0037,69.8609,73.6615,
IPCM0EL,NatTotalExclLULUCF,MtCO2eq,KGZ,KYRGYZSTAN,KYOTOGHGAR4,29.9597,27.0632,23.3788,18.8132,14.2723,10.7148,10.6233,11.6136,10.457,10.046,10.1337,10.0928,10.7531,11.2589,12.0833,12.5084,12.5732,13.6376,14.9952,14.9468,14.0631,15.5906,18.3106,18.7126,18.8221,19.2836,19.7365,
IPCM0EL,NatTotalExclLULUCF,MtCO2eq,KHM,CAMBODIA,KYOTOGHGAR4,18.0178,17.7582,18.3482,19.2194,18.0489,21.1687,21.2338,21.3194,21.9026,23.1665,22.0886,22.6636,23.4667,24.9453,25.3736,25.8615,27.235,28.5362,28.5227,30.3176,31.4278,33.14,32.6992,31.5922,32.6358,33.2134,34.8008,
IPCM0EL,NatTotalExclLULUCF,MtCO2eq,KIR,KIRIBATI,KYOTOGHGAR4,0.033978,0.034311,0.037246,0.039788,0.039931,0.04083,0.04424,0.040507,0.043872,0.044873,0.046373,0.044832,0.055775,0.056391,0.059781,0.061694,0.09421,0.10029,0.096455,0.080047,0.10668,0.10728,0.10788,0.10813,0.11882,0.125,0.14159,
IPCM0EL,NatTotalExclLULUCF,MtCO2eq,KNA,SAINT KITTS AND NEVIS,KYOTOGHGAR4,0.13768,0.13864,0.14295,0.14741,0.15456,0.16144,0.16659,0.17996,0.18788,0.19953,0.21324,0.21804,0.23535,0.23716,0.25216,0.23765,0.24062,0.25717,0.25992,0.26696,0.26423,0.27535,0.25661,0.25881,0.26501,0.27387,0.27898,
IPCM0EL,NatTotalExclLULUCF,MtCO2eq,KOR,"KOREA, REPUBLIC OF",KYOTOGHGAR4,316.0829,336.6732,357.4644,393.309,417.2845,450.2916,484.4418,514.4177,442.6144,481.0183,516.6166,529.2732,553.7399,563.5015,572.6177,580.1012,581.8475,595.9814,609.3112,613.4676,671.5169,700.2018,706.7901,715.3241,709.6482,721.0811,732.4305,
IPCM0EL,NatTotalExclLULUCF,MtCO2eq,KWT,KUWAIT,KYOTOGHGAR4,69.3812,504.3367,42.5239,59.9779,72.0907,84.2093,79.2549,85.1546,77.236,77.0689,77.9287,80.5898,81.3417,87.3489,91.3833,101.8944,104.2951,104.4848,111.7181,114.2396,116.6947,119.9486,132.8602,128.8234,119.1589,127.4341,129.1893,
IPCM0EL,NatTotalExclLULUCF,MtCO2eq,LAO,LAO PEOPLE'S DEMOCRATIC REPUBLIC,KYOTOGHGAR4,6.8742,6.8255,7.1644,7.1992,7.6026,7.8528,8.2152,8.6176,8.2606,8.4163,8.824,9.011,9.3702,9.5039,10.0001,9.9526,10.2636,9.8859,10.268,10.8045,11.5366,11.4997,12.1943,12.0894,12.6746,13.0272,13.5145,
IPCM0EL,NatTotalExclLULUCF,MtCO2eq,LBN,LEBANON,KYOTOGHGAR4,11.6425,11.8594,13.9788,15.4174,15.8277,17.7167,18.1464,19.2117,20.7953,20.2029,19.0004,20.1366,20.0302,22.4769,21.34,20.8215,19.0248,18.0287,21.8859,25.6375,24.8318,25.4763,27.2634,26.9161,29.5691,22.7093,22.1949,
IPCM0EL,NatTotalExclLULUCF,MtCO2eq,LBR,LIBERIA,KYOTOGHGAR4,1.6498,1.3931,1.3546,1.3141,1.2802,1.2882,1.3544,1.4922,1.6191,1.737,1.8672,1.9894,2.0156,2.1007,2.3242,2.4953,2.6137,2.5968,2.6135,2.6722,3.0335,3.1871,3.3447,3.3817,3.4192,3.6631,3.7761,
IPCM0EL,NatTotalExclLULUCF,MtCO2eq,LBY,LIBYA,KYOTOGHGAR4,82.2192,88.3049,87.1787,93.3592,100.2974,104.2282,100.7326,88.3531,82.2642,76.5392,77.942,76.5055,76.0634,81.5721,82.6642,87.6127,88.9815,84.6123,91.0374,90.6641,96.5261,61.2964,82.7806,87.093,87.5844,83.2777,82.9334,
IPCM0EL,NatTotalExclLULUCF,MtCO2eq,LCA,SAINT LUCIA,KYOTOGHGAR4,0.30765,0.31948,0.35907,0.38503,0.43317,0.50006,0.53705,0.53723,0.51228,0.53333,0.55283,0.59109,0.54219,0.58415,0.58703,0.60851,0.61813,0.65392,0.67728,0.67659,0.70962,0.71832,0.72344,0.73092,0.74385,0.76348,0.76766,
IPCM0EL,NatTotalExclLULUCF,MtCO2eq,LDC,LDCs,KYOTOGHGAR4,745.4368,750.7032,769.8032,778.2982,806.3958,846.8182,868.7956,909.3073,938.6456,958.3385,974.0822,998.0486,1027.4624,1076.9514,1125.1781,1150.0146,1137.5318,1185.8321,1213.8443,1237.1996,1291.3358,1312.783,1331.298,1376.4886,1413.6065,1454.4986,1489.3252,
IPCM0EL,NatTotalExclLULUCF,MtCO2eq,LIE,LIECHTENSTEIN,KYOTOGHGAR4,0.24673,0.25275,0.25209,0.25805,0.24525,0.24852,0.25042,0.26222,0.27339,0.27026,0.26177,0.26141,0.26736,0.27752,0.27906,0.28042,0.28332,0.25424,0.27393,0.25855,0.24481,0.23124,0.23977,0.24728,0.21569,0.21295,0.20247,
IPCM0EL,NatTotalExclLULUCF,MtCO2eq,LKA,SRI LANKA,KYOTOGHGAR4,15.0116,14.786,16.0327,16.1395,16.8794,17.162,17.7036,18.2662,17.6831,18.9791,20.5165,20.492,21.3785,21.4267,22.3812,22.9797,22.8535,22.9771,24.0031,24.4618,25.1592,27.3296,28.1446,26.9607,29.4442,32.3824,33.4779,
IPCM0EL,NatTotalExclLULUCF,MtCO2eq,LSO,LESOTHO,KYOTOGHGAR4,3.3759,3.4409,3.6661,3.6875,3.6986,3.6591,3.6291,3.6332,3.5832,4.1862,4.1544,4.3307,3.9946,4.2302,4.117,4.42,4.2638,4.4886,4.3592,4.4611,4.6152,4.5752,4.6787,4.6986,4.6956,4.6947,4.7708,
IPCM0EL,NatTotalExclLULUCF,MtCO2eq,LTU,LITHUANIA,KYOTOGHGAR4,48.5514,50.5671,31.2527,25.1421,23.6908,22.663,23.6887,23.2216,24.1671,21.3766,19.8087,20.5581,20.9637,21.1172,21.9798,23.1788,23.4967,25.6275,24.6618,20.2283,21.0482,21.6134,21.5457,20.2918,20.2513,20.5234,20.431,
IPCM0EL,NatTotalExclLULUCF,MtCO2eq,LUX,LUXEMBOURG,KYOTOGHGAR4,12.9009,13.5376,13.2868,13.4236,12.5782,10.1929,10.2531,9.6023,8.7176,9.1811,9.7553,10.2496,11.0263,11.4671,12.8777,13.1272,12.9504,12.3607,12.2356,11.6854,12.2607,12.1465,11.8563,11.3291,10.8683,10.3773,10.1314,
IPCM0EL,NatTotalExclLULUCF,MtCO2eq,LVA,LATVIA,KYOTOGHGAR4,26.9803,24.9418,20.1476,16.6982,14.7874,13.3448,13.4021,12.8127,12.303,11.4984,10.9114,11.4904,11.4735,11.6433,11.6271,11.8147,12.371,12.8655,12.432,11.6478,12.8469,12.024,11.9104,11.8021,11.7461,11.8407,11.8255,
IPCM0EL,NatTotalExclLULUCF,MtCO2eq,MAC,MACAO,KYOTOGHGAR4,1.176,1.2397,1.2402,1.3424,1.4355,1.3874,1.6131,1.6863,1.7634,1.7453,1.8206,1.8836,1.7006,1.7126,1.9032,2.0368,1.863,1.915,1.7191,2.4893,1.8113,1.8887,1.7361,1.6289,1.7558,1.8624,2.1309,
IPCM0EL,NatTotalExclLULUCF,MtCO2eq,MAR,MOROCCO,KYOTOGHGAR4,42.4746,43.3896,43.659,44.659,46.8409,48.4776,51.4574,54.0643,55.7342,59.2378,61.598,67.0767,69.3789,70.4426,78.8368,83.3406,87.6228,90.6871,94.7345,95.7671,101.2148,98.8482,97.5034,104.6201,106.7824,109.5517,110.4593,
IPCM0EL,NatTotalExclLULUCF,MtCO2eq,MCO,MONACO,KYOTOGHGAR4,0.17658,0.17688,0.1806,0.17818,0.17945,0.17801,0.18331,0.18149,0.17412,0.17384,0.17409,0.17259,0.17179,0.16792,0.16366,0.16264,0.15541,0.16069,0.15758,0.15291,0.15464,0.15064,0.15386,0.10889,0.10138,0.10345,0.099867,
IPCM0EL,NatTotalExclLULUCF,MtCO2eq,MDA,"MOLDOVA, REPUBLIC OF",KYOTOGHGAR4,44.4745,39.7736,29.7876,24.2118,21.9916,18.3795,18.2018,16.7964,14.9729,12.6501,11.5921,12.2565,11.9858,12.4649,13.1287,13.5553,12.7226,12.4249,13.7856,13.8784,14.7501,15.0009,14.2437,15.0176,14.9039,17.5632,17.9128,
IPCM0EL,NatTotalExclLULUCF,MtCO2eq,MDG,MADAGASCAR,KYOTOGHGAR4,22.2232,22.443,22.6393,22.8884,23.2353,24.8676,26.9336,28.7554,30.2365,31.0166,30.492,28.1803,26.4512,26.3885,26.5888,28.7184,30.6898,30.7975,30.2645,30.5093,30.9458,31.4116,32.0886,32.3956,32.8174,33.6597,34.0428,
IPCM0EL,NatTotalExclLULUCF,MtCO2eq,MDV,MALDIVES,KYOTOGHGAR4,0.20602,0.18838,0.26649,0.23466,0.23812,0.29541,0.33866,0.3801,0.35302,0.47651,0.49734,0.51001,0.64466,0.55972,0.72272,0.65905,0.82004,0.84517,0.90883,0.95204,1.0074,1.0612,1.1892,1.1695,1.4135,1.3367,1.3956,
IPCM0EL,NatTotalExclLULUCF,MtCO2eq,MEX,MEXICO,KYOTOGHGAR4,423.0929,435.7693,437.004,444.3434,469.7045,458.065,481.0099,504.1154,528.6954,517.2172,550.058,541.1572,537.0912,547.8638,577.8099,587.4811,608.6025,639.4252,676.2672,656.5435,672.5016,684.151,679.8232,670.4186,684.0469,683.9403,717.9792,
IPCM0EL,NatTotalExclLULUCF,MtCO2eq,MHL,MARSHALL ISLANDS,KYOTOGHGAR4,0.097328,0.10218,0.10098,0.10956,0.11413,0.11485,0.11551,0.11609,0.12047,0.11713,0.13031,0.13499,0.13979,0.14069,0.1455,0.14208,0.15306,0.16446,0.16744,0.17496,0.17805,0.17732,0.17808,0.17627,0.19385,0.20369,0.23141,
IPCM0EL,NatTotalExclLULUCF,MtCO2eq,MKD,"MACEDONIA, THE FORMER YUGOSLAV REPUBLIC OF",KYOTOGHGAR4,13.6631,12.9483,12.4031,12.8163,12.3929,12.6061,12.2791,13.0625,13.7011,13.2823,12.9592,13.0461,13.3204,12.9303,12.8502,13.643,12.9155,13.4401,13.6541,13.7477,13.8486,13.9481,14.0536,13.238,12.9084,12.6637,12.6026,
IPCM0EL,NatTotalExclLULUCF,MtCO2eq,MLI,MALI,KYOTOGHGAR4,18.206,18.2084,18.2986,18.5629,18.9543,19.3141,19.1743,19.5197,20.7921,22.21,22.7977,24.5533,24.3132,24.8833,28.7177,28.3883,28.8353,29.4229,30.8985,30.0222,32.7956,33.3695,33.591,35.0181,35.7058,37.6636,39.7585,
IPCM0EL,NatTotalExclLULUCF,MtCO2eq,MLT,MALTA,KYOTOGHGAR4,2.1505,2.326,2.5448,2.5709,2.7439,2.7473,2.724,2.7831,2.7865,2.8453,2.8573,2.7669,2.7502,2.9771,2.899,3.0358,3.1005,3.1982,3.1924,2.9778,3.0247,3.0838,3.2882,2.9472,2.9653,2.2821,1.967,
IPCM0EL,NatTotalExclLULUCF,MtCO2eq,MMR,"MYANMAR, THE REPUBLIC OF THE UNION OF",KYOTOGHGAR4,62.9857,62.1282,65.4391,67.4179,69.8616,72.3972,72.3822,71.8044,73.4501,78.5719,81.6454,80.6613,81.8108,85.4031,91.0059,93.3283,98.7147,101.0246,98.6126,100.0905,104.1487,105.6927,101.8037,105.894,116.9371,119.6654,125.6601,
IPCM0EL,NatTotalExclLULUCF,MtCO2eq,MNE,MONTENEGRO,KYOTOGHGAR4,5.9832,6.7502,4.9417,3.327,2.4863,4.3937,3.2006,4.6465,4.9813,5.2342,5.8681,5.6637,6.3016,5.7916,5.5973,5.149,5.4318,5.6173,5.2512,3.861,4.8761,5.0148,4.5237,4.2992,4.3454,4.4828,4.6697,
IPCM0EL,NatTotalExclLULUCF,MtCO2eq,MNG,MONGOLIA,KYOTOGHGAR4,23.6605,25.2051,23.4309,22.214,21.7231,22.5942,21.3958,22.3491,22.8433,22.9438,21.406,18.4468,18.0496,18.0967,18.8833,21.3893,24.5999,26.8359,27.693,28.7616,25.9991,28.8628,32.2758,35.1024,37.2597,39.6632,44.5278,
IPCM0EL,NatTotalExclLULUCF,MtCO2eq,MOZ,MOZAMBIQUE,KYOTOGHGAR4,20.6848,20.858,21.0849,21.4629,21.6628,21.9644,21.9384,20.6079,22.7694,22.1304,21.2763,23.683,22.7389,26.1784,25.943,28.1428,27.0952,28.9821,30.5437,29.3594,31.9451,30.5128,32.5272,34.7899,39.6108,38.9802,39.5673,
IPCM0EL,NatTotalExclLULUCF,MtCO2eq,MRT,MAURITANIA,KYOTOGHGAR4,4.3001,4.3761,4.5181,4.7025,5.0122,5.0025,5.1858,5.3101,5.4431,5.6929,5.8618,6.0627,6.2928,6.3451,6.7713,6.9054,7.5269,7.9505,8.0272,8.3367,8.6783,8.9333,9.1223,9.4406,9.5533,9.865,9.9954,
IPCM0EL,NatTotalExclLULUCF,MtCO2eq,MUS,MAURITIUS,KYOTOGHGAR4,2.3239,2.3899,2.5993,2.668,2.502,2.8259,2.9701,3.0673,3.3109,3.6777,4.1375,4.5486,4.4315,4.6091,4.6167,4.7404,5.9759,6.158,6.3743,6.4209,6.7337,6.8489,6.9866,7.2266,7.6348,7.9753,8.2554,
IPCM0EL,NatTotalExclLULUCF,MtCO2eq,MWI,MALAWI,KYOTOGHGAR4,5.249,5.4522,5.4819,5.6071,5.2422,5.4279,5.5875,5.6881,5.9082,5.9578,6.1205,5.9826,6.3048,6.732,7.0425,7.1797,7.4999,7.8485,8.4956,8.5189,9.4487,9.6896,9.8664,10.3564,11.0457,11.5498,11.7856,
IPCM0EL,NatTotalExclLULUCF,MtCO2eq,MYS,MALAYSIA,KYOTOGHGAR4,96.4733,110.2515,118.3563,132.4876,139.5242,147.217,168.9406,191.1908,183.6864,199.3552,214.355,223.6031,232.0289,247.2795,263.6622,292.5499,291.7379,306.0418,317.3332,308.4882,337.4783,320.158,322.8515,340.7201,349.6574,362.3075,371.4645,
IPCM0EL,NatTotalExclLULUCF,MtCO2eq,NAM,NAMIBIA,KYOTOGHGAR4,9.3203,9.7329,9.6115,9.5172,9.6786,9.6779,9.6748,9.7858,10.2604,10.2855,10.06,10.6054,10.4045,10.8134,10.9798,10.7523,11.1562,11.2268,12.0925,12.0779,11.0295,12.9926,13.8381,11.1139,12.4206,12.9733,13.1223,
IPCM0EL,NatTotalExclLULUCF,MtCO2eq,NER,NIGER,KYOTOGHGAR4,5.7875,6.6599,7.5511,8.5844,9.4747,10.4427,11.5971,12.5962,13.8214,14.9025,15.2551,14.9066,15.8342,16.3162,17.0213,17.2086,17.4466,18.048,18.7167,19.835,20.865,20.9714,22.9735,24.1598,25.5021,25.245,26.2174,
IPCM0EL,NatTotalExclLULUCF,MtCO2eq,NGA,NIGERIA,KYOTOGHGAR4,302.3285,312.8284,323.3114,328.3703,310.5486,319.1328,344.6421,313.3168,279.5376,262.0247,299.2174,312.3582,297.6078,325.6084,325.6117,328.1115,312.7736,303.694,302.5791,275.8989,301.3395,312.4594,319.8492,308.4187,305.0518,317.8438,315.1516,
IPCM0EL,NatTotalExclLULUCF,MtCO2eq,NIC,NICARAGUA,KYOTOGHGAR4,10.1244,8.7167,9.7096,10.3218,10.5464,10.0257,9.9822,10.7281,10.8772,12.1483,12.5177,12.7409,13.1171,13.8812,13.6612,13.8466,14.2107,14.3767,14.1764,14.4718,14.6297,15.8525,16.1001,16.2397,17.1157,18.4364,18.6777,
IPCM0EL,NatTotalExclLULUCF,MtCO2eq,NIU,NIUE,KYOTOGHGAR4,0.0058254,0.0058353,0.0058404,0.0058366,0.0058702,0.0059351,0.0060057,0.0060748,0.0061433,0.0062112,0.0062793,0.0064607,0.0066033,0.0067436,0.0068866,0.0070977,0.0082684,0.009732,0.0064364,0.0066745,0.0066581,0.011761,0.011774,0.01177,0.016833,0.017854,0.020782,
IPCM0EL,NatTotalExclLULUCF,MtCO2eq,NLD,"NETHERLANDS, THE KINGDOM OF THE",KYOTOGHGAR4,222.0047,229.6674,230.3702,231.0273,231.9342,232.1453,243.3078,235.357,235.3608,222.0778,220.331,220.8389,219.1093,219.6052,221.0278,215.348,210.2531,208.8205,208.2696,202.3955,214.4105,200.4223,195.4468,195.5045,187.5832,195.8442,196.3239,
IPCM0EL,NatTotalExclLULUCF,MtCO2eq,NONANNEXI,Non Annex I,KYOTOGHGAR4,12322.5201,13158.0905,12958.9291,13369.0475,13825.034,14390.3801,14926.2741,15116.8322,15049.9263,15363.5848,15913.9421,16183.9229,16778.995,18052.2185,19346.4555,20503.2826,21625.7162,22503.6615,23650.8239,24306.2529,25669.4389,27010.4953,27826.9192,27903.0852,28537.1522,28878.928,29260.7844,
IPCM0EL,NatTotalExclLULUCF,MtCO2eq,NOR,NORWAY,KYOTOGHGAR4,52.6921,50.1937,48.424,50.4356,52.386,52.0832,55.0779,55.0465,55.2815,56.1803,55.5425,56.8526,55.7991,56.3743,57.0206,55.9978,55.7704,57.6484,56.0537,53.3898,56.019,55.1173,54.6973,54.3921,54.1907,54.8163,54.2176,
IPCM0EL,NatTotalExclLULUCF,MtCO2eq,NPL,NEPAL,KYOTOGHGAR4,23.3518,23.7445,23.8536,24.6613,25.3589,26.7121,27.6106,28.2366,28.0898,29.2397,29.393,29.757,29.3483,29.8685,30.114,30.8399,30.7415,30.971,32.5916,34.1949,35.2606,36.3611,37.1488,38.2488,40.0583,40.0596,41.5323,
IPCM0EL,NatTotalExclLULUCF,MtCO2eq,NRU,NAURU,KYOTOGHGAR4,0.041549,0.041892,0.041231,0.039625,0.0388,0.036095,0.033372,0.031353,0.028452,0.024944,0.021481,0.028955,0.036428,0.043836,0.04207,0.037786,0.02747,0.024901,0.031376,0.037873,0.044378,0.041264,0.041293,0.044957,0.048084,0.050801,0.058639,
IPCM0EL,NatTotalExclLULUCF,MtCO2eq,NZL,NEW ZEALAND,KYOTOGHGAR4,66.2724,67.2492,68.4741,68.0183,69.2373,70.1359,72.2079,74.994,72.6242,74.6465,76.6855,79.4016,79.9427,82.3039,81.8686,83.8613,83.8919,81.5716,81.4596,78.8034,79.2162,79.0561,81.3784,80.6929,81.4152,81.2379,79.259,
IPCM0EL,NatTotalExclLULUCF,MtCO2eq,OMN,OMAN,KYOTOGHGAR4,38.2675,36.7248,36.9081,37.9568,34.8707,36.581,35.6757,36.8911,34.5451,38.8499,40.4572,41.5551,47.4693,56.7727,51.8286,54.2035,64.5012,68.1282,68.185,67.1889,74.6296,82.1763,87.5085,91.3154,91.6398,95.3991,97.3406,
IPCM0EL,NatTotalExclLULUCF,MtCO2eq,PAK,PAKISTAN,KYOTOGHGAR4,188.2546,190.1457,197.9449,207.6179,217.2747,221.5094,235.8566,239.3013,246.2256,253.997,265.992,271.2597,277.1014,291.1488,308.7672,319.0961,336.4038,353.4342,359.3907,367.2126,368.0629,376.5784,378.9041,385.4699,392.4234,405.9451,426.4456,
IPCM0EL,NatTotalExclLULUCF,MtCO2eq,PAN,PANAMA,KYOTOGHGAR4,6.6328,7.1362,8.2766,8.0134,8.4088,7.059,8.7654,9.5927,10.0042,9.6696,9.7566,11.3739,10.2382,10.4799,10.0535,11.2627,11.8396,11.5585,11.8733,13.1646,13.8203,14.8544,14.887,15.5199,13.4212,15.2326,15.8138,
IPCM0EL,NatTotalExclLULUCF,MtCO2eq,PCN,"PITCAIRN, HENDERSON, DUICE AND OENO ISLANDS",KYOTOGHGAR4,2.62E-05,2.62E-05,2.60E-05,2.60E-05,2.60E-05,2.59E-05,2.59E-05,2.59E-05,2.60E-05,2.60E-05,2.59E-05,2.59E-05,2.59E-05,2.60E-05,2.59E-05,2.58E-05,2.58E-05,2.57E-05,2.57E-05,2.56E-05,2.56E-05,2.56E-05,2.56E-05,2.56E-05,2.56E-05,2.55E-05,2.55E-05,
IPCM0EL,NatTotalExclLULUCF,MtCO2eq,PER,PERU,KYOTOGHGAR4,53.5885,54.6388,54.1578,63.1494,60.3452,61.6802,67.0644,70.4893,66.8353,67.019,69.2508,66.8127,67.4538,68.3868,76.6793,82.3291,78.38,84.6741,82.157,93.7092,100.5543,92.9756,97.3734,99.1403,103.2663,107.9455,112.4821,
IPCM0EL,NatTotalExclLULUCF,MtCO2eq,PHL,PHILIPPINES,KYOTOGHGAR4,106.7812,109.1733,112.7558,114.8402,123.5747,130.9916,135.4656,145.0027,136.596,144.6503,149.7627,149.2239,151.3366,152.1336,156.603,156.8384,151.0433,156.7628,164.5235,164.9064,172.7262,174.7279,180.7697,188.8792,195.5228,204.8323,209.6068,
IPCM0EL,NatTotalExclLULUCF,MtCO2eq,PLW,PALAU,KYOTOGHGAR4,0.23669,0.23684,0.23703,0.23708,0.23716,0.23698,0.23784,0.24118,0.24111,0.24495,0.25212,0.25572,0.25176,0.25544,0.2554,0.26287,0.26669,0.26295,0.25571,0.24841,0.25576,0.25578,0.2558,0.25936,0.26303,0.28043,0.33055,
IPCM0EL,NatTotalExclLULUCF,MtCO2eq,PNG,PAPUA NEW GUINEA,KYOTOGHGAR4,8.4933,8.4516,8.4974,8.5069,8.7385,8.7926,8.8694,9.6016,12.1493,9.5993,10.3211,10.5288,11.1225,11.5613,12.4352,13.5517,14.1492,15.3188,14.9479,13.5989,12.8311,13.4618,13.2586,15.0027,15.2414,15.6732,16.9553,
IPCM0EL,NatTotalExclLULUCF,MtCO2eq,POL,POLAND,KYOTOGHGAR4,476.8612,463.4408,450.3869,449.4767,443.2815,445.9469,458.9509,450.4982,418.6508,407.9765,396.8236,395.457,385.4778,400.0644,403.1217,402.7911,417.8654,418.4088,410.8018,392.2675,411.2603,410.6977,403.3747,399.2318,386.1902,389.3384,399.801,
IPCM0EL,NatTotalExclLULUCF,MtCO2eq,PRK,"KOREA, DEMOCRATIC PEOPLE'S REPUBLIC OF",KYOTOGHGAR4,222.1122,216.3034,191.9126,180.1099,165.8926,146.0503,124.1769,110.6865,91.9615,91.5085,89.1925,95.3226,94.3211,96.2642,98.5195,103.0515,104.8906,90.2635,98.2941,96.943,92.8422,73.8977,75.3951,62.6327,67.4032,69.9892,77.6107,
IPCM0EL,NatTotalExclLULUCF,MtCO2eq,PRT,PORTUGAL,KYOTOGHGAR4,60.9439,62.8612,67.2108,65.8307,66.9232,71.4904,69.0554,72.3782,77.2089,85.1769,84.3163,83.7894,87.8989,82.6241,85.8226,87.7681,83.0027,80.7705,78.0464,74.854,70.8285,69.7039,67.8121,66.0056,65.9487,70.2663,68.4657,
IPCM0EL,NatTotalExclLULUCF,MtCO2eq,PRY,PARAGUAY,KYOTOGHGAR4,25.9222,24.391,25.4263,27.6473,29.4611,30.9327,29.8242,29.6306,29.2597,28.812,26.1049,28.4786,29.3938,33.4803,33.409,35.4196,37.0579,40.9082,40.6019,42.8249,46.624,48.3564,49.5251,51.9057,55.1375,55.2999,54.8169,
IPCM0EL,NatTotalExclLULUCF,MtCO2eq,QAT,QATAR,KYOTOGHGAR4,28.2143,33.6991,42.9213,46.2292,45.1286,45.329,48.4856,63.3146,57.5804,58.6447,63.084,68.5513,68.5946,71.4941,76.0634,84.2071,99.2105,103.3522,109.9251,118.953,133.534,152.4982,171.8523,153.5138,179.6768,199.6482,204.1884,
IPCM0EL,NatTotalExclLULUCF,MtCO2eq,ROU,ROMANIA,KYOTOGHGAR4,249.4369,204.6522,190.0102,180.9294,177.4043,183.1673,186.4452,174.8057,156.644,137.1553,142.912,150.4571,149.4005,152.7966,152.1725,149.4915,151.9839,155.298,150.0672,128.9847,123.2695,129.1479,126.0006,116.3348,116.4289,117.2542,113.5703,
IPCM0EL,NatTotalExclLULUCF,MtCO2eq,RUS,RUSSIAN FEDERATION,KYOTOGHGAR4,3781.824,3574.4356,3024.8203,2820.6923,2518.1242,2461.4093,2396.7124,2279.6459,2255.8453,2280.0224,2280.5337,2342.5605,2347.9085,2428.7631,2484.3694,2507.828,2572.1554,2581.4539,2602.4336,2486.0403,2602.7754,2666.7731,2715.0329,2643.8718,2648.5733,2658.0458,2671.571,
IPCM0EL,NatTotalExclLULUCF,MtCO2eq,RWA,RWANDA,KYOTOGHGAR4,3.4489,3.4319,3.3636,3.2396,3.0971,3.1172,3.3294,3.6838,3.9098,4.2671,4.1141,4.3239,4.4398,4.772,5.1039,5.3316,5.6792,5.9374,6.2063,6.3989,6.724,6.7151,6.8873,7.0555,7.13,7.3243,7.6265,
IPCM0EL,NatTotalExclLULUCF,MtCO2eq,SAU,SAUDI ARABIA,KYOTOGHGAR4,227.3231,287.857,301.0425,319.4811,336.428,280.6214,304.1829,275.0446,267.057,279.0336,344.7993,350.8889,375.5185,389.8135,446.4528,454.4049,487.6018,455.1097,499.1179,524.9168,576.0224,561.9178,615.0784,599.0158,654.1403,671.0484,676.4054,
IPCM0EL,NatTotalExclLULUCF,MtCO2eq,SDN,"SUDAN, REPUBLIC OF THE",KYOTOGHGAR4,49.8059,51.3179,55.6824,58.4073,64.1504,65.6323,67.6656,70.6854,72.2981,74.9758,78.8269,80.8552,85.2088,88.0387,91.2637,93.1323,93.189,97.1611,97.6932,99.5722,99.4059,97.5724,99.7938,102.6701,102.3208,104.7946,105.8304,
IPCM0EL,NatTotalExclLULUCF,MtCO2eq,SEN,SENEGAL,KYOTOGHGAR4,14.2791,14.7804,15.0138,15.4155,15.8969,15.612,15.9786,15.3841,15.3753,16.472,17.4663,18.8576,17.6436,17.0873,18.6825,19.7249,19.145,18.8284,19.731,19.1039,23.4979,24.0365,22.524,23.9098,24.1047,24.9409,25.118,
IPCM0EL,NatTotalExclLULUCF,MtCO2eq,SGP,SINGAPORE,KYOTOGHGAR4,23.2931,23.8744,25.3409,26.8203,32.1838,26.8712,32.8217,41.5886,39.0209,42.9513,48.2499,50.8702,43.8768,32.3588,30.6973,32.8537,34.1128,25.8369,39.3802,55.0537,55.3691,55.6724,57.2855,82.4541,83.7511,88.748,94.5039,
IPCM0EL,NatTotalExclLULUCF,MtCO2eq,SHN,"SAINT HELENA, ASCENSION AND TRISTAN DA CUNHA",KYOTOGHGAR4,0.010988,0.010411,0.010407,0.014118,0.013611,0.013655,0.013479,0.013376,0.013399,0.013401,0.013652,0.013506,0.013531,0.013547,0.013748,0.013789,0.01373,0.01384,0.014022,0.014019,0.014048,0.014061,0.014049,0.014171,0.01422,0.014228,0.014149,
IPCM0EL,NatTotalExclLULUCF,MtCO2eq,SLB,SOLOMON ISLANDS,KYOTOGHGAR4,0.25363,0.2567,0.25414,0.25653,0.25271,0.26284,0.26668,0.26845,0.26861,0.27983,0.29009,0.29654,0.30301,0.31205,0.31981,0.31764,0.32669,0.35027,0.36307,0.37382,0.3808,0.384,0.38763,0.39775,0.4025,0.42054,0.46395,
IPCM0EL,NatTotalExclLULUCF,MtCO2eq,SLE,SIERRA LEONE,KYOTOGHGAR4,3.5392,3.5649,3.4578,3.5244,3.5142,3.2906,3.2982,3.3375,3.2447,3.0863,3.1135,3.4239,3.7612,3.9632,4.396,4.6001,5.3107,4.688,5.0421,5.1536,5.4431,5.9419,6.5335,6.8744,6.838,6.4638,7.3889,
IPCM0EL,NatTotalExclLULUCF,MtCO2eq,SLV,EL SALVADOR,KYOTOGHGAR4,7.1515,7.9457,8.1913,8.5227,9.3933,9.5036,9.55,10.6105,10.4882,10.4868,10.3352,10.899,11.0337,11.4104,11.4264,11.7055,12.2059,12.3905,12.0564,11.7166,11.5256,11.4298,11.673,10.3302,10.6376,12.1582,12.4055,
IPCM0EL,NatTotalExclLULUCF,MtCO2eq,SMR,SAN MARINO,KYOTOGHGAR4,0.21566,0.22109,0.22147,0.22025,0.2212,0.23576,0.23819,0.24344,0.25137,0.25581,0.2643,0.26505,0.26865,0.27678,0.28045,0.28144,0.28046,0.27922,0.27291,0.251,0.25739,0.25431,0.24236,0.20807,0.19551,0.21985,0.21657,
IPCM0EL,NatTotalExclLULUCF,MtCO2eq,SOM,SOMALIA,KYOTOGHGAR4,25.3436,22.3808,20.4389,22.3499,24.1954,24.7678,25.3046,25.8509,25.8109,26.0342,26.358,26.9559,27.3982,27.6368,28.3242,28.8626,27.6306,26.5262,26.6379,26.6926,26.9568,27.1627,27.4611,27.7874,28.0032,28.3022,28.2162,
IPCM0EL,NatTotalExclLULUCF,MtCO2eq,SRB,SERBIA,KYOTOGHGAR4,78.6794,56.2946,62.1088,55.3314,53.8729,56.8413,64.5962,68.7248,71.0593,53.6326,57.8089,61.1555,64.6391,67.4511,73.7412,70.3814,74.5845,73.91,73.3631,68.1664,68.293,72.3613,67.8742,68.6835,61.6328,72.1609,75.0316,
IPCM0EL,NatTotalExclLULUCF,MtCO2eq,SSD,"SOUTH SUDAN, REPUBLIC OF",KYOTOGHGAR4,37.5343,38.1007,39.7742,41.106,42.7226,43.2419,42.3932,43.7704,46.8855,47.7633,51.3873,45.4375,53.0328,51.1706,52.4169,55.1254,49.0827,55.2819,53.6149,54.9244,49.278,52.1618,52.9819,53.4627,55.0302,54.9312,55.2057,
IPCM0EL,NatTotalExclLULUCF,MtCO2eq,STP,SAO TOME AND PRINCIPE,KYOTOGHGAR4,0.084456,0.086113,0.08693,0.087274,0.087078,0.088009,0.088677,0.090134,0.090032,0.091488,0.10538,0.10853,0.11808,0.12991,0.13656,0.14264,0.14753,0.15117,0.15437,0.16374,0.17236,0.17764,0.19045,0.19515,0.19763,0.22582,0.23472,
IPCM0EL,NatTotalExclLULUCF,MtCO2eq,SUR,SURINAME,KYOTOGHGAR4,3.1686,3.5045,3.6205,3.4829,3.459,3.5141,3.5929,3.5562,3.5132,3.2536,3.2333,3.4116,2.432,2.4993,2.5133,2.5008,2.6846,2.6728,2.9229,3.0482,3.455,3.0468,3.2888,2.9636,3.0769,3.3491,3.4198,
IPCM0EL,NatTotalExclLULUCF,MtCO2eq,SVK,SLOVAKIA,KYOTOGHGAR4,74.225,64.6119,59.1112,55.629,52.9652,54.2139,54.6132,54.3838,52.9312,51.6583,49.775,52.2958,50.3758,50.6862,51.4211,51.34,51.1492,49.2583,49.8251,45.4302,46.4124,45.4081,43.1846,42.7853,40.6605,41.1003,41.2267,
IPCM0EL,NatTotalExclLULUCF,MtCO2eq,SVN,SLOVENIA,KYOTOGHGAR4,20.4174,18.9424,19.5886,19.5337,19.9242,19.7585,20.4696,20.6089,20.2557,19.5369,19.7676,20.6928,20.88,20.5929,20.9373,21.2457,21.4427,21.5913,22.3136,20.3326,20.3539,20.3737,19.8036,19.0892,17.3537,17.5427,18.3975,
IPCM0EL,NatTotalExclLULUCF,MtCO2eq,SWE,SWEDEN,KYOTOGHGAR4,74.3358,74.2886,73.77,74.0466,76.5269,76.3625,79.9183,75.1935,75.7198,72.7688,71.5254,72.2316,72.8822,72.8323,71.8368,69.3135,70.9622,68.7104,66.379,61.6058,67.9047,63.0895,59.6382,58.6501,57.1249,56.2486,55.5993,
IPCM0EL,NatTotalExclLULUCF,MtCO2eq,SWZ,SWAZILAND,KYOTOGHGAR4,2.0828,2.0859,2.074,1.7734,2.129,2.1251,2.0581,2.8431,2.8074,2.8689,2.7637,2.6668,2.6592,2.63,2.6915,2.6821,2.5799,2.7236,2.6899,2.5634,2.4861,2.4945,2.6723,2.6195,2.7106,2.7185,2.7107,
IPCM0EL,NatTotalExclLULUCF,MtCO2eq,SYC,SEYCHELLES,KYOTOGHGAR4,0.22438,0.25228,0.24835,0.2604,0.2686,0.26713,0.30177,0.41444,0.49936,0.57737,0.65316,0.71555,0.62935,0.64557,0.83339,0.78656,0.82956,0.74712,0.80798,0.63948,0.56029,0.45965,0.55752,0.53182,0.62803,0.57112,0.55889,
IPCM0EL,NatTotalExclLULUCF,MtCO2eq,SYR,SYRIAN ARAB REPUBLIC,KYOTOGHGAR4,64.7662,73.3438,77.403,83.2038,85.3341,78.3669,77.948,73.8532,81.659,82.124,79.5846,72.9932,61.8788,77.4587,73.8061,73.9478,76.9144,90.1256,89.8704,85.0763,83.9132,79.1025,65.1793,54.6159,47.835,62.7462,60.5324,
IPCM0EL,NatTotalExclLULUCF,MtCO2eq,TCA,TURKS AND CAICOS ISLANDS,KYOTOGHGAR4,0.03374,0.034147,0.038195,0.045945,0.05007,0.054206,0.054524,0.06224,0.066386,0.074188,0.078478,0.082817,0.10923,0.11391,0.11486,0.134,0.15667,0.17962,0.1948,0.19532,0.20686,0.20737,0.21514,0.21642,0.22448,0.23224,0.23664,
IPCM0EL,NatTotalExclLULUCF,MtCO2eq,TCD,CHAD,KYOTOGHGAR4,16.81,16.9876,17.2528,17.4469,17.6365,17.9383,18.3647,18.8458,18.8164,19.9303,21.7822,20.6177,22.408,23.976,24.0857,25.2186,24.6475,25.8353,25.7893,24.2508,25.0884,26.66,26.5549,27.5025,27.8693,29.0719,29.5506,
IPCM0EL,NatTotalExclLULUCF,MtCO2eq,TGO,TOGO,KYOTOGHGAR4,5.9102,5.7259,5.8855,6.4182,6.2185,5.9818,6.7998,7.3586,6.8604,7.9255,7.2368,7.4419,7.8355,8.3535,8.5446,8.5258,8.1834,8.2467,8.5199,10.276,10.9159,10.5391,11.7086,11.0896,12.2727,12.8267,13.1839,
IPCM0EL,NatTotalExclLULUCF,MtCO2eq,THA,THAILAND,KYOTOGHGAR4,185.1958,198.4184,209.7926,224.5953,239.4373,259.1336,278.2516,286.4912,263.6192,278.422,282.1267,297.3849,310.8004,333.8293,353.9521,360.2062,366.0237,375.0958,377.6498,397.0102,418.7166,412.9353,434.9761,436.1451,448.6089,453.1658,456.425,
IPCM0EL,NatTotalExclLULUCF,MtCO2eq,TJK,TAJIKISTAN,KYOTOGHGAR4,28.7206,29.9662,25.9287,21.7443,15.4532,12.5423,10.3,10.1598,8.9082,8.5203,8.4226,8.3849,8.3085,8.6626,9.6307,9.1693,9.8191,9.0361,9.1227,9.7252,9.6683,9.3499,10.0032,10.6888,11.8759,11.8009,12.0463,
IPCM0EL,NatTotalExclLULUCF,MtCO2eq,TKL,TOKELAU,KYOTOGHGAR4,0.00046552,0.00046474,0.00046292,0.00046357,0.00046103,0.00045842,0.00045858,0.00045869,0.00045888,0.0004589,0.00045873,0.00045848,0.00045807,0.00045749,0.00045765,0.00045725,0.00045646,0.00045621,0.00045628,0.00045605,0.0004562,0.00045612,0.00045634,0.00045387,0.00045364,0.00045341,0.00045318,
IPCM0EL,NatTotalExclLULUCF,MtCO2eq,TKM,TURKMENISTAN,KYOTOGHGAR4,58.5093,58.4152,41.0756,43.9243,39.9527,40.5158,42.5836,33.4273,36.8275,48.3204,57.6288,60.1871,65.3279,72.2282,71.5159,76.4505,79.7592,81.8461,86.2133,68.6855,75.9907,86.1917,91.6756,94.1463,96.2321,102.2703,104.1475,
IPCM0EL,NatTotalExclLULUCF,MtCO2eq,TLS,TIMOR-LESTE,KYOTOGHGAR4,0.6208,0.71841,0.73627,0.77066,0.92151,0.95996,1.0282,1.0928,1.1661,1.364,1.6454,1.5113,1.47,1.4715,2.1642,1.7817,1.9492,2.3929,2.4194,2.5892,2.4336,2.6508,2.6898,2.9722,3.0989,3.1749,3.3234,
IPCM0EL,NatTotalExclLULUCF,MtCO2eq,TON,TONGA,KYOTOGHGAR4,0.17444,0.1936,0.17193,0.18631,0.19203,0.19009,0.17735,0.19718,0.18579,0.21081,0.19793,0.18999,0.20307,0.24093,0.21483,0.21788,0.23211,0.2155,0.224,0.26159,0.23989,0.20901,0.2279,0.23588,0.22752,0.23622,0.2589,
IPCM0EL,NatTotalExclLULUCF,MtCO2eq,TTO,TRINIDAD AND TOBAGO,KYOTOGHGAR4,26.5603,27.0515,29.3981,27.4518,27.5405,26.0398,31.4153,28.6378,31.11,36.4511,39.4951,43.3355,47.2138,53.5886,57.7658,68.1063,75.5719,79.283,78.0385,78.276,83.256,81.4055,77.2816,86.8375,88.3646,89.4384,87.303,
IPCM0EL,NatTotalExclLULUCF,MtCO2eq,TUN,TUNISIA,KYOTOGHGAR4,20.6573,23.634,24.2434,26.2379,25.2239,24.939,26.6568,26.7373,28.2487,28.9031,30.4247,31.3454,31.068,31.512,32.7374,33.4313,34.1375,35.1245,36.2819,36.7525,39.3369,37.8223,38.7979,39.2472,40.5704,37.8164,37.5951,
IPCM0EL,NatTotalExclLULUCF,MtCO2eq,TUR,TURKEY,KYOTOGHGAR4,219.9664,226.6324,232.5287,240.5192,235.2185,249.5142,267.4091,279.5204,282.0938,279.5196,300.514,280.6052,287.06,307.1954,318.6981,340.1056,365.2902,397.3136,395.8747,403.2115,408.8151,439.0003,452.9049,446.3568,459.2066,477.3513,503.511,
IPCM0EL,NatTotalExclLULUCF,MtCO2eq,TUV,TUVALU,KYOTOGHGAR4,0.015762,0.016531,0.01665,0.016519,0.016647,0.016698,0.016743,0.016885,0.016925,0.017072,0.017081,0.017139,0.021048,0.021113,0.021178,0.021244,0.017655,0.02147,0.021594,0.021743,0.018164,0.018267,0.02206,0.022128,0.022252,0.023081,0.025293,
IPCM0EL,NatTotalExclLULUCF,MtCO2eq,TWN,TAIWAN,KYOTOGHGAR4,143.6233,155.1448,165.2923,177.1334,184.5614,195.5979,205.187,222.0451,224.073,232.3713,246.5021,254.7063,265.3663,275.0997,290.0746,287.6594,298.129,308.276,292.5609,277.5624,301.4195,302.4816,295.1149,295.0957,299.717,296.0803,303.3625,
IPCM0EL,NatTotalExclLULUCF,MtCO2eq,TZA,"TANZANIA, UNITED REPUBLIC OF",KYOTOGHGAR4,43.2107,43.7715,43.9158,44.8474,45.0141,49.5476,47.4947,46.8297,50.5743,52.1611,50.3671,55.515,55.9494,61.2632,61.3761,65.1159,63.2947,65.7961,68.2232,69.2368,73.0939,76.7523,79.824,85.003,86.9388,90.1214,92.1509,
IPCM0EL,NatTotalExclLULUCF,MtCO2eq,UGA,UGANDA,KYOTOGHGAR4,18.1706,18.739,19.2204,19.6644,19.4992,19.9081,20.1651,21.2113,22.5338,22.2117,22.7231,23.5991,24.1199,26.4448,26.6892,29.7764,27.3907,30.9538,37.3134,37.096,39.5973,39.7472,41.2781,42.3704,43.3397,45.3337,47.1546,
IPCM0EL,NatTotalExclLULUCF,MtCO2eq,UKR,UKRAINE,KYOTOGHGAR4,951.8497,865.2992,807.3556,716.1831,608.9302,563.7084,517.0415,500.4943,475.6295,444.186,422.3203,445.0842,431.4216,440.003,440.7761,445.3222,463.0734,466.1164,453.7026,392.7567,409.0528,429.7146,419.6713,410.1614,363.9287,320.889,340.505,
IPCM0EL,NatTotalExclLULUCF,MtCO2eq,UMBRELLA,Umbrella group,KYOTOGHGAR4,13664.3471,13318.4297,12856.2533,12666.0853,12444.9372,12473.4936,12591.2324,12542.705,12522.5331,12596.0116,12785.789,12730.1754,12777.5578,12936.5566,13134.9027,13168.7602,13148.1838,13321.8044,13024.9448,12274.5636,12700.4207,12684.9323,12534.0937,12637.8158,12592.5092,12397.999,12281.6317,
IPCM0EL,NatTotalExclLULUCF,MtCO2eq,URY,URUGUAY,KYOTOGHGAR4,31.4241,33.1421,35.0367,35.0913,34.6315,34.7697,36.2371,35.7503,35.0567,35.9942,33.8563,33.6025,33.6803,33.2023,33.8043,35.0534,38.0189,37.1473,40.2948,40.1046,37.6219,40.1214,42.0525,40.9108,40.2352,41.0943,41.3246,
IPCM0EL,NatTotalExclLULUCF,MtCO2eq,USA,UNITED STATES OF AMERICA,KYOTOGHGAR4,6509.4305,6451.4858,6562.6861,6671.8656,6771.225,6853.8325,7037.3899,7099.69,7157.3061,7193.4306,7349.4207,7234.4005,7258.5563,7299.7267,7430.6095,7434.1581,7358.8181,7452.5722,7238.54,6782.7472,7007.9517,6851.9825,6608.4313,6780.6,6829.7921,6699.178,6566.8436,
IPCM0EL,NatTotalExclLULUCF,MtCO2eq,UZB,UZBEKISTAN,KYOTOGHGAR4,191.8553,194.8977,188.6539,220.9739,199.7691,200.937,206.3313,195.8005,188.4106,197.7214,216.3165,219.4276,225.0033,222.3801,219.2203,217.2508,235.5248,235.8789,252.1981,228.311,219.5286,224.3585,225.7251,229.5396,234.0223,242.3748,234.2368,
IPCM0EL,NatTotalExclLULUCF,MtCO2eq,VAT,HOLY SEE (VATICAN CITY STATE ),KYOTOGHGAR4,0.0069602,0.0069862,0.0069565,0.0068348,0.0067632,0.0071416,0.0071197,0.0071981,0.00737,0.0074813,0.0075739,0.0075181,0.0076392,0.0078762,0.0079325,0.0079097,0.0077483,0.0075881,0.0073296,0.0066286,0.0067499,0.0065789,0.0064295,0.0063611,0.0063005,0.00624,0.0061805,
IPCM0EL,NatTotalExclLULUCF,MtCO2eq,VCT,SAINT VINCENT AND THE GRENADINES,KYOTOGHGAR4,0.15233,0.14134,0.14463,0.15992,0.17143,0.17887,0.18308,0.1843,0.23312,0.26358,0.2659,0.29737,0.29326,0.29937,0.32034,0.32152,0.3225,0.33234,0.33402,0.41775,0.32745,0.30753,0.36157,0.31952,0.32036,0.32865,0.33491,
IPCM0EL,NatTotalExclLULUCF,MtCO2eq,VEN,"VENEZUELA, BOLIVARIAN REPUBLIC OF",KYOTOGHGAR4,191.9874,187.1536,178.2186,199.8801,207.9116,220.6891,210.7076,225.105,260.3057,260.6732,242.4501,261.3943,278.7106,276.7624,241.7529,257.1805,261.531,253.265,273.9822,274.4026,278.2353,268.7245,299.0306,279.0662,280.6264,271.816,264.5348,
IPCM0EL,NatTotalExclLULUCF,MtCO2eq,VGB,VIRGIN ISLANDS (BRITISH),KYOTOGHGAR4,0.080142,0.081094,0.085013,0.088602,0.096125,0.099983,0.11141,0.11493,0.11872,0.11896,0.11925,0.12302,0.13045,0.13822,0.14213,0.14963,0.16078,0.16885,0.18007,0.18389,0.19145,0.19588,0.19606,0.19613,0.20203,0.20851,0.21205,
IPCM0EL,NatTotalExclLULUCF,MtCO2eq,VNM,VIET NAM,KYOTOGHGAR4,83.4957,86.5334,88.3553,91.6751,97.1121,103.8222,114.7973,127.5808,136.6228,142.9643,152.1168,159.9086,174.5346,187.5855,209.2387,218.1409,225.8233,231.9289,247.8415,267.7149,282.1794,289.846,281.1163,288.5428,308.1053,340.2117,357.892,
IPCM0EL,NatTotalExclLULUCF,MtCO2eq,VUT,VANUATU,KYOTOGHGAR4,0.43883,0.45179,0.46913,0.49565,0.50129,0.50684,0.52778,0.52869,0.5269,0.5324,0.51044,0.49254,0.4902,0.50775,0.49064,0.50003,0.49783,0.62559,0.6302,0.62253,0.63671,0.66261,0.65114,0.64756,0.70348,0.71989,0.74887,
IPCM0EL,NatTotalExclLULUCF,MtCO2eq,WSM,SAMOA,KYOTOGHGAR4,0.2946,0.29848,0.2982,0.30209,0.30836,0.31019,0.31898,0.32381,0.33038,0.34095,0.36442,0.3843,0.36278,0.37365,0.37266,0.38297,0.38783,0.38729,0.39179,0.40824,0.41933,0.44188,0.43935,0.4438,0.47574,0.5127,0.54094,
IPCM0EL,NatTotalExclLULUCF,MtCO2eq,YEM,YEMEN,KYOTOGHGAR4,17.8683,17.4378,18.3835,17.458,23.1683,23.4765,24.0577,27.3294,26.0118,28.4867,30.2337,31.6726,31.2921,34.9722,36.4738,39.5703,43.9375,48.5007,47.4238,52.7777,51.957,46.7135,44.4277,55.4653,53.8191,51.896,52.3085,
IPCM0EL,NatTotalExclLULUCF,MtCO2eq,ZAF,SOUTH AFRICA,KYOTOGHGAR4,374.0179,385.0981,362.7225,381.0788,399.8767,422.2317,430.6343,455.4186,450.6824,448.1053,447.8863,447.8759,461.9472,483.8718,503.3535,499.3361,507.4171,533.9096,534.0386,525.3677,531.6053,548.4491,534.337,544.2822,545.5877,527.2384,530.8761,
IPCM0EL,NatTotalExclLULUCF,MtCO2eq,ZMB,ZAMBIA,KYOTOGHGAR4,27.7987,28.0461,28.1304,28.2767,27.9518,27.428,26.5418,27.3982,29.1255,27.4405,26.6101,28.7159,27.0412,29.0732,30.3442,31.6449,29.141,29.6559,30.4733,30.0527,32.3299,31.9359,34.489,36.035,36.3244,36.4446,36.5669,
IPCM0EL,NatTotalExclLULUCF,MtCO2eq,ZWE,ZIMBABWE,KYOTOGHGAR4,27.61,26.9414,28.5954,25.3526,27.4661,33.2216,42.153,48.4365,57.4289,69.8945,70.4633,63.4395,51.4089,42.7152,36.1018,30.5856,22.8748,22.5589,20.5264,18.992,22.1555,24.2986,21.5314,24.2903,23.0999,23.7222,25.0769,