variable,country,unit,1990,1991,1992,1993,1994,1995,1996,1997,1998,1999,2000,2001,2002,2003,2004,2005,2006,2007,2008,2009,2010,2011,2012,2013,2014,2015
Cement-process-emissions-CO2-per-population,AFG,ktCO2 / capita,3.6688367828073116,3.454762581465711,3.4210149306595388,3.1646032927640957,2.95064793990423,2.7877941285090633,2.6712848492982397,2.587369274881057,2.518553992713846,2.4459282869905685,1.0321614336314224,0.9849062285803762,1.0691575216164315,1.268163405868089,1.2073479561469,0.9249805291399181,0.7758718903815444,0.42529543004280906,0.514398184716651,0.40100940101015087,0.4870992137774294,0.46821460682141225,0.4515105372981909,0.6202002238267312,1.19909567183853,0.9369675461830741
Cement-process-emissions-CO2-per-population,AGO,ktCO2 / capita,8.67604747868391,8.404066899240256,9.5154778809478,7.624740986354998,7.152506834437022,5.668234214689557,7.539698864291142,8.111879788303796,9.22968685239815,5.226408964244365,4.881720759733456,13.077578835543175,13.594990715400964,15.326833181264414,15.970769410501038,26.67172380962025,26.64047825728829,25.759980134954862,31.453044244745495,30.76336744148341,24.75059941253271,23.688439013624468,24.422072708363633,29.94037311612972,35.98377531800527,35.45314572635606
Cement-process-emissions-CO2-per-population,ALB,ktCO2 / capita,113.88244357531751,91.71312111291614,30.528419696801848,31.016593705195945,16.334484389104613,31.84370992578707,33.179959563137,16.58561913663608,12.984255543036685,16.465655146913445,28.168111801202446,,,93.05674532827815,92.26060101099283,79.7290446576831,85.1577644990016,146.5984238271878,153.09272371677042,186.75942193351526,220.53884935513216,306.73201080139506,375.3374526847073,392.94575019064894,375.24287218289663,374.91208722042364
Cement-process-emissions-CO2-per-population,ARE,ktCO2 / capita,730.5768170074413,729.9396048580069,749.0514650593609,739.3296653763128,869.5891159220264,971.4883086547807,930.758998374186,769.6267791600771,977.7513129174162,921.30212485133,747.7198348613675,695.1225965354513,741.0402277351484,777.4058962054895,783.7705675560571,760.7714449547796,875.2331157078019,958.4605862244745,1136.3046282728953,891.0318059614215,780.225674200586,734.3924312263799,601.5424158747874,607.0220245622406,616.0381361561138,610.4233834540307
Cement-process-emissions-CO2-per-population,ARG,ktCO2 / capita,49.8934623340565,46.24341121768151,67.77565787774952,74.6974934740101,81.91997740617508,70.15325185040275,65.048579487529,86.11940251441308,87.91005030408435,88.02646840755699,74.07417002118763,65.70325203610028,45.3689253740561,59.25441913323627,69.48336189785476,82.56379381450041,95.37679141148804,99.69921609646221,97.19583455055124,91.3738770762036,99.8692772532936,109.20165190483905,99.39012140584096,109.47362977250194,104.62637252316489,99.86695538105198
Cement-process-emissions-CO2-per-population,ARM,ktCO2 / capita,103.38692514340062,108.7225993231298,27.794156517495882,15.872270150914424,9.367595914315125,20.5635583658809,23.811515316984483,51.51470467136875,64.78625682121438,53.35030529129493,45.21779470078721,47.03907849297937,69.67935958274128,72.96691702515007,99.41305307050695,111.0604613688378,114.31468649653542,138.72902528966378,141.73618226956697,83.18954892777914,100.23247400089876,91.91186059443294,96.42870278931906,94.45279071190032,92.42245941463484,91.01972951199026
Cement-process-emissions-CO2-per-population,AUS,ktCO2 / capita,203.21063413043188,184.28805119815024,167.16279837959027,169.89419464469754,194.82476312211045,185.7635526488372,177.54246529534632,172.4643196501893,186.17688840289432,186.59770467859815,189.92085162586883,183.77112570012466,179.09965555665153,181.9569018019623,178.20952216337437,181.03748014405718,188.9799969922628,189.62446717052413,181.00041077675417,176.1347327204881,160.44257376470523,155.51740475971337,154.15052478876711,142.28493625405923,133.67601194615406,129.2461086248836
Cement-process-emissions-CO2-per-population,AUT,ktCO2 / capita,263.2073308614544,257.95408828925747,268.80577320735597,257.4731192741691,264.4953718972283,204.12707141731644,203.79495134800882,219.22409856693918,198.8546271942097,199.5997323599855,212.16277643744,212.40473277261776,213.4143193140451,214.53421612817843,217.84623098637488,217.72185639080894,235.855461882607,256.38301673660146,255.80284496416778,214.9333133254592,192.86680573211558,196.92987972383483,196.41803016548891,193.0568997906452,189.84805205937067,195.9980674429235
Cement-process-emissions-CO2-per-population,AZE,ktCO2 / capita,65.99684927175652,63.52307624563125,50.91052074476577,39.09382002413424,31.130798940980196,13.414056027283909,15.22489887090062,22.307265165880636,14.30555360865412,12.987133922058572,14.896449363583057,37.219667648252546,57.1099605352896,64.77415932027318,85.84567757012111,86.95798822430734,90.73954875874763,93.5891275682278,87.37338906730832,69.58445530330475,68.35349451428331,75.23195791471137,102.4402053466858,118.16359915454957,145.83684728935492,131.5312819860163
Cement-process-emissions-CO2-per-population,BDI,ktCO2 / capita,,,,,,,,,,,,,,,,,,,,,,1.5547064258692533,3.016188271952668,4.17387746445746,2.880166279308396,3.990481671727487
Cement-process-emissions-CO2-per-population,BEL,ktCO2 / capita,282.2153182957073,286.8684474091944,306.5061562689241,304.5853636553564,313.01943231331404,319.546685476235,294.7608680212866,309.2786832748602,310.140399337755,303.55450329395154,318.03049066269284,286.55824744580855,288.76345468377116,281.50407830593093,270.7030847079284,278.18637652857916,293.0439630919039,288.563059721897,281.3759460025365,257.35961010249264,236.0418326097734,250.7926254619165,238.46150376007688,227.86147743911323,235.57911326880858,208.00961025661013
Cement-process-emissions-CO2-per-population,BEN,ktCO2 / capita,24.866947768964764,25.750077823104732,28.22684934158295,37.54235739563613,33.07538036687422,40.06395331313314,24.05542659082917,12.83582198849695,12.44307613366686,12.061647352725002,14.724835641850632,14.229730018074726,13.748400703238234,13.27960502915011,12.834832085247955,12.411326415880282,71.31646792170667,71.04847417280925,59.50385171019244,56.65921272314596,54.54787173619093,59.1493194762981,54.609030995481625,55.21542361494899,52.621284624280335,65.99878668133138
Cement-process-emissions-CO2-per-population,BFA,ktCO2 / capita,,,,,,1.1873285286501978,1.1530216929077115,1.3998345701195232,1.3593194614068147,6.332703490059694,3.585476219643413,1.7355141705611088,0.9598880672897805,0.9285145718706233,0.8978886493751731,0.8679824734594802,0.8351906986221957,0.7991849015658902,12.321536834655731,14.397898065391423,14.533601166840551,13.99088068178992,15.26743722367749,13.243347297323337,8.91050863992373,5.648618181239917
Cement-process-emissions-CO2-per-population,BGD,ktCO2 / capita,1.297690575984577,1.01814232124971,0.9944081355604503,0.9718973121621319,0.9751918509216213,0.9536095008350444,2.1596500921562027,3.3119469726770023,3.9684308086729585,6.528729887448928,10.966608667771894,14.9805573393695,14.619255116814328,14.307396727732204,14.011996207787686,14.027641048366492,13.703152999197814,13.34790538572419,25.6643198094397,30.441054725917912,34.54506093634388,36.10506674479967,36.92999956789781,40.71173066220718,40.69501361996926,42.61142832676491
Cement-process-emissions-CO2-per-population,BGR,ktCO2 / capita,237.51972403374998,141.4412636636253,124.01681234608112,131.8813711324855,166.61417690767627,233.19704314742015,231.79325488864276,187.7802547235502,134.80692747854272,134.50052517186626,148.5410901790708,151.81804632367056,151.4094811574651,159.92042933509623,182.86861974485177,206.4092814939763,199.21418593857356,256.5102526791181,247.92515802565825,131.83959828487815,109.02696840743376,107.02517722094234,134.2337330342336,122.70612419990199,126.1536565660202,153.95555714077918
Cement-process-emissions-CO2-per-population,BHR,ktCO2 / capita,123.74705352155844,119.48643002167665,173.37460116577165,173.4571895869738,167.96218258040565,141.54717322542703,131.76812956652174,112.50063032625688,145.85254732753032,94.51020744802018,51.323023589632484,47.92494864160081,33.42184158836044,61.807268678624034,170.3926502202813,155.5386608604898,146.17899988940061,138.81769413963437,141.66644236894285,211.893548596701,346.291529597973,360.25281063688476,361.8626736921606,358.215036973235,392.0242263339411,381.8916722248342
Cement-process-emissions-CO2-per-population,BHS,ktCO2 / capita,,,,,,,,,,,,,,,,,,,,,,,,,,
Cement-process-emissions-CO2-per-population,BIH,ktCO2 / capita,20.721769082107848,19.777642205845314,14.182075008362515,14.56702900367637,24.64282964817809,23.552753171933798,15.300057295857718,20.602643992654365,30.982659576028166,30.618884536213013,62.680761386739505,69.97616726823013,89.33189646610646,83.90560341782371,101.84363154661362,97.23577493765751,118.53520125054638,125.43720190779014,138.4578962849124,102.78759641174935,96.66627620440592,91.43733912734676,86.91957677758896,93.56451971276553,89.87656204343126,87.18987568018991
Cement-process-emissions-CO2-per-population,BLR,ktCO2 / capita,96.97709058157477,93.12087731346415,89.36470918846902,84.2016722693277,62.250850383182346,55.795978587911144,63.883213018959594,82.80501825611897,91.8363797449253,89.20656622007976,87.25932337381107,83.32859817839856,100.17199727708366,119.60919313178346,133.7204820303027,151.4310126764491,163.13242666377585,169.6574471440507,190.69494898200136,197.54931327367993,207.11340599051775,206.79093837461053,230.3697423807478,250.0289590503204,279.70919100363307,238.1461413999831
Cement-process-emissions-CO2-per-population,BOL,ktCO2 / capita,36.87149990577932,38.49827551465344,38.181602244736084,40.59762229638464,46.47613697035165,52.96883164871832,54.46104363841754,59.24388138264522,65.4601760671915,65.77281468540015,57.76117355547903,51.49254829265422,51.14785091776649,56.240224643093065,61.3643948905304,67.19698810212233,74.31597311914017,76.59845252484685,83.63667992901976,93.413622321224,96.00491700041196,103.290788971957,103.52569449137826,116.82395754569305,130.65510564648764,134.92212606314112
Cement-process-emissions-CO2-per-population,BRA,ktCO2 / capita,74.05317144926175,77.51194448865631,63.20994816150209,64.65873216623389,63.17893759738689,71.04276458956518,84.16543417060599,91.13960460237456,95.0810316045118,95.16133385696763,91.56381392825037,85.68181487023367,79.87742683956256,71.78784375232232,71.83128052308415,76.77189493382586,81.68775709819523,90.03979900457549,97.83446469719776,97.6418212306424,108.18294527728067,116.16278992984171,124.4509257316514,124.5006191237931,125.65303525312449,114.14721002952639
Cement-process-emissions-CO2-per-population,BRB,ktCO2 / capita,329.10352032076935,327.54760310018185,289.7583376559973,96.12716609208292,131.54555612370507,118.99954332557112,177.63271690819803,282.792335499822,410.52435155812657,396.76932344694745,418.01465274766815,390.86022498476086,466.3361303678382,495.118600739005,489.94657458502843,506.91765598940174,499.92910096386333,426.94187941336236,431.63288487265567,365.2098969368334,320.56486949554494,307.1621270059622,243.47887849139693,222.5061856436432,221.28905905393722,220.64127057846648
Cement-process-emissions-CO2-per-population,BTN,ktCO2 / capita,,89.11488151517634,89.98636000188138,85.62138106771526,92.39055726685034,109.94858966316228,126.07793068120985,123.68700756873707,109.54431850670011,106.39538116342597,103.34556412796294,110.07462686567165,106.56350026962447,103.20258439546127,104.61015614994645,101.54742560219545,102.48011091474915,98.85611638557232,96.15521791853912,94.267262736228,104.1310206544161,277.91657101187025,261.4988439068379,286.6812817908364,339.6235163204748,384.0555966197011
Cement-process-emissions-CO2-per-population,BWA,ktCO2 / capita,,,,,,,,,,,,,,,,,,,,,49.24893268336456,56.20718954790017,67.29478321842326,67.23022287453131,65.71141483362562,64.50307509923287
Cement-process-emissions-CO2-per-population,CAN,ktCO2 / capita,207.85276109065646,168.4102818203258,167.557122146535,168.7140426890413,196.78781106220356,220.38813200362648,206.73731384358155,220.41156199263287,224.0032468541627,231.43189223417284,233.31119734649266,224.07929261081125,228.12251593497234,228.05881634660335,235.21555964542327,235.3507404303397,237.15378939254782,234.5552982967984,209.07332738045133,159.54504182042226,176.74086680815302,175.36889572490762,188.01912454204003,169.6756775078608,167.00029277010628,174.2155965713102
Cement-process-emissions-CO2-per-population,CHE,ktCO2 / capita,386.673038806632,333.4782658358785,309.30061672312723,277.5843055313715,303.1059162683553,283.392878133226,253.64057784733495,226.60085324316302,225.85682588659347,224.97837069711355,240.67808434197215,244.0756467900512,233.43733788115097,226.827244996601,238.45666274728484,249.24739970322418,247.68068359334018,249.32681759250025,242.99928604246367,238.8472981239501,249.61788035221275,242.7361674745893,225.10885033872157,225.38712359551113,228.44286176205512,206.13553092639953
Cement-process-emissions-CO2-per-population,CHL,ktCO2 / capita,53.95656832298606,56.88386121259301,67.92464036916596,77.07452198669593,75.2942098184927,70.6461033812694,67.49287789769306,65.52642476080882,77.31185277351402,64.1973258255382,67.41902542621077,66.75312847827665,70.34214508979504,71.71093946900487,76.06215636651517,72.64478545449501,77.14559107125875,81.25305798005989,79.88264513224209,65.3616441947392,62.67155971681636,64.06909154866887,66.32101938410882,54.440873843883026,55.27484759391473,52.62156090063206
Cement-process-emissions-CO2-per-population,CHN,ktCO2 / capita,72.08012792410256,85.18449686355476,101.6608001837363,117.32526658697603,133.76816862618753,148.87817104415322,154.3222912539227,161.1510778933353,166.7927075921231,179.00172562916734,190.46149951320487,209.77000725772464,228.3916234432118,264.24894477883015,289.1916570964903,311.43514254577906,353.6689615817509,385.2482084563185,391.17379023854215,431.63506622537403,470.37881972955455,518.1793248900592,519.7794632165785,541.1510510076181,560.0994041345155,525.186116221062
Cement-process-emissions-CO2-per-population,CMR,ktCO2 / capita,21.90313487977774,17.743537724792592,20.372423700317135,19.782299090335584,14.874527638397945,16.692675147169666,8.876036092598051,17.712143153084806,20.738702674342466,23.19383079019313,23.549462447674955,25.127733175377863,23.282726405396968,22.944415895968845,24.152252117906624,22.74867478780389,21.933497590611438,24.141919477756087,20.341663789426647,21.855093474394316,19.308484842263553,21.37867659510536,23.06665237985668,25.111154261126913,22.675457591903275,27.182526527159187
Cement-process-emissions-CO2-per-population,COD,ktCO2 / capita,5.494794231367411,2.853974646959856,1.9338005604701334,1.5473715477539487,1.7132768602518054,2.3045626975682896,2.3076629560755646,1.1583351787146685,1.1969082701945821,1.4270566942608593,1.4523204595118993,1.6518461312560986,2.131000079541284,2.5724832673292894,3.0338903655351412,3.778893558960858,3.623790038347976,3.5092186832446033,2.6236629753848737,2.8585421419053065,2.944674388212512,2.612660804363464,2.281864417183268,2.4482573224452913,1.738945016511839,2.0342109930100705
Cement-process-emissions-CO2-per-population,COG,ktCO2 / capita,14.841482558389677,16.823698486146267,18.68426311633331,18.153623909621533,13.223155066837538,13.910844135314575,7.2727979989038705,3.0241656455592802,,,2.764648093282537,,,,,10.970235135250709,10.51696025754971,10.02201574047481,9.619882223871839,9.98422084052705,7.110139688371172,6.231261342912163,12.135893518379628,20.480309669185438,36.84998524974129,54.667582663950704
Cement-process-emissions-CO2-per-population,COL,ktCO2 / capita,79.97883960070104,77.92817925921318,81.41471610224474,91.64206669796367,104.25397212657762,99.91459585587587,89.83144330744972,80.86341739255924,83.37143373021125,78.98184193641477,79.15066142777398,59.235536130029715,60.80944247483269,71.40798105415783,80.14200301595142,99.70975589730301,98.32163822920494,106.05172710172845,98.08125974465376,84.79356729708296,85.50005894190258,100.13651923907624,104.71086927192458,106.75288909247182,116.40045111399711,122.49968105088968
Cement-process-emissions-CO2-per-population,CPV,ktCO2 / capita,,,,,,,,,,,,,,,,,,,,,,,,,,
Cement-process-emissions-CO2-per-population,CRI,ktCO2 / capita,86.11125017966762,94.81526453332846,92.31101721399395,110.71522213083252,117.99082812513683,105.9834357089839,98.95093657242185,109.32122273588173,123.40163822377025,122.27432319759048,114.15272110689165,126.85154466150153,123.86776543830926,114.37307727078063,148.19545463881627,193.29819548330553,131.8002206649935,211.1698240678673,188.57624819731672,185.1941385787776,110.66424950718108,118.66168573064427,116.62779789614453,120.81418476666143,122.22613411244174,129.0181145343076
Cement-process-emissions-CO2-per-population,CUB,ktCO2 / capita,122.37668564434539,80.84523169271873,80.21716958608405,41.883856372002015,42.771887414365224,57.83032397726655,56.89255700112363,66.25214511407908,66.15994057174301,68.62283757953642,62.3815324835957,50.05121332401023,49.545382340057465,49.87156382657536,51.56679173166878,56.98206163934822,61.392147275998994,63.89950464835058,59.91288581519988,56.74729087567528,56.63082253843206,59.720021337511824,62.24660973422762,56.579964173324846,53.567524583324115,51.37228925670021
Cement-process-emissions-CO2-per-population,CYP,ktCO2 / capita,870.9728755279712,803.0605430267556,856.2232000889323,912.2431606190403,936.3166131093882,877.9682575311206,928.4161282677466,875.3444824459825,813.7963517272951,799.2009070784516,808.5564717381579,775.8137713713264,784.0600389368719,755.8655062638202,799.3784701259885,799.6823846065519,785.2634458431253,763.7405613549531,756.497772205595,612.9812508423826,498.9183062842495,485.4045259971462,444.46911270045166,657.6646828033317,845.0858233338453,755.4791836242501
Cement-process-emissions-CO2-per-population,DEU,ktCO2 / capita,193.38124014403436,172.6901814722439,180.3959183199763,180.45186438445023,189.54408358592596,191.5298414078753,181.8821838934005,187.36227124594294,190.67664343143747,193.54059907405855,187.14467745136244,165.57134476604696,157.08499651055652,165.38841579627086,172.18242099717997,159.7869820358047,163.59997852842258,177.63963929343092,167.38372969011675,155.12758675868466,153.65638217593383,165.44348863110403,163.9400318465539,153.81749362417258,158.30229258534152,154.57522660416132
Cement-process-emissions-CO2-per-population,DJI,ktCO2 / capita,,,,,,,,,,,,,,,,,,,,,,,,63.83491247791874,149.97303116544833,156.13307541184412
Cement-process-emissions-CO2-per-population,DNK,ktCO2 / capita,171.63591944548995,211.06099274710627,230.68073052120698,232.33672565502195,228.73222096300103,230.0913638531818,243.96463464297813,254.46637756406142,262.24539792343154,254.61434476548607,259.3053163768251,259.0488874522169,263.54968293074694,246.89212930167764,270.04711109745557,251.39707051401945,256.23114657652224,257.22322862867117,210.08422467552901,138.31671596597238,121.0114991528115,154.3649658518114,155.25802668491764,153.8006643351496,156.658452088079,163.74581516498952
Cement-process-emissions-CO2-per-population,DOM,ktCO2 / capita,63.61671167862229,72.6900732797843,78.83724701083248,71.85213359057684,70.86241650384908,79.1138538823882,87.46918868871317,96.33156088487839,96.9339018547257,115.38582000096808,124.7281498587699,133.37739386551374,145.03608069712425,135.03929632371964,120.61960246503406,123.51738542382269,163.9040230968086,173.0785883058005,173.40284667078987,155.9211438285019,162.9624615515178,155.8776495086563,158.1494739018902,160.38834014700092,178.841812350829,176.1902147658988
Cement-process-emissions-CO2-per-population,DZA,ktCO2 / capita,115.31173512632017,111.7708528805228,110.22367238051567,107.49917792100045,99.42792626523712,109.53388316159764,102.20521522000895,109.44616792695942,113.59541282867345,111.65062760166684,121.53801061196793,119.20681695862895,126.83213519993063,124.43094906311705,149.12691309482938,170.0890912961759,193.5584241952175,204.05202600717269,217.52279033863766,231.8010385227893,228.50332096753726,222.35465184019864,204.8669367151498,190.3566440494038,213.7379669167887,229.6375498827133
Cement-process-emissions-CO2-per-population,ECU,ktCO2 / capita,99.62721999637701,99.41697678709185,94.9030079116042,86.34668596196107,87.04522198451853,103.05418875943646,116.74604798793237,109.26631151900885,96.18637466565987,83.3152467466122,99.53600542768173,100.83441254423663,100.8257306040517,101.50793842493842,110.51362037808983,114.30457714113768,124.3602997820652,129.10535130417875,153.7283591515302,143.622660388564,139.74176899553993,147.4565232216022,152.53248676073787,166.7779051456411,163.74153687655598,151.5079438228861
Cement-process-emissions-CO2-per-population,EGY,ktCO2 / capita,117.88432130688565,133.6966887644911,134.90343452584486,123.94819269092115,121.86429652130717,130.62983923285395,135.1999499302794,139.28714159127503,145.25500706045898,157.8103811078446,159.78602576935182,164.96567169669228,175.2304631878405,160.71489445356815,168.342800703389,184.16698219697898,199.20918176997245,214.99359551680772,206.5373493335051,236.58515485510935,219.71853532485517,208.38775620183208,257.47820741918275,224.14625747069286,215.54783688324324,218.60097678167583
Cement-process-emissions-CO2-per-population,ERI,ktCO2 / capita,,,,,5.8338462256473385,6.786058581451633,5.7598899235298395,7.556898160595948,5.548623652892495,5.4084123523777485,5.258192272402655,5.0813182489382696,4.89398803033996,4.713416518090612,4.548254649391765,4.40412425576473,4.259035943115805,4.112360870741852,4.009321850496948,3.9416899015250326,3.8739740004190546,16.33856200094308,21.57213246197032,21.543763295533562,24.609964717991506,24.922755961655266
Cement-process-emissions-CO2-per-population,ESP,ktCO2 / capita,312.4196848621621,296.9301985625533,264.20005045613607,250.10952067345406,289.2022298648731,309.8482250083717,302.6794454212723,317.7050680312453,342.7424788873363,355.9471780307922,360.11402486194953,362.6295576235883,369.88942854584155,376.05437652505407,375.7640882468467,381.22154007507993,374.2828592849382,370.5347097838655,312.8410081124304,245.28751052799817,239.37439501861886,203.00948612613604,186.82212954008293,163.64883187776454,191.24356401566084,198.63068968299783
Cement-process-emissions-CO2-per-population,EST,ktCO2 / capita,308.5784817938695,309.3885539153154,207.38948323590716,153.2869328433886,226.54696714622887,242.77332410343442,254.98400266340133,280.98695159306334,286.91293063604365,257.1611545609775,267.0979878665896,272.8979564268618,257.6782774970131,244.2259465121141,267.5340009460495,275.071404966481,306.60410569355747,443.9494312804671,449.87280848421153,192.38975019276404,233.01518952752863,313.22241200076184,307.4870144475121,301.99158570174643,320.01905399060496,156.31165320100564
Cement-process-emissions-CO2-per-population,ETH,ktCO2 / capita,2.8864640557448586,2.3584392976764477,2.389261042219676,2.693667803436821,3.4096368568971624,4.337820983048647,4.751911025562813,4.9953711637853635,4.84280773220423,4.006803583425223,5.360900334280015,5.273588808732058,5.103749380542704,6.2347384685045215,7.017811398295237,8.088408626195264,8.602334470406467,7.766627449992258,8.465479524815635,7.625012537133886,7.209586663667137,8.837630974734948,14.473598625453803,20.508448490133453,21.47549840770117,28.95676553649872
Cement-process-emissions-CO2-per-population,FIN,ktCO2 / capita,145.9502800315919,113.34644982940253,93.85669757231277,71.23719066388605,71.33472249007622,73.82294020029283,74.2459721949418,87.3490269124293,86.71166068514992,92.46654608276857,97.3023276613478,96.83723364713134,93.01080126052749,89.26550710785689,100.87396762991004,103.1008797041678,108.74322841762401,114.2881087139445,116.50590555991445,72.11782326584992,97.9726720168654,103.50249626941971,91.85328599034175,88.62130413477796,85.8652563859995,84.294576069972
Cement-process-emissions-CO2-per-population,FJI,ktCO2 / capita,45.22197884242714,44.76031071161008,44.1620295192544,43.49519089408842,50.635589623165174,46.099409669657426,41.73486505641982,48.734959513659405,44.51997026170945,47.81188700721891,47.483860787970755,47.1004079988406,54.01555245797734,57.296590369176656,56.93135244649627,67.03438843440814,65.9164550628406,67.79969621902896,63.27222709701899,49.415059503478425,71.7948717948718,73.76430942259476,63.48472291539796,79.88950967074564,82.35437556304653,88.72957319909568
Cement-process-emissions-CO2-per-population,FRA,ktCO2 / capita,196.0996533846458,185.7167501238956,166.70442517548835,152.75829070036065,157.81851495019174,154.95746001354937,150.68456175895224,144.49471477949837,153.68869554343948,147.88563248090438,151.30468372967673,151.80787742509537,150.286236251491,148.00967205717274,155.60072184676017,155.48576850404757,155.45626991585584,157.19578218216472,149.01435140725428,128.89327686127515,131.32521212425075,133.02059023285028,124.10458455817472,120.63532560594533,114.9077222133234,106.61337900787842
Cement-process-emissions-CO2-per-population,GAB,ktCO2 / capita,50.71349657429228,49.29346376030823,47.92589849862045,52.42829887232624,48.17397037584198,57.92087001915964,67.11885342290893,70.58417751881254,68.74005314098756,59.503336600673066,70.02555392560606,77.4088360629633,79.72750498490046,77.40112909273529,75.06203246579511,72.69482569633803,69.90374047301992,59.26028392558923,57.06155449290587,60.671030292030146,51.859213149535734,51.36406142003334,43.20313384945615,36.21914398017687,34.936048318692684,29.955833020321993
Cement-process-emissions-CO2-per-population,GBR,ktCO2 / capita,127.5721416088895,104.53536463300736,94.89597081378407,95.83616078917514,110.15248352249101,108.4025872360119,110.32254298276149,115.00227270884838,116.79916716283824,111.1721490258998,107.4115167944658,98.80075929161208,100.89478747839073,98.48905900350623,99.80941861589768,98.54569380199173,96.91987709579367,99.6016260612694,83.8163134962742,59.308759280366004,59.898737961076336,64.20434363618988,57.9607917967114,62.32875642141665,64.83050874830423,68.2140548171264
Cement-process-emissions-CO2-per-population,GEO,ktCO2 / capita,50.93919604788729,48.26232360372089,38.372348051730384,23.51750382447642,8.175932919759562,8.30866397838592,7.220609329650034,7.307557411547212,16.614903549832068,28.57640280492897,29.478665980242937,29.04436960875928,29.86023421148224,30.027852744283678,37.2573885548567,39.428986256022725,39.446745316853566,39.31183785119581,39.46537207344568,77.24428224389042,77.60546036178229,136.00220173492107,141.75750580796787,152.8704296437637,155.32220904701146,169.37768820333622
Cement-process-emissions-CO2-per-population,GHA,ktCO2 / capita,18.983802584859717,20.439490265443418,27.050177788797026,31.00066731955951,33.61874772430472,31.633963421186294,35.506454005002325,39.179247299590685,36.703363746856795,40.925201806380606,41.5919477735662,39.33248565193247,38.18912192724122,37.06206678390761,35.965916433278935,33.13989888315431,31.980572887284538,30.726585284754165,29.739933317996243,29.020452830343388,33.08161551533887,38.05858466488621,44.57303135745787,44.332683234514086,43.096793134984985,35.86652721271693
Cement-process-emissions-CO2-per-population,GIN,ktCO2 / capita,,,,,13.520157162548474,12.933269285276792,12.8741875858894,12.53299956776143,13.324243525775945,13.76278936957989,13.838833332992754,14.189948455820378,15.814221746032354,15.456750743943404,15.09974100730341,,,,14.249537592333807,10.997938336520619,8.405463319551203,12.741081469519726,10.716689466593403,12.655358612556629,16.407594115594677,18.41784660390043
Cement-process-emissions-CO2-per-population,GRC,ktCO2 / capita,562.2265890243651,552.7035091838128,560.7852026189368,555.8487493450447,553.6828048919504,589.0980710189423,585.7964847064289,584.6116314906785,578.6738514212503,574.0168901268914,586.692710785085,587.0678064210518,562.8165397275997,566.3683064280224,564.6611553939691,600.9094252258433,581.9855240030444,562.9608984247902,530.1389789018873,400.3904987037554,367.72655612154637,212.73233675966628,272.36157523951164,321.42951781155875,339.28921129550776,309.0623829984489
Cement-process-emissions-CO2-per-population,GTM,ktCO2 / capita,78.11038500021536,65.50483113946983,61.94543692648455,48.34640212213036,50.598208054680285,47.56694271377911,43.778930396478756,50.268038032872894,57.56500134144686,60.067428322828704,71.80657920271693,70.94371748098482,68.78617867959368,66.68544994839397,71.07176138017532,75.14492180377134,72.74012227207746,73.13715932645493,70.8963338527638,41.41459805557449,75.11747614575853,74.5873330372584,73.34135897347242,73.99231634036312,85.21964216667895,83.4952117003557
Cement-process-emissions-CO2-per-population,HND,ktCO2 / capita,56.98916398672298,58.412325922347094,53.08854926106686,57.383069031017044,47.76119402985075,54.124582176617444,69.24172724962759,74.09333936209069,61.90219485512497,65.6418897502541,84.0398860687067,83.65380204961527,74.67408948972026,74.93793202869394,79.80119245107647,76.96553707026445,89.96996050869029,92.55352769833623,90.14744448444223,88.62453501988358,76.91483527680676,75.68609607739835,78.93580334756466,76.23196926234597,74.75126049809654,73.48650442944509
Cement-process-emissions-CO2-per-population,HRV,ktCO2 / capita,227.36922501011225,147.60494898847753,174.56667868194765,146.26820236570885,180.7504913261663,136.17766387401736,149.6648988270093,174.80808728446016,189.87502398761146,250.20010398450958,280.9349080141425,323.0431389629953,316.6645396455131,315.33766877058866,335.31633788937756,342.6177411577784,363.3286117392206,369.5327153364788,350.83865833047673,281.9572254303303,276.7924331695298,243.42909524824088,236.70286180044064,266.7255130316803,287.7253094691222,275.9668518721365
Cement-process-emissions-CO2-per-population,HTI,ktCO2 / capita,12.069469664488745,14.882532228344433,11.570365406678647,5.877271782655143,,,,,,,,10.01890465727788,13.628029279436063,13.312461176629958,13.674478116338994,13.36441765899447,12.39178838906432,12.033204529214474,12.333811676399936,12.097997842253069,11.850453872383312,11.611569539206002,11.380854312430206,11.225317721546169,11.057023025659293,10.913951475021943
Cement-process-emissions-CO2-per-population,HUN,ktCO2 / capita,168.72797129138377,106.33407580635387,82.90261076616086,98.65256237482008,114.01680729383185,114.59116558152891,107.51971186652769,113.88083176076258,118.86991866359861,119.41511180678869,132.37386253135807,133.11745481780716,140.24566792343572,139.22363693946215,127.43348273731075,118.8721717668182,128.879601690431,132.4835365761805,126.21105310562767,97.6710176643262,74.07452174894034,56.939622582036094,68.73573662540765,52.41982150029614,57.646049992179016,69.06226284441061
Cement-process-emissions-CO2-per-population,IDN,ktCO2 / capita,42.87442844911838,49.62192357141524,52.50681957550098,56.94691514919596,65.22458562434045,68.23795075056897,72.080695203649,79.72332407410443,64.21488499673121,68.21257681153189,78.6138142888989,87.1768446440845,84.36469013775717,81.66125971792796,86.21975387667916,82.79199849077729,83.97211530570536,85.06834230527508,87.94911786568993,82.10061316916064,78.54888727914295,84.24650885010999,91.12707118814659,97.40816396986445,98.45917814273974,102.60994416326302
Cement-process-emissions-CO2-per-population,IND,ktCO2 / capita,25.685714334311097,27.588385233513865,27.769772506822818,28.786077570728455,30.29067214490984,32.75436078998167,35.346041221981416,38.07880238312505,39.81400934257334,43.62328598981459,43.65410966948576,44.48062064707815,47.256068925342085,49.159414267717935,50.57116660631589,53.17630188422219,55.276447172564076,58.07501021044889,61.045139601271295,70.04207528345925,74.22537223209784,77.3630634109913,80.2808498380653,81.57600735339115,83.47120935083687,85.40518703438035
Cement-process-emissions-CO2-per-population,IRL,ktCO2 / capita,247.6705936277494,218.65715983363043,209.8314827478394,202.1818444031822,236.8479753082539,240.72002398984537,267.1305262797468,308.42049916174267,282.357081723578,307.1897956081344,441.95869024333973,473.48714972246904,467.77295809559064,525.2439346919545,555.8584452578735,559.4618722105533,545.6188986770834,539.78185446217,469.30799233515586,290.49505436000896,238.81936351721922,207.245818247798,251.59695663875016,237.5070136120139,311.7566838307108,351.481359892445
Cement-process-emissions-CO2-per-population,IRN,ktCO2 / capita,96.48529417388002,108.28647948925452,107.25919743756079,110.67749101230628,108.49705212002486,108.16228383803893,118.86380041767634,121.47874878547164,130.9063776053538,132.22637992359978,139.59989689688723,150.38061497593597,156.2147661787088,161.01675863295785,164.61472827796618,161.4556603777202,174.9315015412504,206.02211241996392,218.13277194093772,244.0031774696314,293.29126997413124,309.30600977470573,319.5403265254806,308.90271041982567,293.9635122030949,255.16476480291755
Cement-process-emissions-CO2-per-population,IRQ,ktCO2 / capita,238.88023387708688,115.42288889947815,44.54933737533378,42.92570812296309,41.3323529911535,41.97267203958436,30.66791142024954,31.251611222331782,35.39392300672593,85.14672248934747,98.40693222732826,93.72558542307783,101.6868998603369,27.021621120895084,33.82274669202252,38.6916290493937,44.5881985616822,57.37848380121572,79.38466203826492,84.19566148487026,93.22978499189652,111.54518511378916,106.08187171257174,123.33565848152527,129.69175640345907,139.69013820020237
Cement-process-emissions-CO2-per-population,ISL,ktCO2 / capita,202.1619883705885,186.24041238393934,173.3608558106638,148.67355019493175,137.81502462868394,137.65324385623381,151.10124005182308,166.73450454513787,193.17389282808324,217.33184582718536,229.78586838304776,203.91860222617328,134.1258687339878,111.51164082902706,171.03852918544573,182.8943755318175,203.68467410452143,206.97903014416778,195.6678375213906,88.89985636820359,30.98074473664494,60.75728623638758,,,,
Cement-process-emissions-CO2-per-population,ISR,ktCO2 / capita,219.02132552674993,257.15035197723637,270.9583023661751,292.11685476158493,291.517423682829,356.22424053460634,304.842661646329,305.0673136887504,379.691286180382,385.4529284069134,357.8471370815604,296.760110481554,291.5398158603109,296.8728812371457,300.8273370117952,326.8226267876425,335.29670649813903,328.0519047161614,305.88623173805655,249.72842893299915,272.42272681548604,297.40615851391516,292.5015310221124,277.4544006249756,288.6166786440909,276.89094006148144
Cement-process-emissions-CO2-per-population,ITA,ktCO2 / capita,277.4514101183466,274.52859643134525,287.29357855836565,245.8644833760748,240.86761107381068,267.39932568212635,244.45361994923266,248.8419102098297,254.40237714701,267.22635431077117,276.819164878469,285.0119187671862,281.82531387494186,291.33040777297043,297.63378236771655,295.8756817447578,295.70140042118237,301.95481093675266,271.0815709319887,223.6684363244046,222.33455400249323,210.50895157522692,168.58117628947105,148.77321177180397,139.94976107341787,137.7381486876929
Cement-process-emissions-CO2-per-population,JAM,ktCO2 / capita,91.20376596065903,78.48789269010909,97.30822491788224,90.52620920594893,89.69184444871549,103.49013178636737,105.85509015832596,91.8499768248901,100.67524020943819,91.57905363503944,103.3549327327255,99.36455248035962,102.65462561668829,115.20690607337629,115.43632916870817,102.70804573076647,113.829073075584,97.35298600199533,107.73722439377202,137.62079710935697,116.17877261545998,115.462381423103,119.43011455153692,126.93706130884733,144.44005370905916,145.61615970283438
Cement-process-emissions-CO2-per-population,JOR,ktCO2 / capita,213.70101854135078,150.10258608585792,324.5805778844705,342.28991956186894,368.5207735387526,308.33798391569115,297.26232424789134,266.1276787892722,210.83980395753818,208.5784778516975,199.87733018755154,231.8290503365565,249.83508236803561,236.80813760220457,251.10218504063246,246.5825392611379,236.0878374825925,248.8216494534078,241.30091703593723,204.21878179465062,196.03502455310837,131.55214501284036,176.53889429599204,173.76909201727136,178.44765524094632,175.45005066979996
Cement-process-emissions-CO2-per-population,JPN,ktCO2 / capita,310.8045266727746,322.9549796356275,332.4518054981258,327.8779177992719,335.5460493165117,333.45079811614704,336.0335476439394,314.65069423148583,278.14646999603116,274.94219263830615,275.14245737922585,269.0968889964685,253.47409427908735,249.39915807404316,243.96781771223826,251.52769765267385,249.07929811244608,238.58947211425627,222.09169332881984,196.86285851139678,189.1843302819866,194.38871980779575,199.4917181503763,208.94232630665718,207.23630313749285,202.69590555364744
Cement-process-emissions-CO2-per-population,KAZ,ktCO2 / capita,198.06220676847965,180.77369569813624,154.11580516437206,95.54062309102015,49.48977619287718,43.61720730633748,27.81178576252742,16.62842535293849,16.006619978411585,21.805966592494293,31.486256922941948,39.940236586892354,41.20975966269563,51.30536539891317,58.61854438825741,59.55040122686052,93.81257025984743,120.06548682230782,109.24197071515243,92.7449878007284,150.25328410749546,163.38907383624328,160.62710523894347,175.79792060989152,182.58464954297514,191.4967553159364
Cement-process-emissions-CO2-per-population,KEN,ktCO2 / capita,26.441611576058918,24.18154346486654,24.711631206804466,22.51679090959992,22.261156436566665,23.330262612456984,26.24722828487721,21.143800152199447,19.43244300272998,19.068380060559345,14.743811724608491,16.397762949112295,17.670254741004015,19.363712338619617,20.268037020514736,23.36033267377358,23.059452850786933,25.862583455734246,27.817217432245535,31.81135548086294,34.63106979630933,40.31836776560383,40.64460510799127,43.92456851026937,46.97523588108443,49.43236508208661
Cement-process-emissions-CO2-per-population,KGZ,ktCO2 / capita,158.75084898087994,147.13898060720453,114.0050410972682,71.34509705966313,40.010613434846995,30.638925627128874,52.944248906661294,62.308235355120814,65.70188308490918,34.84787175983193,44.76988927225661,41.42997910365354,45.96561555553374,64.90074654812022,73.32378046613995,80.72301975418588,86.46837262738629,97.44263659696477,95.47167072003198,45.143210328227276,57.39222774239226,74.89193424401006,88.557460814128,116.06655256475939,116.78799757418999,99.43054191861735
Cement-process-emissions-CO2-per-population,KHM,ktCO2 / capita,,,,,4.0483255288028275,3.9151239426302458,7.317668695486896,5.262980839031576,5.12082570576903,,,,,,,,,2.483056393822688,21.24561858646538,25.294161732743756,20.987172874760464,23.531619384001225,24.957930863012493,26.945902904752362,34.9097852828832,36.809732926441434
Cement-process-emissions-CO2-per-population,KOR,ktCO2 / capita,406.3077318381085,419.7970768706542,462.6774159240569,535.1759443352066,575.3372186628328,596.0447661408426,594.4398760234446,609.4894564817168,471.3962219930486,484.4347169991077,502.04371253876013,516.8425705913476,542.4459136220294,555.8890613671275,517.7524233277426,460.08399725411357,454.63985743573915,491.0070799796724,494.7277966012505,471.8585198855356,471.0122151387644,473.61868537484594,470.24914436276373,460.2421539476319,462.8310174581765,483.45976616596755
Cement-process-emissions-CO2-per-population,KWT,ktCO2 / capita,178.27077821410117,19.448228364152975,113.57014560662994,114.79137511626845,243.39936968578044,486.20092124240443,488.86464755414465,461.43155130780724,287.74424089486064,285.4272671437754,223.1388556624167,165.1215655970664,273.80864087827734,311.87791535545784,424.4682484434579,328.55681419365436,326.3844311387321,317.96629397501806,351.31242600873185,255.0605032602692,239.15281865111805,249.51027106743203,245.46789980786653,290.4080580593794,351.0951896257717,372.7329225055986
Cement-process-emissions-CO2-per-population,LAO,ktCO2 / capita,,,0.6638736148107115,0.6458618123929333,0.6292744463524022,0.6139833628851901,6.604561464380958,6.466899461862993,6.340808148229689,6.225573733459205,7.22796072432723,7.082744181991989,17.632378817642856,17.821887227456315,17.478712107905142,17.13235220000744,26.498643611365083,25.681591626725467,25.04878399389312,62.044500389789654,73.22765539904269,77.72969297955457,88.18162078037228,88.3047142399397,139.0883184211659,144.478506571236
Cement-process-emissions-CO2-per-population,LBN,ktCO2 / capita,39.77038981641249,32.95594998223408,43.80086623654877,65.84267943164322,52.10714573864401,156.5243420406317,254.74118842316406,273.6793773664827,428.0735310221645,422.2836516986701,504.1160721847234,502.402035323506,475.7529229992758,622.1862484681736,676.6293916521948,690.2689139200552,495.8901746213662,555.4922027982125,566.7655952364446,610.7828634648098,596.9370144987217,561.855544280668,488.1616726371551,481.2264812166255,428.499098474304,381.61292213472865
Cement-process-emissions-CO2-per-population,LBR,ktCO2 / capita,10.075184815032385,,1.4875942353127878,1.5023137130995758,,1.4449124709064272,2.7300371170041333,1.266075576995076,1.168924941847748,2.177348988011781,10.306733663324462,8.909670318795692,6.738793083464719,2.8277731479000456,14.736744013847062,17.867491713249297,17.95702281922296,17.01712415725667,10.03550921336732,7.430091029109586,7.180623713788191,7.599196789714034,11.428740879905432,17.359997256369198,25.963750504755808,25.579932176509978
Cement-process-emissions-CO2-per-population,LBY,ktCO2 / capita,249.73735879302026,213.56457429131441,202.51541387622973,197.7797774225709,319.4642722156917,264.50867463169845,286.94068409836285,200.10673662064667,234.24108007272443,230.36830678156892,226.4855106221331,222.03572201862823,239.5289745934656,248.93375157052628,251.1937839968349,247.55346740580538,353.8252144247109,337.6679672019888,349.90462703437817,408.9165704005503,437.50020262143505,216.1943624454085,123.37337361561909,125.6300466270818,124.901113907108,101.6847755918046
Cement-process-emissions-CO2-per-population,LKA,ktCO2 / capita,9.336565469953253,9.213419687857778,18.702823354088135,15.321908443816172,20.764326114184563,19.920950817391958,20.41136243394883,21.075414424968358,19.02997630514863,21.13117057632603,21.61118836618457,23.555159309543555,21.270455892923664,24.04853588860173,28.561048634928472,30.295180049658484,31.814702388405657,32.997171389791696,34.493421984101744,36.064602662225205,32.78980221803233,36.96280441212527,37.06323099817842,35.87916598403691,34.82909161578474,42.072912864897425
Cement-process-emissions-CO2-per-population,LTU,ktCO2 / capita,451.2945497795745,419.2074922926674,204.71245356687726,99.13783591829996,104.57275616625753,84.92798492914302,88.10279306665706,102.26531214244851,115.80438762769212,97.98315641772675,83.52763622500775,81.58642705859626,84.33113075708744,85.66779289305846,103.81181609160048,114.614568519358,155.9780014414268,160.76238362671472,141.1672333990849,89.62462430241115,92.51543711303178,103.83518064496648,130.11787652366652,153.73662061018223,135.32101263873952,176.77799507900266
Cement-process-emissions-CO2-per-population,LUX,ktCO2 / capita,1492.7015042261341,1408.301238249058,1404.9781039055274,1151.1806658098333,1278.9706609547427,1124.0992872700901,1092.7562626962865,1112.2117083438498,1101.3707251434246,1140.3740649535553,1190.7737392313281,1028.4008559784459,1055.1556591229723,919.0247741000891,999.2939650612302,968.0195351234705,942.3181843567017,912.744722174241,832.603250842601,761.8698353144099,770.8377224157247,790.6666333295509,704.1869917935637,670.8021170470754,646.2154602779715,581.3943229799856
Cement-process-emissions-CO2-per-population,LVA,ktCO2 / capita,129.78375878986589,120.68012707462614,54.155220540361476,6.1216192670319245,30.114537458789076,37.60056416792207,42.68151241011366,43.900017201306646,43.076723058636595,57.59751504304241,37.0654187654116,46.59391684406131,50.375306753463676,55.859743470199824,60.074028404615476,59.680734712473416,76.03732300088575,78.00709386959761,77.21417517810599,83.01834374442097,203.22363850545202,266.18965989372487,278.3136063461891,264.84919521125215,277.06615413230827,236.0158240505294
Cement-process-emissions-CO2-per-population,MAR,ktCO2 / capita,83.24244057349901,112.36592755645904,121.20275002293391,119.40962023815072,117.48581995277469,115.38220614323821,115.76584825904952,124.09301679036376,124.1159665483868,123.19918941736849,129.53376406573938,161.91581118005203,167.15026052806064,172.43033316951445,184.49741271206395,172.73313157107535,183.41820393603413,204.3176940307945,221.60433372245433,230.94791458690847,224.13085193574665,214.09774781038263,237.3567553331546,242.45546214964543,222.62316408009048,223.57061202376028
Cement-process-emissions-CO2-per-population,MDA,ktCO2 / capita,222.65677630933735,205.96408707012887,108.40367306293287,92.84498594738388,75.36806766969234,57.27017834647973,44.75398057802397,63.03485400348338,50.572686893233545,49.90207782498906,41.13219215303461,41.54815249294888,52.482679757966736,58.873643640903374,67.8293666594901,87.81299463958308,110.28462650160567,170.2009543557711,192.12246804039464,83.15348482924972,85.6412356918786,104.79799713933106,108.5498869210642,117.11793129801735,114.1540450606262,109.00201181510977
Cement-process-emissions-CO2-per-population,MDG,ktCO2 / capita,2.082141921379873,2.018786351865502,1.9566980367010542,1.8965781123525303,1.1479700483899986,1.1116553126437807,1.291117228553212,1.0405737331868585,1.2080662087809868,1.168655354702277,1.3198614862135045,1.2748346773727361,0.7038423889317326,4.5899272423322435,3.7797006874741377,3.1777759211514556,3.0576896472020416,5.418471987811988,3.11154934403669,2.6155711758416897,2.949180299967284,3.492005982905865,3.8999268478437394,3.863918638904173,3.9856207349947548,3.879659098374158
Cement-process-emissions-CO2-per-population,MEX,ktCO2 / capita,141.87326174501484,140.11471398360467,148.37612018060457,152.20674448504136,168.3827139193825,132.38261843228167,145.57812658654555,150.79911349035402,154.11632874544978,156.62920550039897,161.22741566422454,155.14169860735728,158.59233937863692,157.89405976894096,161.59545576755255,171.38027256156295,182.21061588841326,192.3346100739021,184.40670779751534,176.1825014535273,164.93500397348456,168.86386035195548,171.89680560532892,162.15646852231612,161.72710704096548,172.76857607928588
Cement-process-emissions-CO2-per-population,MLI,ktCO2 / capita,1.0696750030832156,1.045014200497104,1.018012208253183,0.9899541726118097,0.6414789939684938,0.6237733550593735,0.6068900587512593,1.18151957061107,,,,,,,,,,,,,,,,,,
Cement-process-emissions-CO2-per-population,MMR,ktCO2 / capita,4.130334451247654,4.357837343466239,4.514346355372559,3.819020322731856,4.46944660314215,4.822170382798455,4.687930645114517,4.689944733700273,3.3029407182194546,2.995206242677363,3.4059751912238125,3.227674774085284,3.9881018798809174,4.789511972457094,4.299647622347908,4.424266397847277,4.583749484149051,4.777149144629991,5.222338220288573,5.128442999484545,4.0852624784133065,4.015585138703158,6.797876003054455,8.305441846785065,9.671794155563202,5.6255603018941285
Cement-process-emissions-CO2-per-population,MNG,ktCO2 / capita,59.107797330305445,38.220529343285015,22.07263465778056,11.34676564156946,13.654924191930176,17.436605732104635,17.038143079824582,17.8276701367259,17.27804923607249,16.278351391866376,14.29443789114704,10.455513237588935,22.572707566808624,24.565805662041576,22.260208135749618,28.99329730380147,34.47990079796342,43.2539636604969,46.915469586561706,37.398497688968476,63.25917460785578,56.85283011215579,55.78798575523075,33.60976080710828,62.382519761304785,61.10430494776909
Cement-process-emissions-CO2-per-population,MOZ,ktCO2 / capita,2.5061050455065654,2.438940050632837,0.8556465315650065,0.6158367889037333,1.5771788528705049,1.5203883056503367,4.417711416232856,5.364236701569831,5.045872094991008,4.9099029398513006,6.088217047373027,5.734648866804333,10.324113419372487,12.218132154441653,10.801121760986534,9.32941485164462,10.985051929315297,11.54658065049974,12.50067952748482,12.757149987227974,14.045428000563964,14.996588677054277,17.626940258381502,19.16444241610884,21.357924491872854,21.752408749930513
Cement-process-emissions-CO2-per-population,MWI,ktCO2 / capita,4.157857444615146,5.001476483155074,4.63939495876396,5.235829102456094,5.205687959223336,5.744221869863302,3.55002463453985,6.903385924413175,5.013664969475216,6.7391887766022744,5.487786225454398,6.328733501751858,3.682459150215949,5.2380351386073105,3.69279423113121,5.138917572636387,5.588542393468829,5.14198102748442,6.341427798044655,6.157828801621682,4.860522070970084,5.038515786602923,4.016821449304713,7.594793000267175,10.182298291190063,10.254013305293556
Cement-process-emissions-CO2-per-population,MYS,ktCO2 / capita,132.88376451444677,163.57740492515325,178.9328031059621,183.17548319009722,201.431998388544,211.80158840945208,237.68842230016847,237.5109116138987,189.8843166317136,179.8617831713459,198.9596304742149,234.0192313510492,236.7058447623728,277.7788691451309,246.84091103283933,274.44141020795,274.71386267657596,281.5309711297425,276.56600335457074,269.00550519440355,268.3523920802038,280.0057328187952,280.9006482449228,276.13277047984155,277.72248507072095,277.02233055166374
Cement-process-emissions-CO2-per-population,NAM,ktCO2 / capita,,,,,,,,,,,,,,,,,,,,,,58.85483121887724,102.21146022808087,131.14499335209712,140.9536599026905,150.02714835866834
Cement-process-emissions-CO2-per-population,NER,ktCO2 / capita,1.1300582900414722,1.0929561502414606,1.4082820082382155,1.3593571439476657,1.3112227665860665,1.2640686994959447,1.2179270718304058,1.1738633000332708,1.13010416567005,1.0878869226035592,1.308908248086206,1.5095171787642108,1.6909713762131122,1.6244142509166957,1.5601417900737808,1.7116486613123125,1.6338731554003718,1.1644127644181637,1.4853703822267752,1.074370397763033,0.6903866640187639,1.6478523186782301,1.5853022908097472,0.621391991869045,0.44636005050913624,1.0433752082289938
Cement-process-emissions-CO2-per-population,NGA,ktCO2 / capita,15.08344894511795,14.683863630068226,14.288342320105304,12.718741801727234,10.16555493683721,9.813773010115176,9.346815288073723,9.020221989953463,9.399776175347927,8.480891842541046,8.263043723295135,7.693078128245716,6.554920072177177,6.966601148740549,6.763243549090232,7.6939975260307225,9.087460878866573,12.423418741252382,25.580756672929272,24.941357531730723,24.31606940121509,28.174621700600767,36.56365395627104,45.30077154535161,43.91350989129568,44.91070579384643
Cement-process-emissions-CO2-per-population,NIC,ktCO2 / capita,22.849201303393723,24.68843828161861,27.774718633788602,25.008019735326144,29.33157845257121,30.093915565318973,32.82434677316249,33.509935988501326,32.89780365062943,30.42633231373468,44.87948188070493,42.67999803950399,44.78188553394277,70.75149035114148,40.68024143723293,40.39538024080331,39.484709858022015,38.44547714223523,37.59045034539243,36.935852500828986,41.323012630620184,46.988370851713725,40.83641137784093,42.282323819025606,45.0282898378566,44.524571134496924
Cement-process-emissions-CO2-per-population,NLD,ktCO2 / capita,27.783999516753525,33.05117143136133,29.60596634731346,29.997368353143163,30.12534224470887,27.67029498797215,20.30423584269486,24.01715693710986,27.436154259015208,32.64811651626536,29.448352612690492,29.84121601332092,30.3407342668737,26.782378392478318,27.377357237120577,25.703912676837355,24.32448904887051,24.413802194649367,24.075466478006103,25.031686554688463,20.87164972408602,20.971497762860995,18.35119760773288,16.271074678947645,16.714669286383685,14.723854811456436
Cement-process-emissions-CO2-per-population,NOR,ktCO2 / capita,149.34246230238847,138.63544218944222,152.1892019513204,194.1026522497746,194.62803588065734,200.36661365538546,196.43955022399345,208.63016717108627,202.38399851061928,199.44103760300615,197.7389263867562,188.58559696848098,192.5200928548693,197.82910943422323,155.7996213312386,168.35896315574507,172.1566336476877,184.0815247238777,174.49772174215204,174.4082466367527,154.3223142288858,151.3664719929582,144.73243951973728,143.90101752949175,141.47003945870205,129.13868822016698
Cement-process-emissions-CO2-per-population,NPL,ktCO2 / capita,2.3968759330295577,2.7986411469669035,4.837215681459258,5.437677693342043,6.1436335519067535,6.127203549908246,5.706882029480474,4.115712853748646,4.9351809052250575,4.964388131224955,5.117748008911705,4.7637224695849145,4.664919180885782,4.689261666933126,4.48844224147274,4.411027068456761,4.42549209891607,4.424973374820764,4.241599866504803,17.10475442991263,19.213165370104885,29.106587672690456,37.106791428909844,40.8785895171431,41.803125567444766,26.657331191813366
Cement-process-emissions-CO2-per-population,NZL,ktCO2 / capita,132.04158000242484,127.01056535226063,136.2190534831058,137.27169077875382,137.1409709271629,146.58758683144416,137.27524641888613,141.83066559143282,129.20279050543158,139.36137864311098,137.5486233606176,136.82424954573173,139.00362484311944,132.79235139924253,119.47246839677506,139.43180210646972,130.1506933845081,162.3613237515033,149.380890886036,135.5389012837338,127.54967778489184,119.61438224320536,127.2678397123559,129.78339697803688,135.6559441171962,134.50984845267084
Cement-process-emissions-CO2-per-population,OMN,ktCO2 / capita,230.27767967508387,217.13290572091344,201.18218483852735,196.94890862506887,225.93263539667143,214.49151492798342,224.21765252389045,222.4668888816783,232.07327227310574,210.91676060947677,210.5387543424996,225.8161650732726,270.1469614892783,381.13325409652214,381.18401424112307,372.32172260319385,493.2266508090814,528.0231579089682,517.9386548962781,498.7960215640828,530.3374037468848,546.4484250299945,512.0295187615235,419.509085456722,440.80612483195216,432.16240734699903
Cement-process-emissions-CO2-per-population,PAK,ktCO2 / capita,28.352890946386065,28.53777670128949,27.851250934803765,28.950858572828885,27.444369919848413,28.33203727831768,28.593357897153144,28.190293108320827,27.190255206102137,28.610341505561543,28.78938367654218,31.164937965989708,30.37590150459776,35.009349581598336,39.39506686218293,43.55152038630556,51.32595999389995,61.7901592719162,71.86304824241591,68.30307505113153,67.13172949123613,62.97928231347417,63.57092094754757,65.21287090748993,65.8056928628854,67.16636151471403
Cement-process-emissions-CO2-per-population,PAN,ktCO2 / capita,52.65055691824676,51.522264950473236,41.76989446502315,93.77695231749999,98.80101319470394,96.68835980187828,99.12943471904744,104.69732906181314,110.01508071893,108.77770810888674,133.38406459722268,112.76234074423142,99.9915853381662,115.54375051025589,132.0980529071206,129.6215393345974,126.00588754696842,122.06819894684328,208.488090213829,185.143537227764,161.09366928504494,185.96023175041034,237.77226129875444,239.679329898277,217.572501540733,215.1792442348666
Cement-process-emissions-CO2-per-population,PER,ktCO2 / capita,45.407776124040616,44.589790086921376,41.47414687284053,48.653765827354704,60.628240668373856,71.09351730288917,70.82340162302197,77.9380657004602,77.38172619821437,66.78064365977644,67.60594946246903,66.7520570048097,65.71066174658714,64.55627417565647,72.59875759326172,78.73841786485603,87.4062574150417,91.36624667175914,97.6887771027003,111.0287130941161,112.8562657832807,112.06321346422541,130.84002946254856,134.92240783759163,135.92328425265148,130.8296855329235
Cement-process-emissions-CO2-per-population,PHL,ktCO2 / capita,45.038247642175094,47.56846643058998,44.62509891973762,51.83776738291757,60.65692667956597,65.08131262062686,74.65767169091522,85.95114328980792,73.52695565536018,69.84926026594175,64.84034190926458,45.47775904733446,68.23428933452945,64.52937383600535,63.94776061968888,72.09568251527975,55.56351534452129,57.742171349781486,56.93546966704728,61.49366674329791,64.60277498099153,64.1806487419858,74.49416900402102,78.32980466735971,84.12398406753078,93.44612895552032
Cement-process-emissions-CO2-per-population,PNG,ktCO2 / capita,,,,,,,,,,,,,,,,,,,,,10.65946150657005,10.329674683341615,10.075582343628632,9.996226720743751,9.768192388004568,9.565867932687908
Cement-process-emissions-CO2-per-population,POL,ktCO2 / capita,143.6718277251217,142.18477597086743,145.00503603170912,134.40230560927384,173.06908517708484,173.3561437354925,161.5173352460199,174.86305334918922,164.27177574884874,160.2108040170642,158.5971853279705,128.67301829080336,121.34764379773743,118.7861460701219,132.04477771238334,131.82086980086316,156.07298665586396,183.93102873407057,174.63482522127651,150.21577372604264,162.32901243997074,192.557871808335,166.60836417832482,153.33031005847616,168.59451817117775,165.7379470331627
Cement-process-emissions-CO2-per-population,PRK,ktCO2 / capita,321.242923810285,315.92763408486036,330.07912537772114,324.60518595226506,319.5850288502418,315.0629309387819,311.12148986675504,126.70334288190021,57.327094914855955,71.00127859489614,80.90164997933846,89.53039126639895,91.14406628774674,93.5487077788172,94.01800240359067,94.00034730346387,99.9954407731285,97.50740901370884,100.6363388984804,99.8241386458361,94.70713962113648,96.39071578216556,98.6157820497067,108.70097690000182,109.37093081510251,109.17481625375332
Cement-process-emissions-CO2-per-population,PRT,ktCO2 / capita,319.08928542184947,327.94626533770395,313.2999839353835,317.7524884147145,325.8295216788969,341.09264921695,332.4047323916245,347.9957360994222,344.3245252322609,371.09903592795274,367.8374662497778,348.7730726801927,374.3895344049619,344.8041419978978,380.3094678061007,386.91152512705474,377.3602349671239,391.90526541563025,376.63938346799074,302.32774541358583,316.9262360756871,264.74471851697785,240.9793172649584,267.2955108602337,295.66902183213944,280.36738205301293
Cement-process-emissions-CO2-per-population,PRY,ktCO2 / capita,34.71973367140181,33.815899949345535,32.959328053825,48.94425287027329,64.15514192497675,59.84225505949567,56.398533761307924,61.10019709481915,64.27197400040477,62.90243656984873,54.74569558903955,53.13852045194932,35.780344627711045,40.4782496277606,35.485488468969486,40.4797244203859,43.31273768459761,41.93652901305513,53.59578787709913,39.10025674638539,41.144132162360066,40.32550852166336,49.06556743074662,58.338256719261835,60.174734120157794,71.27451699540255
Cement-process-emissions-CO2-per-population,QAT,ktCO2 / capita,231.92603553400707,449.8544588515481,451.44767989796514,442.6137337857829,375.8664550035003,374.13210505302305,527.8535105991913,511.58980037709864,702.9050015442473,699.274910571133,791.8725844931425,763.3501165531394,769.6012910839933,737.7437240954652,655.461188237542,604.2575529303484,547.1198022134203,729.5527276059087,979.600415160558,925.3322269578446,761.3745423324245,906.2249302529541,906.8207329652328,826.0485684564978,882.321106763381,844.2341627514218
Cement-process-emissions-CO2-per-population,ROU,ktCO2 / capita,189.23451043158965,136.4786786919689,124.32958926997141,121.81805164646794,119.87277306907393,136.99041123728946,140.3252432176315,132.77187692820223,129.84192724960377,118.67342227274453,120.028228325505,125.90897936170789,120.88946090987577,121.95728650836243,138.57520604262004,148.14975191565796,172.09628240962283,192.71622972516164,198.98099445734908,150.01487780917165,135.90767319165374,152.2202248690396,156.1628168401024,134.2920573697662,147.40093695726014,167.8856783554911
Cement-process-emissions-CO2-per-population,RUS,ktCO2 / capita,234.54219538786634,221.83808416523402,180.15342369883905,148.14927299769704,111.04234227110766,112.2808709831493,85.90303853904756,83.03536079449641,80.87881015274147,89.64078121103634,103.21284016366674,108.76806084734955,117.91049218938723,129.12846688233495,145.23278889573425,154.99429964248608,171.22172625367634,193.08398590341602,165.14868375136206,138.02235214338054,158.5007807228738,175.1312409368361,183.02810439423848,189.41869561132899,183.4289596194605,160.33303234924293
Cement-process-emissions-CO2-per-population,RWA,ktCO2 / capita,3.3375724419061994,3.4190051021312553,3.5915450820974684,3.815928134834963,0.49957577690278,0.5053914607736268,2.935324099027205,3.6627722816602897,3.3782764500986078,3.5281386507128243,3.7043483916611417,4.265610296820687,4.8370440962933765,4.73713835830968,4.644813514592948,4.536388138662894,4.389252034957606,4.218090857147817,4.078008942777984,3.689320894345106,3.5972058513247305,3.4765836023739283,3.6482098699463226,3.879748229373462,4.771114738831049,6.64943871875385
Cement-process-emissions-CO2-per-population,SAU,ktCO2 / capita,356.10129716053007,326.18305532976416,426.3232174450379,413.83558000531923,395.2795819364112,405.79977167825024,413.6616435925985,379.73756837532,381.54236261935023,385.96842893554015,418.26572438325917,463.4899128747865,508.985813583923,512.0492276590817,504.54412587084454,482.3126779965945,504.10319248673864,561.5270272105781,708.1516855513541,756.8968758387564,765.341207997936,790.7778236576078,872.2302349517335,942.4108807247119,969.8888660072374,940.1991511018867
Cement-process-emissions-CO2-per-population,SDN,ktCO2 / capita,3.445573391159935,3.3177584071696504,4.713965077767059,4.534978953837154,2.8268085096358835,6.588395313344164,6.273654805357338,4.466666097347112,3.0961166751821736,3.4686305978695415,2.1816085445661892,2.754696232833023,2.879053430552381,3.692764193327722,4.071377846026453,4.241083227651319,2.4655880723372476,3.8813567438929653,2.9175710175929384,7.152914482791535,21.60183793602058,32.615513371308374,37.26015132122663,37.367790072151585,35.720046309927106,37.18193243740142
Cement-process-emissions-CO2-per-population,SEN,ktCO2 / capita,25.570380287936775,26.304124201681386,30.7357973031455,29.06129830503967,32.77658947956062,32.19534525734897,36.66115189339249,37.666388880673225,43.054053913443624,41.97613570120621,54.73463717107114,61.05877775680431,63.81733871405995,63.31183892028762,86.78394121036033,92.43404253352466,97.8647740721169,102.83354853141313,97.0996538253945,101.98458009084118,121.39766180980533,134.4268925960705,130.91533535962637,143.12706794180303,130.41286430441784,119.31633277011396
Cement-process-emissions-CO2-per-population,SGP,ktCO2 / capita,250.55153532099573,262.839205960143,241.79846386489388,367.74681012340966,371.89655427060717,372.5445048391978,374.6354945258632,365.8401237553557,253.06584053341336,175.54188047438993,118.09011844781244,60.19241167528744,19.197774597647953,13.764636251425237,,,,,,,,,,,,
Cement-process-emissions-CO2-per-population,SLV,ktCO2 / capita,52.54059764977401,54.74352863343746,33.40535978257629,67.57398611618561,66.06016831546572,68.00787365790934,71.63352829947505,76.33008045909786,78.82387510283444,75.39672116963798,77.42483927912242,84.27077587021387,93.5642508471369,96.99348659934172,87.18873812132601,77.1111307570243,87.85634158994716,85.77334500429441,84.59485056464486,78.14541826047909,82.06499469716411,83.51957833270893,86.3331879176615,74.50273781963428,61.723982513501824,61.41803583315458
Cement-process-emissions-CO2-per-population,SOM,ktCO2 / capita,2.039920528265066,0.40424166731044897,1.205574808667746,1.1987003396760902,1.1867160586680774,1.1664015105204564,,,,,,,,,,,,,,,,,,,,
Cement-process-emissions-CO2-per-population,SRB,ktCO2 / capita,140.79070159368771,133.39663338554305,93.93556409940038,50.34937278687861,74.95530516148195,79.88549745364979,105.32183735670193,97.7574957890376,112.04496834445659,80.17275558562962,110.2489930293335,123.86574143419531,120.60681909672122,102.2587762979356,129.9368580317234,128.92043460510956,141.49777686062217,146.79459069048627,158.908922109572,122.67291033536921,116.39347239713851,114.74640266691989,97.99057361272499,86.5449991956472,75.00524496460888,77.58199943962907
Cement-process-emissions-CO2-per-population,SUR,ktCO2 / capita,57.132760042407824,56.01903587530346,54.971698090892524,53.99510276974879,60.681361074691615,59.72180905247406,58.839737265463214,58.03216991187708,57.283993413640694,56.552099237049866,55.86485742712589,61.51881776698623,60.20155513783423,58.91483662754028,57.654518566537696,56.4389733558341,55.4622481940564,53.87429984010359,51.94623680961588,39.280164573325216,33.11138693373731,54.271250910007545,85.55570244117696,95.55055848416707,95.24974084186243,116.10461164697546
Cement-process-emissions-CO2-per-population,SVK,ktCO2 / capita,276.8294855169393,195.50839245201993,245.260256410497,192.4366595389674,207.91005456753217,214.864932740765,204.27916567931734,225.36709796179107,337.7042118869659,338.4769980147129,220.402573635296,223.8886401237332,215.73458830988892,170.67026970569378,225.39462116201761,232.63726756415997,257.2917386382728,275.0852764356951,297.0999782176076,224.59972459222558,159.1142154738436,233.27831637382724,202.32339622711172,209.2115764967844,233.21131614195963,240.65517037246212
Cement-process-emissions-CO2-per-population,SVN,ktCO2 / capita,234.49036845140168,207.53190921387886,191.92106554336246,144.2945908771032,191.7712254968037,203.91951280259025,219.25712007457054,222.08752210185844,231.44142585222357,233.61454254299363,246.7690453955471,253.97955791463167,223.05890968201408,226.9522088121209,237.6181939611234,243.80335233366446,255.31604843020057,269.6247750850617,292.90633221011416,207.0821607684689,175.19343154205427,148.9211253723028,153.2719533680517,189.29209788981177,201.9948378560443,176.98193743167974
Cement-process-emissions-CO2-per-population,SWE,ktCO2 / capita,148.47005807140195,131.82399305657407,125.36351389900327,124.84600040060475,126.04802281912484,146.66573114451327,138.2744767552703,124.5933380562289,127.72172401105283,128.36550923578005,145.01826239298148,149.70004359508027,143.48659420444196,134.72719753353158,142.8152103537913,145.48676275136157,158.52662147888404,146.12730449252518,151.13311948069102,135.60991930189772,140.9985423051004,143.77937124150583,155.01670857917387,145.08207641467766,144.28173702826683,156.60263438610795
Cement-process-emissions-CO2-per-population,SYR,ktCO2 / capita,117.30515352874389,113.14672031746005,115.34012255172391,135.35663487481392,130.61215594862026,125.05670770999001,121.65131872062662,126.17397803689894,116.00920638806939,124.87440756459192,109.13512817862915,113.13958532224714,101.59234887889389,100.71623367682125,95.13306217602673,89.47990203235258,89.6115284729133,94.12816486853687,94.02009097661487,89.36420465641768,102.33678994752992,84.78722169816679,102.1512434857158,70.32107045933995,69.15553694743919,74.6197475343858
Cement-process-emissions-CO2-per-population,TCD,ktCO2 / capita,,,,,,,,,,,,,,,,,,,,,,,4.2038120807059505,5.230101231278061,5.668620911197649,5.490594074141436
Cement-process-emissions-CO2-per-population,TGO,ktCO2 / capita,104.93960823250434,103.0067195206105,93.39779987904342,93.5072372781202,75.9191112012032,93.12067503598482,93.56019387763916,22.538063856818464,79.93121640992148,127.5876017260901,64.40168301455405,77.62477576260278,93.440467739331,137.66366107807602,135.0233567099182,137.87841783987665,116.44813655573888,100.77725542048742,76.4712106665005,86.26528953923183,84.76150523639112,93.46813025711447,88.50522532167882,67.25876720941287,60.23033885444772,109.76428924487941
Cement-process-emissions-CO2-per-population,THA,ktCO2 / capita,135.71256901454242,133.77949551891956,160.206430809927,195.4942398504608,215.61359571730958,249.11000324582602,273.8087606567633,259.268665857008,156.8250989252237,173.01523716946366,172.33705614730172,186.3295721303334,209.2919900131668,212.84192109692836,230.76131033102538,243.17746590127666,249.30054561725993,222.06909022599152,197.30783749407928,210.66995632762465,180.0359262434769,190.13735054263924,193.53228088228727,219.09786417737445,214.27494416135272,221.0971545757498
Cement-process-emissions-CO2-per-population,TJK,ktCO2 / capita,47.296151505149396,43.34612053147047,33.21838946780797,24.686661730526044,15.919484942512385,8.088868966914566,3.964414295824971,2.7753989446406493,1.0882325247177247,2.1308655631519544,3.6485283223445815,5.078135804176463,6.917208152751808,11.044755740452498,12.126013412205058,15.392076305014639,16.712955840513835,18.203718060479126,10.7651064444532,11.026628639071815,15.4155592458677,15.55793160881679,12.466444913122624,18.403462345476644,53.53505338259148,64.20896115656143
Cement-process-emissions-CO2-per-population,TKM,ktCO2 / capita,164.98523602009354,150.90316255342506,114.9789876156553,111.67378787565238,68.84403024082775,41.77915510095441,42.33390182826477,41.629220268401696,41.03340744723491,40.50484849081935,40.01212542328821,39.43839722353683,38.87200048937071,38.31828273952525,46.43451394077218,53.65284150790775,74.59296626580918,74.37162445327513,79.09619629147436,84.06633452810031,86.05895962619982,142.4413048087373,169.50024478728372,188.58512149111948,202.149886914975,226.04416953384586
Cement-process-emissions-CO2-per-population,TTO,ktCO2 / capita,155.82289876421964,170.09416159107965,168.80985416412454,182.8983604238806,199.4692550215225,190.99586374831574,210.2730211608088,222.02338741534314,233.89320909720234,233.16400150224345,249.6088278716451,232.24194030085349,244.00608215288804,248.1986710818565,245.09215170452563,216.43352707231054,275.25737754231307,276.95033835907304,288.6635871829414,259.53036353923756,235.07266019125066,241.0869741112447,189.55148674555826,230.9664097406412,239.94217762661012,239.7631924899198
Cement-process-emissions-CO2-per-population,TUN,ktCO2 / capita,189.000166043205,223.69573388594767,217.82529225958868,227.09452869518654,239.15335692265234,251.4819274795026,228.17540595397358,217.49434578638537,221.90886893323204,232.09703051164848,266.1045032903239,265.1828417810845,275.23421265679985,272.0410057549148,295.9790472788844,292.89831944268747,302.4675229910625,301.7065208324614,316.6035957712906,313.44345481975864,327.8216747834173,282.3035186559602,269.5039473969446,268.91682807426315,326.0077165030436,336.0044266010837
Cement-process-emissions-CO2-per-population,TUR,ktCO2 / capita,193.61407733090903,219.18095577885634,238.03170916005033,230.34670851057305,234.347318917273,241.5947056118928,246.70495743010036,250.11388049383208,249.3086942208484,234.23705811355592,240.03749138936658,235.07794820227994,238.09138576769826,242.4121259448115,256.8355605473418,281.57644993536843,303.0681799425145,327.3116373612354,352.6403849447428,372.3059073354987,404.8285538630889,415.8864821976951,408.34188426271436,435.2970172469323,434.502494254623,416.75465104323064
Cement-process-emissions-CO2-per-population,TZA,ktCO2 / capita,8.652923274061923,8.360246677438465,8.071384099828878,7.790594503712487,4.437470621106571,8.0972535557824,9.609937785632765,7.931026056976758,9.740626018725115,10.104669234285947,9.827947428936977,10.285611087888752,11.435833259845618,12.72979308877487,13.307195108892074,13.75012702818497,13.212764539528882,15.074999913533428,15.620470317824688,16.735987237751836,19.312954706142754,19.390004419087955,20.104721804171817,18.030438263078313,20.828998345913337,22.55012935515149
Cement-process-emissions-CO2-per-population,UGA,ktCO2 / capita,0.692130533180778,1.1695946628346827,1.1290476236683764,1.0910266971068132,0.7534797957406693,1.7493669554363003,4.796690594779258,5.3279231513169965,5.817720270440629,6.011258972040341,6.181551073464199,7.028797389262443,7.912731168399717,7.613197009407012,8.063569511161242,8.77944670567553,8.399135017685898,8.188820269517121,14.467581626720856,13.651941701875952,15.299954742916679,18.188476729463975,18.737538834327324,20.95664222506177,21.350212026583964,22.476097194984064
Cement-process-emissions-CO2-per-population,UKR,ktCO2 / capita,182.67014671982244,173.29086107369992,168.79489430744033,124.67448812334224,97.57664082081524,66.94734656018817,42.72232253807526,48.11781248892942,56.04179946358671,51.42948403020183,46.29395115167107,51.13331571041685,58.712462582007774,75.91335780649403,90.30843507469487,102.04263770046181,117.64102963873928,132.8839051915159,136.27379297339067,56.3116634456685,62.93606894281664,85.59271816384772,72.34946542653671,75.29515445647237,73.50151924677051,73.40278846400165
Cement-process-emissions-CO2-per-population,URY,ktCO2 / capita,72.70122177281013,72.15721332673489,71.57222756671861,70.98458067652457,99.41882310976958,84.22217288244495,94.7649886777698,107.18401961473674,119.43606252228794,106.75915702268566,94.36220453474526,135.4331380783823,132.04025635162014,137.4473521914749,79.93150618995361,79.02304899068201,78.35383692134866,76.7424779346662,74.54882739290396,124.24336593061344,97.2316683039875,112.4755731882808,100.62479815425034,98.03389372961601,94.95412548917312,84.24759409153643
Cement-process-emissions-CO2-per-population,USA,ktCO2 / capita,132.57833377783507,128.40483671448357,128.13925989878598,133.98959725380703,138.19663387406317,139.57750754238947,138.8003152816982,141.6935720626517,143.20834444610367,144.30062191595746,146.99479271035483,146.07565642655953,150.11816396845674,149.4685209709541,156.8677994210447,156.50756648688943,157.30589905918512,151.39963573932948,136.5311162209524,96.74056436935827,101.89819290958289,103.55202643648191,112.5630790872949,115.26393844625528,124.13493506469759,124.74636494687533
Cement-process-emissions-CO2-per-population,UZB,ktCO2 / capita,126.23113845092843,121.94894362861159,116.2592610434523,108.06280774532195,93.764680018769,67.57565324006232,61.505020556540174,63.33413309191587,66.02409298780172,61.168400567600294,59.64041897997982,66.77643357231646,66.36125073671572,69.37492380662839,81.49745534516657,85.50785555803326,87.31785181870478,93.57925061486954,101.99948946134565,103.1777100913057,102.21526773094061,96.04989971179526,94.47943877249985,95.57046708008805,98.91927171022273,109.34264281393662
Cement-process-emissions-CO2-per-population,VEN,ktCO2 / capita,119.07185777674664,140.86114853281853,143.03520709454625,145.27280459707302,143.74249298731786,155.71011994546586,150.19799910834837,158.54486278729658,156.34643042643245,158.85177922108028,157.62603753459808,154.83911722704022,121.06089646459677,129.38504451916333,81.70249618028485,92.14401003637934,170.67334802590153,119.89037253224897,115.59358121245052,109.76893499261894,96.80297662607728,103.28106252624664,105.97770453897691,109.34153373946594,102.60788646687864,104.70184464621465
Cement-process-emissions-CO2-per-population,VNM,ktCO2 / capita,14.939244993428712,17.525250354875556,22.85940895521985,23.497656649677655,25.782859463043952,31.423299814304652,34.907752858713856,41.87037265729099,50.106498935278324,53.31813504071613,66.76169246968713,79.47999060733595,102.93265832155636,115.967022729899,124.03074343812119,144.11299654533272,149.95073072601056,166.25996235399424,176.22405162829583,212.75524934178634,240.75274363183,246.4314291578293,231.50430669319084,240.33384436607574,249.50047228418765,272.83929102095726
Cement-process-emissions-CO2-per-population,YEM,ktCO2 / capita,28.754987024592026,27.903235717026284,24.726873113168857,23.32841724393798,22.09262486110436,28.549696935241595,25.84104709987112,29.794708425655898,27.858318522319504,32.63878475078227,30.210254982943795,30.7556197928944,30.593293715335108,28.850966951846786,27.461564301025508,26.259627700180832,24.526791242602858,28.761096020270692,33.79346872221012,33.13611981129517,28.364733706364603,13.837916435313142,38.49061393854003,44.96346269021793,37.27759697575969,36.34984676704262
Cement-process-emissions-CO2-per-population,ZAF,ktCO2 / capita,92.46409628193429,85.43660930090921,78.531055145137,79.7763562284528,83.3840766399861,93.20910046802943,90.18959162227509,95.88376889821897,83.63361203090807,75.61235297675093,73.19316270455187,73.4504594006089,71.34324964100311,75.07021121466687,79.79705432801087,85.78348486025956,90.87487057015899,91.86728751019226,88.74848352466923,89.26676436701487,81.16753617252478,82.81111435365351,84.02170088263165,87.19038578695536,85.27753179430034,90.62920924613265
Cement-process-emissions-CO2-per-population,ZMB,ktCO2 / capita,22.186917492198138,18.289429801843067,16.72922378886158,16.63366080804986,12.814591188125055,13.768079222709845,14.96651588026106,16.065664602302903,14.381585781385423,11.924161163094984,14.680159119251222,7.93228090030372,8.220920651389712,12.344615436337506,13.22053852853616,14.263008211974686,17.48301724738009,16.328809095476704,16.426502637068996,25.25189283298816,31.321225010799612,32.920296708895684,41.11582246917112,46.458803118283186,54.53565187420452,50.501264332784885
Cement-process-emissions-CO2-per-population,ZWE,ktCO2 / capita,28.164275502000223,34.05137755345832,34.36343124337023,37.46645349483337,39.39930275827502,34.928261026650596,35.31782833208691,38.257909032769184,37.609498883065996,33.56117188749141,33.079013023051154,26.09539820955001,19.343187586121385,12.55352960373193,15.566411956131361,18.46208726531743,20.892595373135887,11.530461310726126,11.26233352748013,19.477793830665856,21.93618104718217,26.580199461320007,38.41388648060959,30.794766696429626,32.72194618690052,31.96333805758611
