GWP,category,categoryCode,categorySet,country,countryName,scenario,source,unit,variable,1990,1991,1992,1993,1994,1995,1996,1997,1998,1999,2000,2001,2002,2003,2004,2005,2006,2007,2008,2009,2010,2011,2012,2013,2014,2015
,Demography,DEMOGR,misc,AFG,Afghanistan,HISTORY,WDI2017P,Pers,POP,12070000.0,12790000.0,13750000.0,14820000.0,15870000.0,16770000.0,17480000.0,18030000.0,18510000.0,19040000.0,19700000.0,20530000.0,21490000.0,22510000.0,23500000.0,24400000.0,25180000.0,25880000.0,26530000.0,27210000.0,27960000.0,28810000.0,29730000.0,30680000.0,31630000.0,32530000.0
,Demography,DEMOGR,misc,AGO,Angola,HISTORY,WDI2017P,Pers,POP,11130000.0,11470000.0,11850000.0,12250000.0,12650000.0,13040000.0,13420000.0,13800000.0,14190000.0,14600000.0,15060000.0,15560000.0,16110000.0,16690000.0,17300000.0,17910000.0,18540000.0,19180000.0,19840000.0,20520000.0,21220000.0,21940000.0,22690000.0,23450000.0,24230000.0,25020000.0
,Demography,DEMOGR,misc,ALB,Albania,HISTORY,WDI2017P,Pers,POP,3287000.0,3267000.0,3247000.0,3227000.0,3208000.0,3188000.0,3168000.0,3148000.0,3129000.0,3109000.0,3089000.0,3060000.0,3051000.0,3040000.0,3027000.0,3011000.0,2993000.0,2970000.0,2947000.0,2928000.0,2913000.0,2905000.0,2900000.0,2897000.0,2894000.0,2889000.0
,Demography,DEMOGR,misc,AND,Andorra,HISTORY,WDI2017P,Pers,POP,54510.0,56670.0,58900.0,61000.0,62710.0,63850.0,64290.0,64150.0,63890.0,64160.0,65400.0,67770.0,71050.0,74780.0,78340.0,81220.0,83370.0,84880.0,85620.0,85470.0,84420.0,82330.0,79320.0,75900.0,72790.0,70470.0
,Demography,DEMOGR,misc,ARE,United arab emirates,HISTORY,WDI2017P,Pers,POP,1811000.0,1913000.0,2019000.0,2128000.0,2238000.0,2350000.0,2468000.0,2595000.0,2734000.0,2884000.0,3050000.0,3218000.0,3394000.0,3626000.0,3976000.0,4482000.0,5171000.0,6010000.0,6900000.0,7705000.0,8329000.0,8735000.0,8953000.0,9040000.0,9086000.0,9157000.0
,Demography,DEMOGR,misc,ARG,Argentina,HISTORY,WDI2017P,Pers,POP,32730000.0,33190000.0,33660000.0,34110000.0,34560000.0,34990000.0,35420000.0,35830000.0,36240000.0,36650000.0,37060000.0,37470000.0,37890000.0,38310000.0,38730000.0,39150000.0,39560000.0,39970000.0,40380000.0,40800000.0,41220000.0,41660000.0,42100000.0,42540000.0,42980000.0,43420000.0
,Demography,DEMOGR,misc,ARM,Armenia,HISTORY,WDI2017P,Pers,POP,3545000.0,3512000.0,3449000.0,3370000.0,3290000.0,3223000.0,3173000.0,3138000.0,3113000.0,3094000.0,3076000.0,3060000.0,3047000.0,3036000.0,3026000.0,3015000.0,3002000.0,2988000.0,2975000.0,2966000.0,2963000.0,2968000.0,2978000.0,2992000.0,3006000.0,3018000.0
,Demography,DEMOGR,misc,ATG,Antigua and barbuda,HISTORY,WDI2017P,Pers,POP,61910.0,62410.0,63430.0,64870.0,66550.0,68350.0,70240.0,72230.0,74210.0,76040.0,77650.0,78970.0,80030.0,80900.0,81720.0,82560.0,83470.0,84400.0,85350.0,86300.0,87230.0,88150.0,89070.0,89980.0,90900.0,91820.0
,Demography,DEMOGR,misc,AUS,Australia,HISTORY,WDI2017P,Pers,POP,17070000.0,17280000.0,17500000.0,17670000.0,17860000.0,18070000.0,18310000.0,18520000.0,18710000.0,18930000.0,19150000.0,19410000.0,19650000.0,19900000.0,20130000.0,20390000.0,20700000.0,20830000.0,21250000.0,21690000.0,22030000.0,22340000.0,22730000.0,23120000.0,23460000.0,23790000.0
,Demography,DEMOGR,misc,AUT,Austria,HISTORY,WDI2017P,Pers,POP,7678000.0,7755000.0,7841000.0,7906000.0,7936000.0,7948000.0,7959000.0,7968000.0,7977000.0,7992000.0,8012000.0,8042000.0,8082000.0,8121000.0,8172000.0,8228000.0,8269000.0,8295000.0,8321000.0,8343000.0,8363000.0,8392000.0,8430000.0,8479000.0,8542000.0,8638000.0
,Demography,DEMOGR,misc,AZE,Azerbaijan,HISTORY,WDI2017P,Pers,POP,7159000.0,7271000.0,7382000.0,7495000.0,7597000.0,7685000.0,7763000.0,7838000.0,7913000.0,7983000.0,8049000.0,8111000.0,8172000.0,8234000.0,8306000.0,8392000.0,8485000.0,8581000.0,8763000.0,8947000.0,9054000.0,9173000.0,9296000.0,9417000.0,9535000.0,9649000.0
,Demography,DEMOGR,misc,BDI,Burundi,HISTORY,WDI2017P,Pers,POP,5613000.0,5759000.0,5895000.0,6020000.0,6134000.0,6239000.0,6333000.0,6420000.0,6512000.0,6624000.0,6767000.0,6947000.0,7160000.0,7401000.0,7662000.0,7934000.0,8218000.0,8515000.0,8822000.0,9138000.0,9461000.0,9790000.0,10120000.0,10470000.0,10820000.0,11180000.0
,Demography,DEMOGR,misc,BEL,Belgium,HISTORY,WDI2017P,Pers,POP,9967000.0,10000000.0,10050000.0,10080000.0,10120000.0,10140000.0,10160000.0,10180000.0,10200000.0,10230000.0,10250000.0,10290000.0,10330000.0,10380000.0,10420000.0,10480000.0,10550000.0,10630000.0,10710000.0,10800000.0,10900000.0,11050000.0,11130000.0,11180000.0,11230000.0,11250000.0
,Demography,DEMOGR,misc,BEN,Benin,HISTORY,WDI2017P,Pers,POP,5001000.0,5183000.0,5378000.0,5582000.0,5787000.0,5986000.0,6176000.0,6361000.0,6546000.0,6740000.0,6949000.0,7175000.0,7415000.0,7666000.0,7923000.0,8182000.0,8444000.0,8708000.0,8974000.0,9241000.0,9510000.0,9779000.0,10050000.0,10320000.0,10600000.0,10880000.0
,Demography,DEMOGR,misc,BFA,Burkina faso,HISTORY,WDI2017P,Pers,POP,8811000.0,9050000.0,9297000.0,9552000.0,9817000.0,10090000.0,10370000.0,10670000.0,10970000.0,11280000.0,11610000.0,11940000.0,12290000.0,12650000.0,13030000.0,13420000.0,13830000.0,14260000.0,14710000.0,15170000.0,15630000.0,16110000.0,16590000.0,17080000.0,17590000.0,18110000.0
,Demography,DEMOGR,misc,BGD,Bangladesh,HISTORY,WDI2017P,Pers,POP,106000000.0,108500000.0,111000000.0,113400000.0,115900000.0,118400000.0,121000000.0,123600000.0,126200000.0,128700000.0,131300000.0,133800000.0,136200000.0,138600000.0,140800000.0,142900000.0,144800000.0,146600000.0,148300000.0,149900000.0,151600000.0,153400000.0,155300000.0,157200000.0,159100000.0,161000000.0
,Demography,DEMOGR,misc,BGR,Bulgaria- the republic of,HISTORY,WDI2017P,Pers,POP,8718000.0,8632000.0,8540000.0,8472000.0,8444000.0,8406000.0,8363000.0,8312000.0,8257000.0,8211000.0,8170000.0,8009000.0,7837000.0,7775000.0,7717000.0,7659000.0,7601000.0,7545000.0,7493000.0,7444000.0,7396000.0,7348000.0,7306000.0,7265000.0,7224000.0,7178000.0
,Demography,DEMOGR,misc,BHR,Bahrain,HISTORY,WDI2017P,Pers,POP,495900.0,509700.0,522700.0,535700.0,549200.0,563700.0,579900.0,597800.0,618100.0,640900.0,666900.0,694900.0,725400.0,761600.0,808000.0,867000.0,940800.0,1027000.0,1116000.0,1197000.0,1261000.0,1306000.0,1334000.0,1349000.0,1362000.0,1377000.0
,Demography,DEMOGR,misc,BHS,Bahamas,HISTORY,WDI2017P,Pers,POP,256300.0,261100.0,266100.0,271200.0,275900.0,280200.0,283800.0,287000.0,290100.0,293600.0,297900.0,303100.0,309200.0,315800.0,322500.0,329200.0,335800.0,342300.0,348600.0,354800.0,360800.0,366700.0,372400.0,377800.0,383100.0,388000.0
,Demography,DEMOGR,misc,BIH,Bosnia and herzegovina,HISTORY,WDI2017P,Pers,POP,4527000.0,4438000.0,4301000.0,4141000.0,3992000.0,3879000.0,3811000.0,3779000.0,3776000.0,3784000.0,3793000.0,3800000.0,3808000.0,3817000.0,3826000.0,3833000.0,3839000.0,3840000.0,3840000.0,3838000.0,3835000.0,3832000.0,3828000.0,3824000.0,3818000.0,3810000.0
,Demography,DEMOGR,misc,BLR,Belarus,HISTORY,WDI2017P,Pers,POP,10190000.0,10190000.0,10220000.0,10240000.0,10230000.0,10190000.0,10160000.0,10120000.0,10070000.0,10030000.0,9980000.0,9929000.0,9866000.0,9797000.0,9730000.0,9664000.0,9605000.0,9561000.0,9528000.0,9507000.0,9491000.0,9473000.0,9464000.0,9466000.0,9475000.0,9490000.0
,Demography,DEMOGR,misc,BLZ,Belize,HISTORY,WDI2017P,Pers,POP,187600.0,191100.0,194300.0,197600.0,201700.0,207000.0,213700.0,221600.0,230300.0,239000.0,247300.0,255000.0,262200.0,269100.0,276100.0,283300.0,290800.0,298400.0,306200.0,313900.0,321600.0,329200.0,336700.0,344200.0,351700.0,359300.0
,Demography,DEMOGR,misc,BOL,Bolivia- the plurinational state of,HISTORY,WDI2017P,Pers,POP,6856000.0,6993000.0,7132000.0,7274000.0,7419000.0,7567000.0,7717000.0,7871000.0,8026000.0,8183000.0,8340000.0,8496000.0,8653000.0,8810000.0,8968000.0,9125000.0,9283000.0,9441000.0,9600000.0,9759000.0,9918000.0,10080000.0,10240000.0,10400000.0,10560000.0,10720000.0
,Demography,DEMOGR,misc,BRA,Brazil,HISTORY,WDI2017P,Pers,POP,150400000.0,152900000.0,155400000.0,157800000.0,160300000.0,162800000.0,165300000.0,167900000.0,170500000.0,173200000.0,175800000.0,178400000.0,181000000.0,183600000.0,186100000.0,188500000.0,190700000.0,192800000.0,194800000.0,196700000.0,198600000.0,200500000.0,202400000.0,204300000.0,206100000.0,207800000.0
,Demography,DEMOGR,misc,BRB,Barbados,HISTORY,WDI2017P,Pers,POP,260400.0,261300.0,262200.0,263100.0,264000.0,265000.0,265900.0,266900.0,267900.0,268900.0,269800.0,270700.0,271500.0,272300.0,273100.0,274000.0,275000.0,276200.0,277300.0,278500.0,279600.0,280600.0,281600.0,282500.0,283400.0,284200.0
,Demography,DEMOGR,misc,BRN,Brunei darussalam,HISTORY,WDI2017P,Pers,POP,256900.0,264400.0,272000.0,279700.0,287400.0,295000.0,302400.0,309700.0,316900.0,323800.0,330600.0,337100.0,343400.0,349600.0,355700.0,361900.0,368200.0,374500.0,380800.0,387100.0,393300.0,399400.0,405500.0,411500.0,417400.0,423200.0
,Demography,DEMOGR,misc,BTN,Bhutan,HISTORY,WDI2017P,Pers,POP,535500.0,534700.0,528100.0,518800.0,511400.0,508900.0,512400.0,520900.0,533500.0,548400.0,564200.0,580800.0,598400.0,616500.0,634200.0,651200.0,666900.0,681500.0,695000.0,707800.0,720200.0,732200.0,743700.0,754600.0,765000.0,774800.0
,Demography,DEMOGR,misc,BWA,Botswana,HISTORY,WDI2017P,Pers,POP,1380000.0,1420000.0,1460000.0,1500000.0,1539000.0,1576000.0,1612000.0,1646000.0,1678000.0,1708000.0,1737000.0,1763000.0,1787000.0,1810000.0,1836000.0,1864000.0,1896000.0,1930000.0,1968000.0,2007000.0,2048000.0,2090000.0,2133000.0,2177000.0,2220000.0,2262000.0
,Demography,DEMOGR,misc,CAF,Central african republic,HISTORY,WDI2017P,Pers,POP,2938000.0,3011000.0,3089000.0,3171000.0,3254000.0,3336000.0,3417000.0,3498000.0,3577000.0,3653000.0,3726000.0,3795000.0,3860000.0,3923000.0,3988000.0,4056000.0,4127000.0,4202000.0,4280000.0,4361000.0,4445000.0,4531000.0,4620000.0,4711000.0,4804000.0,4900000.0
,Demography,DEMOGR,misc,CAN,Canada,HISTORY,WDI2017P,Pers,POP,27790000.0,28170000.0,28520000.0,28830000.0,29110000.0,29350000.0,29670000.0,29990000.0,30250000.0,30500000.0,30770000.0,31080000.0,31360000.0,31680000.0,32000000.0,32310000.0,32570000.0,32890000.0,33250000.0,33630000.0,34010000.0,34340000.0,34750000.0,35160000.0,35540000.0,35850000.0
,Demography,DEMOGR,misc,CHE,Switzerland,HISTORY,WDI2017P,Pers,POP,6716000.0,6800000.0,6875000.0,6938000.0,6994000.0,7041000.0,7072000.0,7089000.0,7110000.0,7144000.0,7184000.0,7230000.0,7285000.0,7339000.0,7390000.0,7437000.0,7484000.0,7551000.0,7648000.0,7744000.0,7825000.0,7912000.0,7997000.0,8089000.0,8189000.0,8281000.0
,Demography,DEMOGR,misc,CHL,Chile,HISTORY,WDI2017P,Pers,POP,13140000.0,13350000.0,13570000.0,13780000.0,13990000.0,14190000.0,14400000.0,14590000.0,14790000.0,14980000.0,15170000.0,15360000.0,15540000.0,15730000.0,15910000.0,16100000.0,16280000.0,16460000.0,16650000.0,16830000.0,17020000.0,17200000.0,17390000.0,17580000.0,17760000.0,17950000.0
,Demography,DEMOGR,misc,CHN,China,HISTORY,WDI2017P,Pers,POP,1135000000.0,1151000000.0,1165000000.0,1178000000.0,1192000000.0,1205000000.0,1218000000.0,1230000000.0,1242000000.0,1253000000.0,1263000000.0,1272000000.0,1280000000.0,1288000000.0,1296000000.0,1304000000.0,1311000000.0,1318000000.0,1325000000.0,1331000000.0,1338000000.0,1344000000.0,1351000000.0,1357000000.0,1364000000.0,1371000000.0
,Demography,DEMOGR,misc,CIV,Cote d'ivoire,HISTORY,WDI2017P,Pers,POP,12170000.0,12600000.0,13050000.0,13500000.0,13950000.0,14400000.0,14850000.0,15300000.0,15730000.0,16140000.0,16520000.0,16870000.0,17190000.0,17490000.0,17800000.0,18130000.0,18490000.0,18860000.0,19260000.0,19680000.0,20130000.0,20600000.0,21100000.0,21620000.0,22160000.0,22700000.0
,Demography,DEMOGR,misc,CMR,Cameroon,HISTORY,WDI2017P,Pers,POP,12070000.0,12430000.0,12800000.0,13170000.0,13550000.0,13930000.0,14320000.0,14710000.0,15110000.0,15510000.0,15930000.0,16350000.0,16780000.0,17220000.0,17670000.0,18130000.0,18600000.0,19080000.0,19570000.0,20070000.0,20590000.0,21120000.0,21660000.0,22210000.0,22770000.0,23340000.0
,Demography,DEMOGR,misc,COD,Congo- democratic republic of the,HISTORY,WDI2017P,Pers,POP,34960000.0,36310000.0,37780000.0,39310000.0,40800000.0,42180000.0,43420000.0,44560000.0,45650000.0,46790000.0,48050000.0,49450000.0,50970000.0,52600000.0,54310000.0,56090000.0,57930000.0,59830000.0,61810000.0,63850000.0,65940000.0,68090000.0,70290000.0,72550000.0,74880000.0,77270000.0
,Demography,DEMOGR,misc,COG,Congo- republic of the,HISTORY,WDI2017P,Pers,POP,2386000.0,2450000.0,2515000.0,2581000.0,2650000.0,2721000.0,2796000.0,2874000.0,2953000.0,3032000.0,3109000.0,3184000.0,3257000.0,3332000.0,3413000.0,3503000.0,3605000.0,3716000.0,3833000.0,3951000.0,4066000.0,4177000.0,4286000.0,4394000.0,4505000.0,4620000.0
,Demography,DEMOGR,misc,COL,Colombia,HISTORY,WDI2017P,Pers,POP,34270000.0,34920000.0,35560000.0,36200000.0,36820000.0,37440000.0,38050000.0,38650000.0,39230000.0,39820000.0,40400000.0,40990000.0,41570000.0,42150000.0,42720000.0,43290000.0,43840000.0,44370000.0,44900000.0,45420000.0,45920000.0,46410000.0,46880000.0,47340000.0,47790000.0,48230000.0
,Demography,DEMOGR,misc,COM,Comoros,HISTORY,WDI2017P,Pers,POP,415100.0,427600.0,440300.0,453200.0,466300.0,479600.0,493000.0,506500.0,520200.0,533900.0,547700.0,561500.0,575400.0,589500.0,603900.0,618600.0,633800.0,649400.0,665400.0,681800.0,698700.0,716000.0,733700.0,751700.0,770000.0,788500.0
,Demography,DEMOGR,misc,CPV,Cape verde,HISTORY,WDI2017P,Pers,POP,341300.0,349300.0,358500.0,368400.0,378800.0,389200.0,399500.0,409800.0,419900.0,429600.0,438700.0,447400.0,455400.0,462700.0,469000.0,474200.0,478300.0,481300.0,483800.0,486700.0,490400.0,495200.0,500900.0,507300.0,513900.0,520500.0
,Demography,DEMOGR,misc,CRI,Costa rica,HISTORY,WDI2017P,Pers,POP,3096000.0,3176000.0,3257000.0,3341000.0,3426000.0,3511000.0,3597000.0,3683000.0,3767000.0,3849000.0,3925000.0,3997000.0,4063000.0,4126000.0,4187000.0,4248000.0,4309000.0,4369000.0,4430000.0,4488000.0,4545000.0,4600000.0,4654000.0,4706000.0,4758000.0,4808000.0
,Demography,DEMOGR,misc,CUB,Cuba,HISTORY,WDI2017P,Pers,POP,10580000.0,10660000.0,10740000.0,10800000.0,10850000.0,10910000.0,10960000.0,11000000.0,11040000.0,11080000.0,11120000.0,11150000.0,11180000.0,11210000.0,11240000.0,11260000.0,11280000.0,11280000.0,11290000.0,11300000.0,11310000.0,11320000.0,11340000.0,11360000.0,11380000.0,11390000.0
,Demography,DEMOGR,misc,CYP,Cyprus,HISTORY,WDI2017P,Pers,POP,766600.0,783100.0,800700.0,818800.0,837200.0,855400.0,873200.0,890700.0,908000.0,925500.0,943300.0,961500.0,979900.0,998200.0,1016000.0,1033000.0,1048000.0,1063000.0,1077000.0,1090000.0,1104000.0,1117000.0,1129000.0,1142000.0,1154000.0,1165000.0
,Demography,DEMOGR,misc,CZE,Czech republic,HISTORY,WDI2017P,Pers,POP,10330000.0,10310000.0,10320000.0,10330000.0,10330000.0,10330000.0,10320000.0,10300000.0,10290000.0,10280000.0,10260000.0,10220000.0,10200000.0,10190000.0,10200000.0,10210000.0,10240000.0,10300000.0,10380000.0,10440000.0,10470000.0,10500000.0,10510000.0,10510000.0,10530000.0,10550000.0
,Demography,DEMOGR,misc,DEU,Germany,HISTORY,WDI2017P,Pers,POP,79430000.0,80010000.0,80620000.0,81160000.0,81440000.0,81680000.0,81910000.0,82030000.0,82050000.0,82100000.0,82210000.0,82350000.0,82490000.0,82530000.0,82520000.0,82470000.0,82380000.0,82270000.0,82110000.0,81900000.0,81780000.0,80270000.0,80430000.0,80650000.0,80980000.0,81680000.0
,Demography,DEMOGR,misc,DJI,Djibouti,HISTORY,WDI2017P,Pers,POP,588400.0,610700.0,627100.0,639200.0,649900.0,661100.0,673200.0,685600.0,698300.0,710700.0,722600.0,734100.0,745500.0,756700.0,767600.0,778400.0,788900.0,799300.0,809600.0,820100.0,830800.0,841800.0,853100.0,864600.0,876200.0,887900.0
,Demography,DEMOGR,misc,DMA,Dominica,HISTORY,WDI2017P,Pers,POP,70930.0,70850.0,70980.0,71200.0,71370.0,71370.0,71150.0,70760.0,70300.0,69900.0,69680.0,69660.0,69810.0,70060.0,70320.0,70540.0,70690.0,70800.0,70880.0,71000.0,71170.0,71400.0,71680.0,72000.0,72340.0,72680.0
,Demography,DEMOGR,misc,DNK,Denmark,HISTORY,WDI2017P,Pers,POP,5141000.0,5154000.0,5171000.0,5189000.0,5206000.0,5233000.0,5263000.0,5285000.0,5304000.0,5322000.0,5340000.0,5359000.0,5376000.0,5391000.0,5405000.0,5419000.0,5437000.0,5461000.0,5494000.0,5523000.0,5548000.0,5571000.0,5592000.0,5615000.0,5643000.0,5683000.0
,Demography,DEMOGR,misc,DOM,Dominican republic,HISTORY,WDI2017P,Pers,POP,7184000.0,7326000.0,7469000.0,7611000.0,7753000.0,7892000.0,8029000.0,8163000.0,8296000.0,8429000.0,8563000.0,8697000.0,8832000.0,8968000.0,9103000.0,9238000.0,9371000.0,9504000.0,9636000.0,9768000.0,9898000.0,10030000.0,10160000.0,10280000.0,10410000.0,10530000.0
,Demography,DEMOGR,misc,DZA,Algeria,HISTORY,WDI2017P,Pers,POP,25910000.0,26550000.0,27180000.0,27790000.0,28360000.0,28900000.0,29410000.0,29890000.0,30340000.0,30770000.0,31180000.0,31590000.0,31990000.0,32390000.0,32820000.0,33270000.0,33750000.0,34260000.0,34810000.0,35400000.0,36040000.0,36720000.0,37440000.0,38190000.0,38930000.0,39670000.0
,Demography,DEMOGR,misc,ECU,Ecuador,HISTORY,WDI2017P,Pers,POP,10220000.0,10460000.0,10710000.0,10950000.0,11200000.0,11440000.0,11680000.0,11920000.0,12160000.0,12400000.0,12630000.0,12850000.0,13070000.0,13290000.0,13510000.0,13740000.0,13970000.0,14210000.0,14450000.0,14690000.0,14930000.0,15180000.0,15420000.0,15660000.0,15900000.0,16140000.0
,Demography,DEMOGR,misc,EGY,Egypt,HISTORY,WDI2017P,Pers,POP,56400000.0,57690000.0,58920000.0,60110000.0,61270000.0,62430000.0,63600000.0,64750000.0,65920000.0,67110000.0,68330000.0,69600000.0,70910000.0,72250000.0,73600000.0,74940000.0,76270000.0,77610000.0,78980000.0,80440000.0,82040000.0,83790000.0,85660000.0,87610000.0,89580000.0,91510000.0
,Demography,DEMOGR,misc,ERI,Eritrea,HISTORY,WDI2017P,Pers,POP,3139000.0,3161000.0,3161000.0,3151000.0,3148000.0,3164000.0,3203000.0,3261000.0,3337000.0,3430000.0,3535000.0,3655000.0,3789000.0,3928000.0,4065000.0,4191000.0,4304000.0,4406000.0,4501000.0,4594000.0,4690000.0,4790000.0,,,,
,Demography,DEMOGR,misc,ESP,Spain,HISTORY,WDI2017P,Pers,POP,38870000.0,38970000.0,39160000.0,39360000.0,39550000.0,39720000.0,39890000.0,40060000.0,40220000.0,40390000.0,40570000.0,40850000.0,41430000.0,42190000.0,42920000.0,43650000.0,44400000.0,45230000.0,45950000.0,46360000.0,46580000.0,46740000.0,46770000.0,46620000.0,46480000.0,46440000.0
,Demography,DEMOGR,misc,EST,Estonia,HISTORY,WDI2017P,Pers,POP,1569000.0,1561000.0,1533000.0,1494000.0,1463000.0,1437000.0,1416000.0,1400000.0,1386000.0,1381000.0,1397000.0,1388000.0,1379000.0,1371000.0,1363000.0,1355000.0,1347000.0,1341000.0,1337000.0,1335000.0,1331000.0,1327000.0,1323000.0,1318000.0,1315000.0,1315000.0
,Demography,DEMOGR,misc,ETH,Ethiopia,HISTORY,WDI2017P,Pers,POP,48060000.0,49780000.0,51600000.0,53480000.0,55370000.0,57240000.0,59080000.0,60890000.0,62710000.0,64550000.0,66440000.0,68390000.0,70390000.0,72430000.0,74510000.0,76610000.0,78740000.0,80890000.0,83080000.0,85300000.0,87560000.0,89860000.0,92190000.0,94560000.0,96960000.0,99390000.0
,Demography,DEMOGR,misc,FIN,Finland,HISTORY,WDI2017P,Pers,POP,4986000.0,5014000.0,5042000.0,5066000.0,5088000.0,5108000.0,5125000.0,5140000.0,5153000.0,5165000.0,5176000.0,5188000.0,5201000.0,5213000.0,5228000.0,5246000.0,5266000.0,5289000.0,5313000.0,5339000.0,5363000.0,5388000.0,5414000.0,5439000.0,5462000.0,5480000.0
,Demography,DEMOGR,misc,FJI,Fiji- the republic of,HISTORY,WDI2017P,Pers,POP,728600.0,735500.0,744500.0,755000.0,765700.0,775500.0,784500.0,792900.0,800300.0,806500.0,811200.0,814200.0,815700.0,816600.0,818400.0,821800.0,827400.0,834700.0,843200.0,851900.0,860000.0,867300.0,874200.0,880500.0,886400.0,892100.0
,Demography,DEMOGR,misc,FRA,France,HISTORY,WDI2017P,Pers,POP,58510000.0,58560000.0,58850000.0,59110000.0,59330000.0,59540000.0,59750000.0,59960000.0,60190000.0,60500000.0,60910000.0,61360000.0,61810000.0,62240000.0,62700000.0,63180000.0,63620000.0,64020000.0,64370000.0,64710000.0,65030000.0,65340000.0,65660000.0,65970000.0,66270000.0,66540000.0
,Demography,DEMOGR,misc,FSM,Micronesia- federated states of,HISTORY,WDI2017P,Pers,POP,96330.0,98800.0,101400.0,103900.0,106100.0,107600.0,108300.0,108500.0,108200.0,107800.0,107400.0,107200.0,107000.0,106800.0,106600.0,106200.0,105700.0,105100.0,104500.0,104000.0,103600.0,103500.0,103500.0,103700.0,104000.0,104500.0
,Demography,DEMOGR,misc,GAB,Gabon,HISTORY,WDI2017P,Pers,POP,952300.0,978300.0,1005000.0,1031000.0,1059000.0,1086000.0,1115000.0,1144000.0,1173000.0,1202000.0,1232000.0,1260000.0,1289000.0,1318000.0,1348000.0,1378000.0,1409000.0,1441000.0,1474000.0,1507000.0,1542000.0,1577000.0,1613000.0,1650000.0,1688000.0,1725000.0
,Demography,DEMOGR,misc,GBR,United kingdom of great britain and northern ireland,HISTORY,WDI2017P,Pers,POP,57250000.0,57420000.0,57580000.0,57720000.0,57870000.0,58020000.0,58170000.0,58320000.0,58490000.0,58680000.0,58890000.0,59120000.0,59370000.0,59650000.0,59990000.0,60400000.0,60850000.0,61320000.0,61810000.0,62280000.0,62770000.0,63260000.0,63700000.0,64130000.0,64610000.0,65130000.0
,Demography,DEMOGR,misc,GEO,Georgia,HISTORY,WDI2017P,Pers,POP,4802000.0,4836000.0,4874000.0,4911000.0,4862000.0,4734000.0,4616000.0,4532000.0,4487000.0,4452000.0,4418000.0,4386000.0,4357000.0,4301000.0,4245000.0,4190000.0,4136000.0,4082000.0,4030000.0,3978000.0,3926000.0,3875000.0,3825000.0,3776000.0,3727000.0,3717000.0
,Demography,DEMOGR,misc,GHA,Ghana,HISTORY,WDI2017P,Pers,POP,14630000.0,15040000.0,15470000.0,15910000.0,16340000.0,16760000.0,17170000.0,17570000.0,17970000.0,18380000.0,18820000.0,19290000.0,19790000.0,20310000.0,20840000.0,21390000.0,21950000.0,22530000.0,23120000.0,23710000.0,24320000.0,24930000.0,25540000.0,26160000.0,26790000.0,27410000.0
,Demography,DEMOGR,misc,GIN,Guinea,HISTORY,WDI2017P,Pers,POP,6034000.0,6367000.0,6751000.0,7156000.0,7536000.0,7863000.0,8125000.0,8331000.0,8498000.0,8647000.0,8799000.0,8956000.0,9114000.0,9282000.0,9465000.0,9669000.0,9898000.0,10150000.0,10430000.0,10720000.0,11010000.0,11320000.0,11630000.0,11950000.0,12280000.0,12610000.0
,Demography,DEMOGR,misc,GMB,Gambia,HISTORY,WDI2017P,Pers,POP,916800.0,949500.0,979700.0,1008000.0,1037000.0,1066000.0,1096000.0,1127000.0,1159000.0,1193000.0,1229000.0,1267000.0,1308000.0,1350000.0,1395000.0,1441000.0,1488000.0,1536000.0,1587000.0,1639000.0,1693000.0,1749000.0,1807000.0,1867000.0,1928000.0,1991000.0
,Demography,DEMOGR,misc,GNB,Guinea-bissau,HISTORY,WDI2017P,Pers,POP,1056000.0,1080000.0,1105000.0,1130000.0,1155000.0,1181000.0,1207000.0,1234000.0,1260000.0,1288000.0,1315000.0,1344000.0,1372000.0,1402000.0,1432000.0,1463000.0,1495000.0,1527000.0,1561000.0,1597000.0,1634000.0,1674000.0,1715000.0,1757000.0,1801000.0,1844000.0
,Demography,DEMOGR,misc,GNQ,Equatorial guinea,HISTORY,WDI2017P,Pers,POP,377400.0,390400.0,404100.0,418400.0,433200.0,448300.0,463800.0,479800.0,496300.0,513300.0,530900.0,549000.0,567700.0,586800.0,606200.0,625900.0,645700.0,665800.0,686200.0,707200.0,728700.0,750900.0,773700.0,797100.0,820900.0,845100.0
,Demography,DEMOGR,misc,GRC,Greece,HISTORY,WDI2017P,Pers,POP,10200000.0,10320000.0,10400000.0,10460000.0,10510000.0,10560000.0,10610000.0,10660000.0,10720000.0,10760000.0,10810000.0,10860000.0,10900000.0,10930000.0,10960000.0,10990000.0,11020000.0,11050000.0,11080000.0,11110000.0,11120000.0,11100000.0,11050000.0,10970000.0,10890000.0,10820000.0
,Demography,DEMOGR,misc,GRD,Grenada,HISTORY,WDI2017P,Pers,POP,96290.0,96460.0,97200.0,98300.0,99400.0,100300.0,100800.0,101100.0,101300.0,101400.0,101600.0,101800.0,102100.0,102400.0,102700.0,103000.0,103300.0,103600.0,103900.0,104300.0,104700.0,105100.0,105500.0,105900.0,106300.0,106800.0
,Demography,DEMOGR,misc,GTM,Guatemala,HISTORY,WDI2017P,Pers,POP,9159000.0,9385000.0,9619000.0,9860000.0,10110000.0,10360000.0,10610000.0,10870000.0,11140000.0,11410000.0,11690000.0,11980000.0,12270000.0,12570000.0,12880000.0,13180000.0,13490000.0,13800000.0,14110000.0,14420000.0,14730000.0,15050000.0,15370000.0,15690000.0,16020000.0,16340000.0
,Demography,DEMOGR,misc,GUY,Guyana,HISTORY,WDI2017P,Pers,POP,720300.0,717500.0,717600.0,719900.0,723200.0,726700.0,730200.0,733900.0,737300.0,740200.0,742200.0,743200.0,743100.0,742500.0,742200.0,742500.0,743700.0,745600.0,748100.0,750700.0,753400.0,755900.0,758400.0,761000.0,763900.0,767100.0
,Demography,DEMOGR,misc,HND,Honduras,HISTORY,WDI2017P,Pers,POP,4903000.0,5041000.0,5180000.0,5318000.0,5455000.0,5591000.0,5725000.0,5856000.0,5986000.0,6115000.0,6243000.0,6371000.0,6499000.0,6626000.0,6753000.0,6880000.0,7007000.0,7134000.0,7259000.0,7383000.0,7504000.0,7621000.0,7736000.0,7849000.0,7962000.0,8075000.0
,Demography,DEMOGR,misc,HRV,Croatia,HISTORY,WDI2017P,Pers,POP,4780000.0,4510000.0,4470000.0,4640000.0,4650000.0,4669000.0,4494000.0,4572000.0,4501000.0,4554000.0,4426000.0,4440000.0,4440000.0,4440000.0,4439000.0,4442000.0,4440000.0,4436000.0,4435000.0,4429000.0,4418000.0,4281000.0,4268000.0,4256000.0,4238000.0,4204000.0
,Demography,DEMOGR,misc,HTI,Haiti,HISTORY,WDI2017P,Pers,POP,7100000.0,7243000.0,7387000.0,7531000.0,7675000.0,7820000.0,7966000.0,8112000.0,8258000.0,8404000.0,8549000.0,8693000.0,8835000.0,8977000.0,9119000.0,9263000.0,9409000.0,9557000.0,9705000.0,9853000.0,10000000.0,10140000.0,10290000.0,10430000.0,10570000.0,10710000.0
,Demography,DEMOGR,misc,HUN,Hungary,HISTORY,WDI2017P,Pers,POP,10370000.0,10370000.0,10370000.0,10360000.0,10340000.0,10330000.0,10310000.0,10290000.0,10270000.0,10240000.0,10210000.0,10190000.0,10160000.0,10130000.0,10110000.0,10090000.0,10070000.0,10060000.0,10040000.0,10020000.0,10000000.0,9972000.0,9920000.0,9893000.0,9866000.0,9843000.0
,Demography,DEMOGR,misc,IDN,Indonesia,HISTORY,WDI2017P,Pers,POP,181400000.0,184600000.0,187800000.0,190900000.0,193900000.0,197000000.0,199900000.0,202900000.0,205800000.0,208600000.0,211500000.0,214400000.0,217400000.0,220300000.0,223300000.0,226300000.0,229300000.0,232300000.0,235400000.0,238500000.0,241600000.0,244800000.0,248000000.0,251300000.0,254500000.0,257600000.0
,Demography,DEMOGR,misc,IND,India,HISTORY,WDI2017P,Pers,POP,870600000.0,888500000.0,906500000.0,924500000.0,942600000.0,960900000.0,979300000.0,997800000.0,1016000000.0,1035000000.0,1053000000.0,1072000000.0,1090000000.0,1108000000.0,1126000000.0,1144000000.0,1162000000.0,1180000000.0,1197000000.0,1214000000.0,1231000000.0,1247000000.0,1264000000.0,1279000000.0,1295000000.0,1311000000.0
,Demography,DEMOGR,misc,IRL,Ireland,HISTORY,WDI2017P,Pers,POP,3514000.0,3534000.0,3558000.0,3576000.0,3590000.0,3609000.0,3638000.0,3674000.0,3713000.0,3755000.0,3805000.0,3866000.0,3932000.0,3997000.0,4070000.0,4160000.0,4274000.0,4399000.0,4490000.0,4535000.0,4560000.0,4577000.0,4587000.0,4598000.0,4617000.0,4644000.0
,Demography,DEMOGR,misc,IRN,Iran- islamic republic of,HISTORY,WDI2017P,Pers,POP,56170000.0,57290000.0,58130000.0,58810000.0,59500000.0,60320000.0,61310000.0,62430000.0,63620000.0,64780000.0,65850000.0,66810000.0,67700000.0,68520000.0,69320000.0,70120000.0,70920000.0,71720000.0,72530000.0,73370000.0,74250000.0,75180000.0,76160000.0,77150000.0,78140000.0,79110000.0
,Demography,DEMOGR,misc,IRQ,Iraq,HISTORY,WDI2017P,Pers,POP,17480000.0,17950000.0,18470000.0,19020000.0,19610000.0,20220000.0,20860000.0,21520000.0,22200000.0,22890000.0,23570000.0,24260000.0,24940000.0,25630000.0,26320000.0,27020000.0,27720000.0,28420000.0,29160000.0,29970000.0,30870000.0,31870000.0,32960000.0,34110000.0,35270000.0,36420000.0
,Demography,DEMOGR,misc,ISL,Iceland,HISTORY,WDI2017P,Pers,POP,254800.0,257800.0,261100.0,263700.0,266000.0,267500.0,268900.0,271100.0,274000.0,277400.0,281200.0,285000.0,287500.0,289500.0,292100.0,296700.0,303800.0,311600.0,317400.0,318500.0,318000.0,319000.0,320700.0,323800.0,327400.0,330800.0
,Demography,DEMOGR,misc,ISR,Israel,HISTORY,WDI2017P,Pers,POP,4660000.0,4949000.0,5123000.0,5261000.0,5399000.0,5545000.0,5692000.0,5836000.0,5971000.0,6125000.0,6289000.0,6439000.0,6570000.0,6690000.0,6809000.0,6930000.0,7054000.0,7180000.0,7309000.0,7486000.0,7624000.0,7766000.0,7910000.0,8060000.0,8216000.0,8380000.0
,Demography,DEMOGR,misc,ITA,Italy,HISTORY,WDI2017P,Pers,POP,56720000.0,56760000.0,56800000.0,56830000.0,56840000.0,56840000.0,56860000.0,56890000.0,56910000.0,56920000.0,56940000.0,56970000.0,57060000.0,57310000.0,57690000.0,57970000.0,58140000.0,58440000.0,58830000.0,59100000.0,59280000.0,59380000.0,59540000.0,60230000.0,60790000.0,60730000.0
,Demography,DEMOGR,misc,JAM,Jamaica,HISTORY,WDI2017P,Pers,POP,2386000.0,2403000.0,2423000.0,2444000.0,2467000.0,2490000.0,2512000.0,2535000.0,2558000.0,2580000.0,2600000.0,2618000.0,2635000.0,2650000.0,2664000.0,2678000.0,2691000.0,2705000.0,2717000.0,2730000.0,2741000.0,2752000.0,2763000.0,2773000.0,2783000.0,2793000.0
,Demography,DEMOGR,misc,JOR,Jordan,HISTORY,WDI2017P,Pers,POP,3358000.0,3539000.0,3744000.0,3957000.0,4155000.0,4320000.0,4448000.0,4545000.0,4621000.0,4691000.0,4767000.0,4850000.0,4939000.0,5043000.0,5172000.0,5333000.0,5530000.0,5759000.0,6010000.0,6267000.0,6518000.0,6760000.0,6994000.0,7215000.0,7416000.0,7595000.0
,Demography,DEMOGR,misc,JPN,Japan,HISTORY,WDI2017P,Pers,POP,123500000.0,123900000.0,124200000.0,124500000.0,125000000.0,125400000.0,125800000.0,126100000.0,126400000.0,126600000.0,126800000.0,127100000.0,127400000.0,127700000.0,127800000.0,127800000.0,127900000.0,128000000.0,128100000.0,128000000.0,128100000.0,127800000.0,127600000.0,127300000.0,127100000.0,127000000.0
,Demography,DEMOGR,misc,KAZ,Kazakhstan,HISTORY,WDI2017P,Pers,POP,16350000.0,16450000.0,16440000.0,16330000.0,16100000.0,15820000.0,15580000.0,15330000.0,15070000.0,14930000.0,14880000.0,14860000.0,14860000.0,14910000.0,15010000.0,15150000.0,15310000.0,15480000.0,15670000.0,16090000.0,16320000.0,16560000.0,16790000.0,17040000.0,17290000.0,17540000.0
,Demography,DEMOGR,misc,KEN,Kenya,HISTORY,WDI2017P,Pers,POP,23450000.0,24230000.0,25030000.0,25820000.0,26610000.0,27370000.0,28120000.0,28840000.0,29560000.0,30300000.0,31070000.0,31860000.0,32690000.0,33550000.0,34440000.0,35350000.0,36290000.0,37250000.0,38240000.0,39270000.0,40330000.0,41420000.0,42540000.0,43690000.0,44860000.0,46050000.0
,Demography,DEMOGR,misc,KGZ,Kyrgyzstan,HISTORY,WDI2017P,Pers,POP,4391000.0,4464000.0,4515000.0,4517000.0,4515000.0,4560000.0,4628000.0,4696000.0,4769000.0,4840000.0,4898000.0,4945000.0,4991000.0,5043000.0,5105000.0,5163000.0,5218000.0,5268000.0,5319000.0,5383000.0,5448000.0,5515000.0,5607000.0,5720000.0,5836000.0,5957000.0
,Demography,DEMOGR,misc,KHM,Cambodia,HISTORY,WDI2017P,Pers,POP,9009000.0,9324000.0,9659000.0,10010000.0,10360000.0,10690000.0,11020000.0,11340000.0,11640000.0,11930000.0,12200000.0,12450000.0,12680000.0,12900000.0,13110000.0,13320000.0,13530000.0,13730000.0,13930000.0,14140000.0,14360000.0,14590000.0,14830000.0,15080000.0,15330000.0,15580000.0
,Demography,DEMOGR,misc,KIR,Kiribati,HISTORY,WDI2017P,Pers,POP,72410.0,73700.0,74770.0,75720.0,76670.0,77730.0,78910.0,80190.0,81560.0,82970.0,84410.0,85860.0,87340.0,88890.0,90540.0,92330.0,94260.0,96310.0,98440.0,100600.0,102600.0,104700.0,106600.0,108500.0,110500.0,112400.0
,Demography,DEMOGR,misc,KNA,Saint kitts and nevis,HISTORY,WDI2017P,Pers,POP,40830.0,41010.0,41360.0,41840.0,42360.0,42890.0,43390.0,43880.0,44390.0,44940.0,45540.0,46220.0,46940.0,47680.0,48420.0,49140.0,49820.0,50460.0,51090.0,51720.0,52350.0,53000.0,53650.0,54300.0,54940.0,55570.0
,Demography,DEMOGR,misc,KOR,Korea- republic of,HISTORY,WDI2017P,Pers,POP,42870000.0,43300000.0,43750000.0,44190000.0,44640000.0,45090000.0,45520000.0,45950000.0,46290000.0,46620000.0,47010000.0,47360000.0,47620000.0,47860000.0,48040000.0,48140000.0,48370000.0,48600000.0,48950000.0,49180000.0,49410000.0,49780000.0,50000000.0,50220000.0,50420000.0,50620000.0
,Demography,DEMOGR,misc,KWT,Kuwait,HISTORY,WDI2017P,Pers,POP,2059000.0,2007000.0,,,,1637000.0,1638000.0,1686000.0,1766000.0,1853000.0,1929000.0,1990000.0,2042000.0,2096000.0,2166000.0,2264000.0,2389000.0,2539000.0,2705000.0,2881000.0,3059000.0,3239000.0,3420000.0,3594000.0,3753000.0,3892000.0
,Demography,DEMOGR,misc,LAO,Lao people's democratic republic,HISTORY,WDI2017P,Pers,POP,4248000.0,4372000.0,4497000.0,4622000.0,4743000.0,4858000.0,4966000.0,5069000.0,5165000.0,5256000.0,5343000.0,5425000.0,5502000.0,5579000.0,5659000.0,5745000.0,5839000.0,5940000.0,6045000.0,6153000.0,6261000.0,6367000.0,6473000.0,6580000.0,6689000.0,6802000.0
,Demography,DEMOGR,misc,LBN,Lebanon,HISTORY,WDI2017P,Pers,POP,2703000.0,2752000.0,2822000.0,2901000.0,2975000.0,3033000.0,3071000.0,3093000.0,3114000.0,3157000.0,3235000.0,3360000.0,3523000.0,3701000.0,3863000.0,3987000.0,4057000.0,4085000.0,4109000.0,4182000.0,4337000.0,4592000.0,4924000.0,5287000.0,5612000.0,5851000.0
,Demography,DEMOGR,misc,LBR,Liberia,HISTORY,WDI2017P,Pers,POP,2103000.0,2066000.0,2029000.0,2006000.0,2019000.0,2080000.0,2198000.0,2365000.0,2558000.0,2742000.0,2892000.0,2999000.0,3071000.0,3124000.0,3185000.0,3270000.0,3385000.0,3522000.0,3673000.0,3821000.0,3958000.0,4080000.0,4190000.0,4294000.0,4397000.0,4503000.0
,Demography,DEMOGR,misc,LBY,Libya,HISTORY,WDI2017P,Pers,POP,4398000.0,4499000.0,4597000.0,4692000.0,4785000.0,4878000.0,4970000.0,5062000.0,5154000.0,5245000.0,5337000.0,5428000.0,5518000.0,5609000.0,5703000.0,5802000.0,5907000.0,6018000.0,6123000.0,6209000.0,6266000.0,6289000.0,6283000.0,6266000.0,6259000.0,6278000.0
,Demography,DEMOGR,misc,LCA,Saint lucia,HISTORY,WDI2017P,Pers,POP,138200.0,140200.0,141900.0,143600.0,145300.0,147000.0,149000.0,151000.0,153100.0,155100.0,156900.0,158600.0,160200.0,161800.0,163500.0,165400.0,167700.0,170100.0,172700.0,175200.0,177400.0,179300.0,180900.0,182300.0,183600.0,185000.0
,Demography,DEMOGR,misc,LIE,Liechtenstein,HISTORY,WDI2017P,Pers,POP,28740.0,29110.0,29500.0,29920.0,30360.0,30830.0,31330.0,31840.0,32360.0,32840.0,33280.0,33660.0,34000.0,34290.0,34570.0,34850.0,35140.0,35430.0,35720.0,36000.0,36280.0,36540.0,36790.0,37040.0,37290.0,37530.0
,Demography,DEMOGR,misc,LKA,Sri lanka,HISTORY,WDI2017P,Pers,POP,17080000.0,17310000.0,17520000.0,17730000.0,17910000.0,18070000.0,18210000.0,18320000.0,18420000.0,18530000.0,18660000.0,18800000.0,18940000.0,19080000.0,19230000.0,19370000.0,19520000.0,19670000.0,19820000.0,19970000.0,20120000.0,20270000.0,20420000.0,20580000.0,20770000.0,20970000.0
,Demography,DEMOGR,misc,LSO,Lesotho,HISTORY,WDI2017P,Pers,POP,1598000.0,1628000.0,1660000.0,1693000.0,1725000.0,1754000.0,1779000.0,1802000.0,1822000.0,1840000.0,1856000.0,1871000.0,1885000.0,1899000.0,1912000.0,1926000.0,1940000.0,1956000.0,1972000.0,1990000.0,2011000.0,2033000.0,2057000.0,2083000.0,2109000.0,2135000.0
,Demography,DEMOGR,misc,LTU,Lithuania,HISTORY,WDI2017P,Pers,POP,3698000.0,3704000.0,3700000.0,3683000.0,3657000.0,3629000.0,3602000.0,3575000.0,3549000.0,3524000.0,3500000.0,3471000.0,3443000.0,3415000.0,3377000.0,3323000.0,3270000.0,3231000.0,3198000.0,3163000.0,3097000.0,3028000.0,2988000.0,2958000.0,2932000.0,2905000.0
,Demography,DEMOGR,misc,LUX,Luxembourg,HISTORY,WDI2017P,Pers,POP,381800.0,387000.0,392200.0,397500.0,402900.0,408600.0,414200.0,419400.0,424700.0,430500.0,436300.0,441500.0,446200.0,451600.0,458100.0,465200.0,472600.0,480000.0,488600.0,497800.0,507000.0,518300.0,530900.0,543400.0,556300.0,569600.0
,Demography,DEMOGR,misc,LVA,Latvia,HISTORY,WDI2017P,Pers,POP,2663000.0,2651000.0,2614000.0,2563000.0,2521000.0,2485000.0,2457000.0,2433000.0,2410000.0,2390000.0,2368000.0,2337000.0,2310000.0,2288000.0,2263000.0,2239000.0,2218000.0,2200000.0,2177000.0,2142000.0,2098000.0,2060000.0,2034000.0,2013000.0,1994000.0,1978000.0
,Demography,DEMOGR,misc,MAR,Morocco,HISTORY,WDI2017P,Pers,POP,24950000.0,25410000.0,25870000.0,26310000.0,26750000.0,27160000.0,27560000.0,27930000.0,28290000.0,28630000.0,28950000.0,29250000.0,29540000.0,29810000.0,30090000.0,30390000.0,30690000.0,31010000.0,31350000.0,31710000.0,32110000.0,32530000.0,32980000.0,33450000.0,33920000.0,34380000.0
,Demography,DEMOGR,misc,MCO,Monaco,HISTORY,WDI2017P,Pers,POP,29440.0,29630.0,29860.0,30140.0,30420.0,30700.0,30970.0,31240.0,31520.0,31800.0,32080.0,32360.0,32650.0,32960.0,33340.0,33810.0,34380.0,35050.0,35730.0,36350.0,36840.0,37190.0,37400.0,37530.0,37620.0,37730.0
,Demography,DEMOGR,misc,MDA,Moldova- republic of,HISTORY,WDI2017P,Pers,POP,3696000.0,3704000.0,3706000.0,3701000.0,3691000.0,3675000.0,3668000.0,3654000.0,3653000.0,3647000.0,3640000.0,3631000.0,3623000.0,3613000.0,3604000.0,3595000.0,3585000.0,3577000.0,3570000.0,3566000.0,3562000.0,3560000.0,3560000.0,3559000.0,3556000.0,3554000.0
,Demography,DEMOGR,misc,MDG,Madagascar,HISTORY,WDI2017P,Pers,POP,11550000.0,11900000.0,12260000.0,12640000.0,13040000.0,13450000.0,13880000.0,14330000.0,14790000.0,15260000.0,15740000.0,16240000.0,16740000.0,17250000.0,17760000.0,18290000.0,18830000.0,19370000.0,19930000.0,20500000.0,21080000.0,21680000.0,22290000.0,22920000.0,23570000.0,24240000.0
,Demography,DEMOGR,misc,MDV,Maldives,HISTORY,WDI2017P,Pers,POP,218000.0,227000.0,234000.0,242000.0,245000.0,255000.0,262000.0,264000.0,271000.0,280000.0,286000.0,292000.0,297000.0,304000.0,312000.0,321000.0,333000.0,349000.0,362000.0,360000.0,367000.0,377000.0,385000.0,393000.0,401000.0,409200.0
,Demography,DEMOGR,misc,MEX,Mexico,HISTORY,WDI2017P,Pers,POP,85610000.0,87350000.0,89110000.0,90890000.0,92660000.0,94430000.0,96180000.0,97930000.0,99630000.0,101300000.0,102800000.0,104200000.0,105600000.0,106900000.0,108300000.0,109700000.0,111400000.0,113100000.0,115000000.0,116800000.0,118600000.0,120400000.0,122100000.0,123700000.0,125400000.0,127000000.0
,Demography,DEMOGR,misc,MHL,Marshall islands,HISTORY,WDI2017P,Pers,POP,47300.0,48480.0,49380.0,50050.0,50580.0,51020.0,51400.0,51700.0,51920.0,52080.0,52160.0,52180.0,52160.0,52120.0,52070.0,52060.0,52080.0,52140.0,52220.0,52320.0,52430.0,52540.0,52660.0,52790.0,52900.0,52990.0
,Demography,DEMOGR,misc,MKD,Macedonia- the former yugoslav republic of,HISTORY,WDI2017P,Pers,POP,1996000.0,1988000.0,1977000.0,1965000.0,1956000.0,1954000.0,1958000.0,1969000.0,1984000.0,1999000.0,2012000.0,2022000.0,2029000.0,2034000.0,2038000.0,2043000.0,2047000.0,2051000.0,2055000.0,2059000.0,2062000.0,2066000.0,2069000.0,2073000.0,2076000.0,2078000.0
,Demography,DEMOGR,misc,MLI,Mali,HISTORY,WDI2017P,Pers,POP,8482000.0,8673000.0,8891000.0,9131000.0,9384000.0,9641000.0,9901000.0,10170000.0,10440000.0,10740000.0,11050000.0,11380000.0,11720000.0,12090000.0,12470000.0,12880000.0,13310000.0,13760000.0,14220000.0,14690000.0,15170000.0,15640000.0,16110000.0,16590000.0,17090000.0,17600000.0
,Demography,DEMOGR,misc,MLT,Malta,HISTORY,WDI2017P,Pers,POP,354200.0,363800.0,367600.0,371300.0,374800.0,377400.0,379900.0,382800.0,385300.0,387600.0,390100.0,393000.0,396000.0,398600.0,401300.0,403800.0,405300.0,406700.0,409400.0,412500.0,414500.0,416300.0,419500.0,423400.0,427400.0,431900.0
,Demography,DEMOGR,misc,MMR,Myanmar- the republic of the union of,HISTORY,WDI2017P,Pers,POP,42010000.0,42590000.0,43130000.0,43640000.0,44160000.0,44710000.0,45290000.0,45900000.0,46510000.0,47110000.0,47670000.0,48200000.0,48690000.0,49150000.0,49580000.0,49980000.0,50360000.0,50700000.0,51030000.0,51370000.0,51730000.0,52130000.0,52540000.0,52980000.0,53440000.0,53900000.0
,Demography,DEMOGR,misc,MNE,Montenegro,HISTORY,WDI2017P,Pers,POP,606400.0,607100.0,608500.0,610200.0,611400.0,611700.0,611000.0,609500.0,607700.0,606000.0,605000.0,607400.0,609800.0,612300.0,613400.0,614300.0,615000.0,615900.0,617000.0,618300.0,619400.0,620100.0,620600.0,621200.0,621800.0,622200.0
,Demography,DEMOGR,misc,MNG,Mongolia,HISTORY,WDI2017P,Pers,POP,2184000.0,2218000.0,2244000.0,2263000.0,2280000.0,2298000.0,2317000.0,2336000.0,2356000.0,2376000.0,2397000.0,2420000.0,2444000.0,2469000.0,2497000.0,2526000.0,2558000.0,2593000.0,2630000.0,2670000.0,2713000.0,2759000.0,2808000.0,2859000.0,2910000.0,2959000.0
,Demography,DEMOGR,misc,MOZ,Mozambique,HISTORY,WDI2017P,Pers,POP,13370000.0,13720000.0,14200000.0,14780000.0,15360000.0,15910000.0,16410000.0,16870000.0,17320000.0,17770000.0,18260000.0,18790000.0,19350000.0,19930000.0,20520000.0,21130000.0,21740000.0,22360000.0,22990000.0,23650000.0,24320000.0,25020000.0,25730000.0,26470000.0,27220000.0,27980000.0
,Demography,DEMOGR,misc,MRT,Mauritania,HISTORY,WDI2017P,Pers,POP,2024000.0,2081000.0,2140000.0,2202000.0,2267000.0,2334000.0,2404000.0,2476000.0,2551000.0,2630000.0,2711000.0,2797000.0,2885000.0,2975000.0,3065000.0,3154000.0,3242000.0,3328000.0,3415000.0,3502000.0,3591000.0,3683000.0,3777000.0,3873000.0,3970000.0,4068000.0
,Demography,DEMOGR,misc,MUS,Mauritius,HISTORY,WDI2017P,Pers,POP,1059000.0,1070000.0,1084000.0,1097000.0,1113000.0,1122000.0,1134000.0,1148000.0,1160000.0,1175000.0,1187000.0,1196000.0,1205000.0,1213000.0,1221000.0,1228000.0,1234000.0,1240000.0,1244000.0,1247000.0,1250000.0,1252000.0,1256000.0,1259000.0,1261000.0,1263000.0
,Demography,DEMOGR,misc,MWI,Malawi,HISTORY,WDI2017P,Pers,POP,9409000.0,9604000.0,9683000.0,9698000.0,9726000.0,9823000.0,10010000.0,10260000.0,10560000.0,10880000.0,11190000.0,11490000.0,11790000.0,12090000.0,12410000.0,12750000.0,13110000.0,13500000.0,13900000.0,14330000.0,14770000.0,15230000.0,15700000.0,16190000.0,16700000.0,17220000.0
,Demography,DEMOGR,misc,MYS,Malaysia,HISTORY,WDI2017P,Pers,POP,18210000.0,18710000.0,19200000.0,19700000.0,20210000.0,20730000.0,21260000.0,21810000.0,22360000.0,22900000.0,23420000.0,23920000.0,24400000.0,24870000.0,25330000.0,25800000.0,26260000.0,26730000.0,27200000.0,27660000.0,28120000.0,28570000.0,29020000.0,29470000.0,29900000.0,30330000.0
,Demography,DEMOGR,misc,NAM,Namibia,HISTORY,WDI2017P,Pers,POP,1415000.0,1466000.0,1514000.0,1559000.0,1606000.0,1654000.0,1705000.0,1758000.0,1810000.0,1857000.0,1898000.0,1931000.0,1958000.0,1981000.0,2003000.0,2027000.0,2054000.0,2083000.0,2116000.0,2152000.0,2194000.0,2240000.0,2292000.0,2347000.0,2403000.0,2459000.0
,Demography,DEMOGR,misc,NER,Niger,HISTORY,WDI2017P,Pers,POP,7912000.0,8169000.0,8442000.0,8732000.0,9039000.0,9362000.0,9702000.0,10060000.0,10430000.0,10820000.0,11220000.0,11640000.0,12080000.0,12530000.0,13000000.0,13490000.0,14000000.0,14530000.0,15090000.0,15670000.0,16290000.0,16950000.0,17640000.0,18360000.0,19110000.0,19900000.0
,Demography,DEMOGR,misc,NGA,Nigeria,HISTORY,WDI2017P,Pers,POP,95620000.0,98090000.0,100600000.0,103100000.0,105800000.0,108400000.0,111200000.0,114000000.0,116900000.0,119800000.0,122900000.0,126000000.0,129200000.0,132600000.0,136000000.0,139600000.0,143300000.0,147200000.0,151100000.0,155200000.0,159400000.0,163800000.0,168200000.0,172800000.0,177500000.0,182200000.0
,Demography,DEMOGR,misc,NIC,Nicaragua,HISTORY,WDI2017P,Pers,POP,4145000.0,4237000.0,4331000.0,4427000.0,4521000.0,4612000.0,4701000.0,4787000.0,4870000.0,4950000.0,5027000.0,5101000.0,5172000.0,5241000.0,5310000.0,5379000.0,5450000.0,5522000.0,5595000.0,5667000.0,5738000.0,5808000.0,5877000.0,5946000.0,6014000.0,6082000.0
,Demography,DEMOGR,misc,NLD,Netherlands- the kingdom of the,HISTORY,WDI2017P,Pers,POP,14950000.0,15070000.0,15180000.0,15290000.0,15380000.0,15460000.0,15530000.0,15610000.0,15710000.0,15810000.0,15930000.0,16050000.0,16150000.0,16230000.0,16280000.0,16320000.0,16350000.0,16380000.0,16450000.0,16530000.0,16620000.0,16690000.0,16750000.0,16800000.0,16870000.0,16940000.0
,Demography,DEMOGR,misc,NOR,Norway,HISTORY,WDI2017P,Pers,POP,4241000.0,4262000.0,4286000.0,4312000.0,4337000.0,4359000.0,4381000.0,4405000.0,4431000.0,4462000.0,4491000.0,4514000.0,4538000.0,4565000.0,4592000.0,4623000.0,4661000.0,4709000.0,4768000.0,4829000.0,4889000.0,4953000.0,5019000.0,5080000.0,5137000.0,5190000.0
,Demography,DEMOGR,misc,NPL,Nepal,HISTORY,WDI2017P,Pers,POP,18740000.0,19240000.0,19770000.0,20310000.0,20860000.0,21390000.0,21900000.0,22400000.0,22870000.0,23320000.0,23740000.0,24140000.0,24520000.0,24870000.0,25200000.0,25510000.0,25790000.0,26060000.0,26330000.0,26590000.0,26880000.0,27180000.0,27500000.0,27830000.0,28170000.0,28510000.0
,Demography,DEMOGR,misc,NRU,Nauru,HISTORY,WDI2017P,Pers,POP,9157.0,9354.0,9544.0,9719.0,9863.0,9970.0,10030.0,10060.0,10050.0,10040.0,10040.0,10050.0,10070.0,10100.0,10110.0,10120.0,10100.0,10080.0,10050.0,10030.0,10020.0,10060.0,10280.0,10820.0,11850.0,12480.0
,Demography,DEMOGR,misc,NZL,New zealand,HISTORY,WDI2017P,Pers,POP,3330000.0,3495000.0,3532000.0,3572000.0,3620000.0,3673000.0,3732000.0,3781000.0,3815000.0,3835000.0,3858000.0,3880000.0,3948000.0,4027000.0,4088000.0,4134000.0,4185000.0,4224000.0,4260000.0,4303000.0,4351000.0,4384000.0,4408000.0,4442000.0,4510000.0,4596000.0
,Demography,DEMOGR,misc,OMN,Oman,HISTORY,WDI2017P,Pers,POP,1812000.0,1892000.0,1980000.0,2066000.0,2140000.0,2192000.0,2220000.0,2228000.0,2225000.0,2225000.0,2239000.0,2273000.0,2323000.0,2385000.0,2448000.0,2507000.0,2553000.0,2594000.0,2652000.0,2762000.0,2944000.0,3210000.0,3545000.0,3907000.0,4236000.0,4491000.0
,Demography,DEMOGR,misc,PAK,Pakistan,HISTORY,WDI2017P,Pers,POP,107600000.0,110600000.0,113600000.0,116600000.0,119600000.0,122600000.0,125700000.0,128800000.0,132000000.0,135200000.0,138300000.0,141300000.0,144300000.0,147300000.0,150300000.0,153400000.0,156500000.0,159800000.0,163100000.0,166500000.0,170000000.0,173700000.0,177400000.0,181200000.0,185000000.0,188900000.0
,Demography,DEMOGR,misc,PAN,Panama,HISTORY,WDI2017P,Pers,POP,2471000.0,2523000.0,2575000.0,2629000.0,2683000.0,2738000.0,2795000.0,2853000.0,2911000.0,2970000.0,3029000.0,3087000.0,3145000.0,3203000.0,3261000.0,3319000.0,3379000.0,3438000.0,3499000.0,3559000.0,3621000.0,3682000.0,3744000.0,3806000.0,3868000.0,3929000.0
,Demography,DEMOGR,misc,PER,Peru,HISTORY,WDI2017P,Pers,POP,21830000.0,22280000.0,22740000.0,23180000.0,23620000.0,24040000.0,24440000.0,24830000.0,25200000.0,25560000.0,25910000.0,26260000.0,26600000.0,26940000.0,27270000.0,27610000.0,27950000.0,28290000.0,28640000.0,29000000.0,29370000.0,29760000.0,30160000.0,30570000.0,30970000.0,31380000.0
,Demography,DEMOGR,misc,PHL,Philippines,HISTORY,WDI2017P,Pers,POP,61950000.0,63510000.0,65080000.0,66650000.0,68240000.0,69840000.0,71440000.0,73040000.0,74660000.0,76290000.0,77930000.0,79600000.0,81290000.0,82970000.0,84600000.0,86140000.0,87590000.0,88970000.0,90300000.0,91640000.0,93040000.0,94500000.0,96020000.0,97570000.0,99140000.0,100700000.0
,Demography,DEMOGR,misc,PLW,Palau,HISTORY,WDI2017P,Pers,POP,15090.0,15470.0,15890.0,16340.0,16800.0,17260.0,17700.0,18120.0,18520.0,18880.0,19170.0,19400.0,19580.0,19700.0,19800.0,19910.0,20010.0,20120.0,20230.0,20340.0,20470.0,20610.0,20760.0,20920.0,21100.0,21290.0
,Demography,DEMOGR,misc,PNG,Papua new guinea,HISTORY,WDI2017P,Pers,POP,4158000.0,4262000.0,4369000.0,4481000.0,4596000.0,4716000.0,4840000.0,4969000.0,5102000.0,5237000.0,5374000.0,5513000.0,5653000.0,5796000.0,5940000.0,6087000.0,6236000.0,6387000.0,6540000.0,6694000.0,6848000.0,7001000.0,7155000.0,7309000.0,7464000.0,7619000.0
,Demography,DEMOGR,misc,POL,Poland,HISTORY,WDI2017P,Pers,POP,38110000.0,38250000.0,38360000.0,38460000.0,38540000.0,38590000.0,38620000.0,38650000.0,38660000.0,38660000.0,38260000.0,38250000.0,38230000.0,38200000.0,38180000.0,38170000.0,38140000.0,38120000.0,38130000.0,38150000.0,38040000.0,38060000.0,38060000.0,38040000.0,38010000.0,37990000.0
,Demography,DEMOGR,misc,PRK,Korea- democratic people's republic of,HISTORY,WDI2017P,Pers,POP,20190000.0,20510000.0,20840000.0,21170000.0,21480000.0,21760000.0,22020000.0,22240000.0,22440000.0,22640000.0,22840000.0,23040000.0,23250000.0,23450000.0,23640000.0,23810000.0,23970000.0,24110000.0,24240000.0,24370000.0,24500000.0,24630000.0,24760000.0,24900000.0,25030000.0,25160000.0
,Demography,DEMOGR,misc,PRT,Portugal,HISTORY,WDI2017P,Pers,POP,9983000.0,9960000.0,9952000.0,9965000.0,9992000.0,10030000.0,10060000.0,10110000.0,10160000.0,10220000.0,10290000.0,10360000.0,10420000.0,10460000.0,10480000.0,10500000.0,10520000.0,10540000.0,10560000.0,10570000.0,10570000.0,10560000.0,10510000.0,10460000.0,10400000.0,10360000.0
,Demography,DEMOGR,misc,PRY,Paraguay,HISTORY,WDI2017P,Pers,POP,4214000.0,4323000.0,4433000.0,4542000.0,4651000.0,4761000.0,4871000.0,4980000.0,5089000.0,5197000.0,5303000.0,5407000.0,5509000.0,5608000.0,5704000.0,5795000.0,5883000.0,5966000.0,6047000.0,6128000.0,6210000.0,6294000.0,6379000.0,6466000.0,6553000.0,6639000.0
,Demography,DEMOGR,misc,PSE,Palestinian territory- occupied,HISTORY,WDI2017P,Pers,POP,1978000.0,2069000.0,2164000.0,2263000.0,2366000.0,2475000.0,2588000.0,2707000.0,2777000.0,2848000.0,2922000.0,2998000.0,3075000.0,3155000.0,3237000.0,3320000.0,3406000.0,3494000.0,3597000.0,3702000.0,3811000.0,3927000.0,4047000.0,4170000.0,4295000.0,4422000.0
,Demography,DEMOGR,misc,QAT,Qatar,HISTORY,WDI2017P,Pers,POP,476500.0,485100.0,489700.0,492100.0,495200.0,501000.0,511900.0,528200.0,548600.0,570600.0,593500.0,613700.0,634400.0,668200.0,732100.0,836900.0,988400.0,1179000.0,1389000.0,1591000.0,1766000.0,1905000.0,2016000.0,2101000.0,2172000.0,2235000.0
,Demography,DEMOGR,misc,ROU,Romania,HISTORY,WDI2017P,Pers,POP,23200000.0,23000000.0,22790000.0,22760000.0,22730000.0,22680000.0,22620000.0,22550000.0,22510000.0,22470000.0,22440000.0,22130000.0,21730000.0,21570000.0,21450000.0,21320000.0,21190000.0,20880000.0,20540000.0,20370000.0,20250000.0,20150000.0,20060000.0,19980000.0,19910000.0,19820000.0
,Demography,DEMOGR,misc,RUS,Russian federation,HISTORY,WDI2017P,Pers,POP,148300000.0,148600000.0,148700000.0,148500000.0,148300000.0,148400000.0,148200000.0,147900000.0,147700000.0,147200000.0,146600000.0,146000000.0,145300000.0,144600000.0,144100000.0,143500000.0,143000000.0,142800000.0,142700000.0,142800000.0,142800000.0,143000000.0,143200000.0,143500000.0,143800000.0,144100000.0
,Demography,DEMOGR,misc,RWA,Rwanda,HISTORY,WDI2017P,Pers,POP,7260000.0,7071000.0,6713000.0,6300000.0,5996000.0,5913000.0,6098000.0,6506000.0,7047000.0,7585000.0,8022000.0,8329000.0,8539000.0,8686000.0,8829000.0,9008000.0,9231000.0,9481000.0,9750000.0,10020000.0,10290000.0,10560000.0,10820000.0,11080000.0,11340000.0,11610000.0
,Demography,DEMOGR,misc,SAU,Saudi arabia,HISTORY,WDI2017P,Pers,POP,16360000.0,16890000.0,17400000.0,17890000.0,18370000.0,18850000.0,19330000.0,19810000.0,20300000.0,20830000.0,21390000.0,22010000.0,22670000.0,23360000.0,24060000.0,24750000.0,25420000.0,26080000.0,26740000.0,27410000.0,28090000.0,28790000.0,29500000.0,30200000.0,30890000.0,31540000.0
,Demography,DEMOGR,misc,SDN,Sudan- republic of the,HISTORY,WDI2017P,Pers,POP,20010000.0,20860000.0,21820000.0,22830000.0,23810000.0,24690000.0,25470000.0,26150000.0,26780000.0,27410000.0,28080000.0,28810000.0,29570000.0,30370000.0,31180000.0,31990000.0,32810000.0,33640000.0,34470000.0,35300000.0,36110000.0,36920000.0,37710000.0,38520000.0,39350000.0,40230000.0
,Demography,DEMOGR,misc,SEN,Senegal,HISTORY,WDI2017P,Pers,POP,7514000.0,7750000.0,7991000.0,8234000.0,8475000.0,8711000.0,8939000.0,9163000.0,9387000.0,9618000.0,9861000.0,10120000.0,10390000.0,10670000.0,10970000.0,11270000.0,11580000.0,11900000.0,12230000.0,12580000.0,12960000.0,13360000.0,13780000.0,14220000.0,14670000.0,15130000.0
,Demography,DEMOGR,misc,SGP,Singapore,HISTORY,WDI2017P,Pers,POP,3047000.0,3135000.0,3231000.0,3313000.0,3419000.0,3525000.0,3671000.0,3796000.0,3927000.0,3959000.0,4028000.0,4138000.0,4176000.0,4115000.0,4167000.0,4266000.0,4401000.0,4589000.0,4839000.0,4988000.0,5077000.0,5184000.0,5312000.0,5399000.0,5470000.0,5535000.0
,Demography,DEMOGR,misc,SLB,Solomon islands,HISTORY,WDI2017P,Pers,POP,311800.0,320800.0,330000.0,339500.0,349200.0,359200.0,369400.0,379900.0,390500.0,401300.0,412300.0,423500.0,434900.0,446400.0,457800.0,469300.0,480700.0,492100.0,503400.0,514800.0,526200.0,537600.0,549200.0,560700.0,572200.0,583600.0
,Demography,DEMOGR,misc,SLE,Sierra leone,HISTORY,WDI2017P,Pers,POP,3931000.0,3946000.0,3929000.0,3894000.0,3859000.0,3838000.0,3833000.0,3843000.0,3878000.0,3949000.0,4061000.0,4220000.0,4422000.0,4648000.0,4870000.0,5071000.0,5243000.0,5391000.0,5522000.0,5647000.0,5776000.0,5909000.0,6043000.0,6179000.0,6316000.0,6453000.0
,Demography,DEMOGR,misc,SLV,El salvador,HISTORY,WDI2017P,Pers,POP,5252000.0,5322000.0,5392000.0,5462000.0,5528000.0,5589000.0,5643000.0,5692000.0,5736000.0,5776000.0,5812000.0,5845000.0,5874000.0,5901000.0,5925000.0,5947000.0,5968000.0,5986000.0,6004000.0,6021000.0,6038000.0,6055000.0,6072000.0,6090000.0,6108000.0,6127000.0
,Demography,DEMOGR,misc,SMR,San marino,HISTORY,WDI2017P,Pers,POP,24040.0,24380.0,24760.0,25140.0,25520.0,25880.0,26200.0,26500.0,26800.0,27100.0,27420.0,27770.0,28140.0,28520.0,28890.0,29240.0,29570.0,29870.0,30160.0,30430.0,30690.0,30940.0,31170.0,31390.0,31600.0,31780.0
,Demography,DEMOGR,misc,SOM,Somalia,HISTORY,WDI2017P,Pers,POP,6322000.0,6320000.0,6294000.0,6269000.0,6279000.0,6346000.0,6481000.0,6673000.0,6904000.0,7148000.0,7385000.0,7610000.0,7827000.0,8039000.0,8251000.0,8467000.0,8687000.0,8909000.0,9133000.0,9357000.0,9582000.0,9807000.0,10030000.0,10270000.0,10520000.0,10790000.0
,Demography,DEMOGR,misc,SRB,Serbia,HISTORY,WDI2017P,Pers,POP,7586000.0,7596000.0,7646000.0,7699000.0,7735000.0,7625000.0,7618000.0,7597000.0,7568000.0,7540000.0,7516000.0,7503000.0,7497000.0,7481000.0,7463000.0,7441000.0,7412000.0,7382000.0,7350000.0,7321000.0,7291000.0,7234000.0,7199000.0,7164000.0,7131000.0,7095000.0
,Demography,DEMOGR,misc,SSD,South sudan- republic of,HISTORY,WDI2017P,Pers,POP,5762000.0,5699000.0,5593000.0,5484000.0,5425000.0,5453000.0,5584000.0,5807000.0,6093000.0,6398000.0,6693000.0,6968000.0,7233000.0,7500000.0,7784000.0,8100000.0,8446000.0,8815000.0,9209000.0,9623000.0,10060000.0,10510000.0,10980000.0,11450000.0,11910000.0,12340000.0
,Demography,DEMOGR,misc,STP,Sao tome and principe,HISTORY,WDI2017P,Pers,POP,113600.0,115900.0,118300.0,120800.0,123300.0,125700.0,127900.0,130100.0,132300.0,134600.0,137200.0,140000.0,143100.0,146400.0,149700.0,153100.0,156600.0,160100.0,163600.0,167200.0,170900.0,174600.0,178500.0,182400.0,186300.0,190300.0
,Demography,DEMOGR,misc,SUR,Suriname,HISTORY,WDI2017P,Pers,POP,408300.0,416100.0,423600.0,430900.0,438300.0,445800.0,453700.0,461600.0,469100.0,475600.0,480800.0,484200.0,486300.0,487600.0,489300.0,492000.0,496000.0,501000.0,506700.0,512500.0,518100.0,523400.0,528500.0,533400.0,538200.0,543000.0
,Demography,DEMOGR,misc,SVK,Slovakia,HISTORY,WDI2017P,Pers,POP,5299000.0,5303000.0,5305000.0,5325000.0,5346000.0,5362000.0,5373000.0,5383000.0,5391000.0,5396000.0,5389000.0,5379000.0,5377000.0,5373000.0,5372000.0,5373000.0,5373000.0,5375000.0,5379000.0,5386000.0,5391000.0,5398000.0,5408000.0,5413000.0,5419000.0,5424000.0
,Demography,DEMOGR,misc,SVN,Slovenia,HISTORY,WDI2017P,Pers,POP,1998000.0,1999000.0,1996000.0,1992000.0,1989000.0,1990000.0,1989000.0,1986000.0,1982000.0,1983000.0,1989000.0,1992000.0,1995000.0,1996000.0,1997000.0,2000000.0,2007000.0,2018000.0,2021000.0,2040000.0,2049000.0,2053000.0,2057000.0,2060000.0,2062000.0,2064000.0
,Demography,DEMOGR,misc,SWE,Sweden,HISTORY,WDI2017P,Pers,POP,8559000.0,8617000.0,8668000.0,8719000.0,8781000.0,8827000.0,8841000.0,8846000.0,8851000.0,8858000.0,8872000.0,8896000.0,8925000.0,8958000.0,8994000.0,9030000.0,9081000.0,9148000.0,9220000.0,9299000.0,9378000.0,9449000.0,9519000.0,9600000.0,9696000.0,9799000.0
,Demography,DEMOGR,misc,SWZ,Swaziland,HISTORY,WDI2017P,Pers,POP,862700.0,887200.0,907900.0,926200.0,944200.0,963400.0,984500.0,1007000.0,1029000.0,1048000.0,1064000.0,1075000.0,1082000.0,1088000.0,1095000.0,1105000.0,1118000.0,1135000.0,1154000.0,1174000.0,1193000.0,1212000.0,1232000.0,1251000.0,1269000.0,1287000.0
,Demography,DEMOGR,misc,SYC,Seychelles,HISTORY,WDI2017P,Pers,POP,69510.0,70440.0,70760.0,72250.0,74200.0,75300.0,76420.0,77320.0,78850.0,80410.0,81130.0,81200.0,83720.0,82780.0,82480.0,82860.0,84600.0,85030.0,86960.0,87300.0,89770.0,87440.0,88300.0,89950.0,91360.0,93420.0
,Demography,DEMOGR,misc,SYR,Syrian arab republic,HISTORY,WDI2017P,Pers,POP,12450000.0,12820000.0,13190000.0,13560000.0,13940000.0,14330000.0,14740000.0,15150000.0,15570000.0,15970000.0,16350000.0,16690000.0,17000000.0,17300000.0,17670000.0,18130000.0,18730000.0,19430000.0,20100000.0,20570000.0,20720000.0,20500000.0,19980000.0,19320000.0,18770000.0,18500000.0
,Demography,DEMOGR,misc,TCD,Chad,HISTORY,WDI2017P,Pers,POP,5958000.0,6151000.0,6350000.0,6557000.0,6773000.0,7002000.0,7242000.0,7494000.0,7760000.0,8043000.0,8343000.0,8664000.0,9002000.0,9354000.0,9710000.0,10070000.0,10420000.0,10780000.0,11140000.0,11510000.0,11900000.0,12300000.0,12720000.0,13150000.0,13590000.0,14040000.0
,Demography,DEMOGR,misc,TGO,Togo,HISTORY,WDI2017P,Pers,POP,3787000.0,3887000.0,3984000.0,4081000.0,4181000.0,4284000.0,4393000.0,4506000.0,4625000.0,4748000.0,4875000.0,5006000.0,5142000.0,5283000.0,5429000.0,5578000.0,5732000.0,5890000.0,6053000.0,6220000.0,6391000.0,6566000.0,6746000.0,6929000.0,7115000.0,7305000.0
,Demography,DEMOGR,misc,THA,Thailand,HISTORY,WDI2017P,Pers,POP,56580000.0,57230000.0,57760000.0,58240000.0,58720000.0,59270000.0,59880000.0,60540000.0,61250000.0,61970000.0,62690000.0,63420000.0,64140000.0,64820000.0,65400000.0,65860000.0,66170000.0,66350000.0,66450000.0,66550000.0,66690000.0,66900000.0,67160000.0,67450000.0,67730000.0,67960000.0
,Demography,DEMOGR,misc,TJK,Tajikistan,HISTORY,WDI2017P,Pers,POP,5297000.0,5418000.0,5523000.0,5617000.0,5703000.0,5784000.0,5862000.0,5937000.0,6012000.0,6094000.0,6186000.0,6290000.0,6407000.0,6533000.0,6667000.0,6806000.0,6950000.0,7099000.0,7254000.0,7415000.0,7582000.0,7754000.0,7931000.0,8112000.0,8296000.0,8482000.0
,Demography,DEMOGR,misc,TKM,Turkmenistan,HISTORY,WDI2017P,Pers,POP,3668000.0,3772000.0,3882000.0,3992000.0,4096000.0,4188000.0,4268000.0,4336000.0,4395000.0,4449000.0,4501000.0,4552000.0,4600000.0,4648000.0,4697000.0,4748000.0,4802000.0,4858000.0,4918000.0,4979000.0,5042000.0,5107000.0,5173000.0,5240000.0,5307000.0,5374000.0
,Demography,DEMOGR,misc,TLS,Timor-leste,HISTORY,WDI2017P,Pers,POP,740200.0,764900.0,792800.0,820500.0,842800.0,856400.0,859500.0,853900.0,845100.0,841100.0,847200.0,865800.0,894800.0,929400.0,962600.0,989500.0,1008000.0,1021000.0,1031000.0,1042000.0,1057000.0,1078000.0,1102000.0,1129000.0,1157000.0,1185000.0
,Demography,DEMOGR,misc,TON,Tonga,HISTORY,WDI2017P,Pers,POP,95150.0,95300.0,95420.0,95530.0,95680.0,95890.0,96170.0,96530.0,96940.0,97400.0,97900.0,98430.0,99000.0,99610.0,100200.0,100900.0,101500.0,102200.0,102800.0,103400.0,103900.0,104400.0,104800.0,105100.0,105600.0,106200.0
,Demography,DEMOGR,misc,TTO,Trinidad and tobago,HISTORY,WDI2017P,Pers,POP,1222000.0,1230000.0,1237000.0,1244000.0,1250000.0,1255000.0,1258000.0,1261000.0,1263000.0,1265000.0,1268000.0,1272000.0,1278000.0,1284000.0,1291000.0,1297000.0,1303000.0,1309000.0,1315000.0,1322000.0,1328000.0,1335000.0,1342000.0,1348000.0,1354000.0,1360000.0
,Demography,DEMOGR,misc,TUN,Tunisia,HISTORY,WDI2017P,Pers,POP,8233000.0,8418000.0,8603000.0,8785000.0,8957000.0,9114000.0,9256000.0,9384000.0,9499000.0,9604000.0,9699000.0,9786000.0,9864000.0,9939000.0,10020000.0,10100000.0,10200000.0,10300000.0,10410000.0,10520000.0,10640000.0,10760000.0,10880000.0,11010000.0,11130000.0,11250000.0
,Demography,DEMOGR,misc,TUR,Turkey,HISTORY,WDI2017P,Pers,POP,53990000.0,54910000.0,55810000.0,56710000.0,57610000.0,58520000.0,59450000.0,60390000.0,61340000.0,62300000.0,63240000.0,64180000.0,65130000.0,66060000.0,66970000.0,67860000.0,68700000.0,69520000.0,70340000.0,71260000.0,72310000.0,73520000.0,74850000.0,76220000.0,77520000.0,78670000.0
,Demography,DEMOGR,misc,TUV,Tuvalu,HISTORY,WDI2017P,Pers,POP,9004.0,9056.0,9103.0,9148.0,9188.0,9227.0,9264.0,9298.0,9334.0,9374.0,9419.0,9471.0,9530.0,9590.0,9646.0,9694.0,9732.0,9764.0,9788.0,9808.0,9827.0,9844.0,9860.0,9876.0,9893.0,9916.0
,Demography,DEMOGR,misc,TZA,Tanzania- united republic of,HISTORY,WDI2017P,Pers,POP,25460000.0,26310000.0,27200000.0,28120000.0,29030000.0,29900000.0,30730000.0,31530000.0,32320000.0,33140000.0,33990000.0,34900000.0,35860000.0,36870000.0,37940000.0,39070000.0,40260000.0,41520000.0,42840000.0,44220000.0,45650000.0,47120000.0,48650000.0,50210000.0,51820000.0,53470000.0
,Demography,DEMOGR,misc,UGA,Uganda,HISTORY,WDI2017P,Pers,POP,17380000.0,17970000.0,18570000.0,19180000.0,19790000.0,20410000.0,21040000.0,21680000.0,22340000.0,23030000.0,23760000.0,24530000.0,25360000.0,26220000.0,27110000.0,28040000.0,29000000.0,29990000.0,31010000.0,32070000.0,33150000.0,34260000.0,35400000.0,36570000.0,37780000.0,39030000.0
,Demography,DEMOGR,misc,UKR,Ukraine,HISTORY,WDI2017P,Pers,POP,51890000.0,52000000.0,52150000.0,52180000.0,51920000.0,51510000.0,51060000.0,50590000.0,50140000.0,49670000.0,49180000.0,48680000.0,48200000.0,47810000.0,47450000.0,47110000.0,46790000.0,46510000.0,46260000.0,46050000.0,45870000.0,45710000.0,45590000.0,45490000.0,45270000.0,45150000.0
,Demography,DEMOGR,misc,URY,Uruguay,HISTORY,WDI2017P,Pers,POP,3110000.0,3132000.0,3155000.0,3178000.0,3202000.0,3225000.0,3248000.0,3271000.0,3292000.0,3309000.0,3321000.0,3327000.0,3328000.0,3326000.0,3324000.0,3326000.0,3331000.0,3340000.0,3351000.0,3363000.0,3374000.0,3386000.0,3397000.0,3408000.0,3420000.0,3432000.0
,Demography,DEMOGR,misc,USA,United states of america,HISTORY,WDI2017P,Pers,POP,249600000.0,253000000.0,256500000.0,259900000.0,263100000.0,266300000.0,269400000.0,272700000.0,275900000.0,279000000.0,282200000.0,285000000.0,287600000.0,290100000.0,292800000.0,295500000.0,298400000.0,301200000.0,304100000.0,306800000.0,309300000.0,311700000.0,314100000.0,316400000.0,318900000.0,321400000.0
,Demography,DEMOGR,misc,UZB,Uzbekistan,HISTORY,WDI2017P,Pers,POP,20510000.0,20950000.0,21450000.0,21940000.0,22380000.0,22780000.0,23220000.0,23670000.0,24050000.0,24310000.0,24650000.0,24960000.0,25270000.0,25570000.0,25860000.0,26170000.0,26490000.0,26870000.0,27300000.0,27770000.0,28560000.0,29340000.0,29770000.0,30240000.0,30760000.0,31300000.0
,Demography,DEMOGR,misc,VCT,Saint vincent and the grenadines,HISTORY,WDI2017P,Pers,POP,107500.0,107800.0,108000.0,108100.0,108100.0,108100.0,108100.0,108000.0,107900.0,107900.0,107900.0,108000.0,108200.0,108400.0,108600.0,108700.0,108900.0,109000.0,109200.0,109300.0,109300.0,109300.0,109300.0,109300.0,109400.0,109500.0
,Demography,DEMOGR,misc,VEN,Venezuela- bolivarian republic of,HISTORY,WDI2017P,Pers,POP,19860000.0,20330000.0,20800000.0,21260000.0,21730000.0,22190000.0,22650000.0,23110000.0,23570000.0,24020000.0,24480000.0,24940000.0,25400000.0,25860000.0,26310000.0,26770000.0,27220000.0,27670000.0,28120000.0,28560000.0,29000000.0,29430000.0,29850000.0,30280000.0,30690000.0,31110000.0
,Demography,DEMOGR,misc,VNM,Viet nam,HISTORY,WDI2017P,Pers,POP,66020000.0,67240000.0,68450000.0,69640000.0,70820000.0,72000000.0,73160000.0,74310000.0,75460000.0,76600000.0,77630000.0,78620000.0,79540000.0,80470000.0,81440000.0,82390000.0,83310000.0,84220000.0,85120000.0,86020000.0,86930000.0,87860000.0,88810000.0,89760000.0,90730000.0,91710000.0
,Demography,DEMOGR,misc,VUT,Vanuatu,HISTORY,WDI2017P,Pers,POP,146600.0,150800.0,155200.0,159800.0,164200.0,168200.0,171800.0,175000.0,178100.0,181300.0,185100.0,189300.0,194000.0,199000.0,204100.0,209400.0,214600.0,220000.0,225300.0,230800.0,236300.0,241900.0,247500.0,253200.0,258900.0,264700.0
,Demography,DEMOGR,misc,WSM,Samoa,HISTORY,WDI2017P,Pers,POP,162900.0,164100.0,165600.0,167200.0,168800.0,170200.0,171300.0,172200.0,173000.0,173800.0,174600.0,175600.0,176600.0,177700.0,178800.0,179900.0,181100.0,182200.0,183400.0,184700.0,186000.0,187400.0,188900.0,190400.0,191800.0,193200.0
,Demography,DEMOGR,misc,YEM,Yemen,HISTORY,WDI2017P,Pers,POP,11960000.0,12570000.0,13250000.0,13950000.0,14630000.0,15270000.0,15830000.0,16350000.0,16830000.0,17300000.0,17800000.0,18310000.0,18830000.0,19370000.0,19930000.0,20500000.0,21090000.0,21700000.0,22320000.0,22950000.0,23590000.0,24230000.0,24880000.0,25530000.0,26180000.0,26830000.0
,Demography,DEMOGR,misc,ZAF,South africa,HISTORY,WDI2017P,Pers,POP,36790000.0,37690000.0,38650000.0,39620000.0,40560000.0,41430000.0,42210000.0,42920000.0,43580000.0,44230000.0,44900000.0,45310000.0,45860000.0,46420000.0,47000000.0,47610000.0,48230000.0,48880000.0,49560000.0,50260000.0,50980000.0,51730000.0,52510000.0,53310000.0,54150000.0,55010000.0
,Demography,DEMOGR,misc,ZMB,Zambia,HISTORY,WDI2017P,Pers,POP,8143000.0,8361000.0,8577000.0,8794000.0,9018000.0,9254000.0,9502000.0,9764000.0,10030000.0,10310000.0,10590000.0,10860000.0,11140000.0,11430000.0,11730000.0,12040000.0,12380000.0,12740000.0,13110000.0,13510000.0,13920000.0,14340000.0,14790000.0,15250000.0,15720000.0,16210000.0
,Demography,DEMOGR,misc,ZWE,Zimbabwe,HISTORY,WDI2017P,Pers,POP,10480000.0,10760000.0,11020000.0,11260000.0,11480000.0,11680000.0,11880000.0,12060000.0,12230000.0,12370000.0,12500000.0,12600000.0,12690000.0,12770000.0,12870000.0,12980000.0,13130000.0,13300000.0,13500000.0,13720000.0,13970000.0,14260000.0,14570000.0,14900000.0,15250000.0,15600000.0
