variable,unit,GWP,category,categoryCode,categorySet,countryISO,countryName,source,scenario,1990,1991,1992,1993,1994,1995,1996,1997,1998,1999,2000,2001,2002,2003,2004,2005,2006,2007,2008,2009,2010,2011,2012,2013,2014,2015
GDPPPP,2005GKD,n/a,Economy,ECO,misc,ABW,Aruba,WDI2017P,HISTORY,NaN,NaN,NaN,NaN,NaN,NaN,NaN,NaN,NaN,NaN,NaN,NaN,NaN,NaN,NaN,NaN,NaN,NaN,NaN,NaN,NaN,3.187e+09,NaN,NaN,NaN,NaN
GDPPPP,2005GKD,n/a,Economy,ECO,misc,AFG,Afghanistan,WDI2017P,HISTORY,NaN,NaN,NaN,NaN,NaN,NaN,NaN,NaN,NaN,NaN,NaN,NaN,2.03e+10,2.201e+10,2.224e+10,2.473e+10,2.61e+10,2.969e+10,3.076e+10,3.723e+10,4.037e+10,4.284e+10,4.902e+10,4.998e+10,5.063e+10,5.106e+10
GDPPPP,2005GKD,n/a,Economy,ECO,misc,AGO,Angola,WDI2017P,HISTORY,4.644e+10,4.588e+10,4.271e+10,3.216e+10,3.329e+10,3.675e+10,4.087e+10,4.41e+10,4.71e+10,4.862e+10,5.009e+10,5.22e+10,4.858e+10,5.113e+10,5.669e+10,6.704e+10,8.094e+10,9.923e+10,1.129e+11,1.157e+11,1.196e+11,1.243e+11,1.307e+11,1.396e+11,1.463e+11,1.507e+11
GDPPPP,2005GKD,n/a,Economy,ECO,misc,ALB,Albania,WDI2017P,HISTORY,1.3e+10,9.156e+09,8.497e+09,9.313e+09,1.009e+10,1.143e+10,1.247e+10,1.112e+10,1.212e+10,1.375e+10,1.467e+10,1.583e+10,1.65e+10,1.746e+10,1.845e+10,1.951e+10,2.057e+10,2.178e+10,2.342e+10,2.421e+10,2.511e+10,2.575e+10,2.611e+10,2.64e+10,2.688e+10,2.763e+10
GDPPPP,2005GKD,n/a,Economy,ECO,misc,ARE,United arab emirates,WDI2017P,HISTORY,1.801e+11,1.817e+11,1.877e+11,1.901e+11,2.032e+11,2.168e+11,2.294e+11,2.482e+11,2.489e+11,2.561e+11,2.839e+11,2.879e+11,2.949e+11,3.208e+11,3.515e+11,3.686e+11,4.048e+11,4.177e+11,4.311e+11,4.085e+11,4.151e+11,4.368e+11,4.664e+11,4.885e+11,5.035e+11,5.225e+11
GDPPPP,2005GKD,n/a,Economy,ECO,misc,ARG,Argentina,WDI2017P,HISTORY,3.073e+11,3.463e+11,3.876e+11,4.105e+11,4.345e+11,4.221e+11,4.454e+11,4.816e+11,5.001e+11,4.832e+11,4.794e+11,4.582e+11,4.083e+11,4.444e+11,4.845e+11,5.274e+11,5.699e+11,6.212e+11,6.464e+11,6.081e+11,6.697e+11,7.099e+11,7.026e+11,7.195e+11,7.015e+11,7.2e+11
GDPPPP,2005GKD,n/a,Economy,ECO,misc,ARM,Armenia,WDI2017P,HISTORY,1.15e+10,1.015e+10,5.908e+09,5.388e+09,5.679e+09,6.071e+09,6.427e+09,6.64e+09,7.125e+09,7.36e+09,7.794e+09,8.539e+09,9.665e+09,1.102e+10,1.218e+10,1.386e+10,1.569e+10,1.785e+10,1.908e+10,1.638e+10,1.674e+10,1.753e+10,1.879e+10,1.941e+10,2.011e+10,2.072e+10
GDPPPP,2005GKD,n/a,Economy,ECO,misc,ATG,Antigua and barbuda,WDI2017P,HISTORY,9.22e+08,9.407e+08,9.487e+08,9.998e+08,1.063e+09,1.019e+09,1.087e+09,1.14e+09,1.191e+09,1.24e+09,1.302e+09,1.261e+09,1.298e+09,1.374e+09,1.447e+09,1.535e+09,1.74e+09,1.906e+09,1.907e+09,1.678e+09,1.558e+09,1.53e+09,1.588e+09,1.585e+09,1.658e+09,1.727e+09
GDPPPP,2005GKD,n/a,Economy,ECO,misc,AUS,Australia,WDI2017P,HISTORY,4.233e+11,4.217e+11,4.234e+11,4.406e+11,4.584e+11,4.762e+11,4.95e+11,5.145e+11,5.373e+11,5.642e+11,5.861e+11,5.974e+11,6.204e+11,6.395e+11,6.66e+11,6.874e+11,7.079e+11,7.345e+11,7.617e+11,7.755e+11,7.912e+11,8.1e+11,8.394e+11,8.599e+11,8.814e+11,9.012e+11
GDPPPP,2005GKD,n/a,Economy,ECO,misc,AUT,Austria,WDI2017P,HISTORY,2.084e+11,2.156e+11,2.201e+11,2.213e+11,2.266e+11,2.326e+11,2.382e+11,2.434e+11,2.521e+11,2.612e+11,2.7e+11,2.736e+11,2.781e+11,2.802e+11,2.878e+11,2.94e+11,3.038e+11,3.148e+11,3.197e+11,3.076e+11,3.135e+11,3.223e+11,3.247e+11,3.251e+11,3.272e+11,3.304e+11
GDPPPP,2005GKD,n/a,Economy,ECO,misc,AZE,Azerbaijan,WDI2017P,HISTORY,5.291e+10,5.254e+10,4.067e+10,3.127e+10,2.511e+10,2.215e+10,2.244e+10,2.374e+10,2.611e+10,2.805e+10,3.116e+10,3.424e+10,3.787e+10,4.211e+10,4.641e+10,5.866e+10,7.89e+10,9.867e+10,1.093e+11,1.196e+11,1.254e+11,1.255e+11,1.282e+11,1.357e+11,1.384e+11,1.399e+11
GDPPPP,2005GKD,n/a,Economy,ECO,misc,BDI,Burundi,WDI2017P,HISTORY,5.113e+09,5.368e+09,5.423e+09,5.084e+09,4.89e+09,4.502e+09,4.142e+09,4.076e+09,4.27e+09,4.227e+09,4.191e+09,4.277e+09,4.467e+09,4.412e+09,4.625e+09,4.667e+09,4.918e+09,5.154e+09,5.414e+09,5.602e+09,5.814e+09,6.058e+09,6.301e+09,6.59e+09,6.898e+09,6.628e+09
GDPPPP,2005GKD,n/a,Economy,ECO,misc,BEL,Belgium,WDI2017P,HISTORY,2.657e+11,2.705e+11,2.747e+11,2.72e+11,2.808e+11,2.875e+11,2.921e+11,3.029e+11,3.089e+11,3.199e+11,3.316e+11,3.343e+11,3.402e+11,3.428e+11,3.553e+11,3.627e+11,3.718e+11,3.844e+11,3.873e+11,3.785e+11,3.887e+11,3.956e+11,3.962e+11,3.959e+11,4.025e+11,4.085e+11
GDPPPP,2005GKD,n/a,Economy,ECO,misc,BEN,Benin,WDI2017P,HISTORY,6.322e+09,6.589e+09,6.784e+09,7.18e+09,7.325e+09,7.768e+09,8.104e+09,8.569e+09,8.908e+09,9.384e+09,9.934e+09,1.046e+10,1.095e+10,1.133e+10,1.183e+10,1.203e+10,1.251e+10,1.325e+10,1.39e+10,1.423e+10,1.453e+10,1.496e+10,1.568e+10,1.68e+10,1.787e+10,1.825e+10
GDPPPP,2005GKD,n/a,Economy,ECO,misc,BFA,Burkina faso,WDI2017P,HISTORY,6.459e+09,7.045e+09,7.061e+09,7.306e+09,7.402e+09,7.825e+09,8.687e+09,9.235e+09,9.91e+09,1.064e+10,1.084e+10,1.155e+10,1.206e+10,1.3e+10,1.358e+10,1.476e+10,1.568e+10,1.632e+10,1.727e+10,1.778e+10,1.928e+10,2.056e+10,2.189e+10,2.314e+10,2.407e+10,2.504e+10
GDPPPP,2005GKD,n/a,Economy,ECO,misc,BGD,Bangladesh,WDI2017P,HISTORY,1.187e+11,1.229e+11,1.296e+11,1.357e+11,1.409e+11,1.482e+11,1.549e+11,1.618e+11,1.702e+11,1.781e+11,1.876e+11,1.971e+11,2.047e+11,2.144e+11,2.256e+11,2.403e+11,2.564e+11,2.745e+11,2.91e+11,3.056e+11,3.227e+11,3.435e+11,3.659e+11,3.879e+11,4.115e+11,4.384e+11
GDPPPP,2005GKD,n/a,Economy,ECO,misc,BGR,Bulgaria- the republic of,WDI2017P,HISTORY,7.037e+10,6.443e+10,5.974e+10,5.886e+10,5.993e+10,6.164e+10,6.263e+10,6.194e+10,6.411e+10,6.051e+10,6.354e+10,6.624e+10,7.023e+10,7.379e+10,7.863e+10,8.432e+10,9.002e+10,9.693e+10,1.024e+11,9.808e+10,9.813e+10,1e+11,1e+11,1.009e+11,1.022e+11,1.059e+11
GDPPPP,2005GKD,n/a,Economy,ECO,misc,BHR,Bahrain,WDI2017P,HISTORY,1.512e+10,1.682e+10,1.794e+10,2.025e+10,2.02e+10,2.099e+10,2.186e+10,2.253e+10,2.361e+10,2.463e+10,2.593e+10,2.658e+10,2.754e+10,2.92e+10,3.124e+10,3.335e+10,3.551e+10,3.845e+10,4.085e+10,4.189e+10,4.371e+10,4.457e+10,4.624e+10,4.874e+10,5.086e+10,5.232e+10
GDPPPP,2005GKD,n/a,Economy,ECO,misc,BHS,Bahamas,WDI2017P,HISTORY,5.404e+09,5.178e+09,4.98e+09,4.995e+09,5.152e+09,5.378e+09,5.605e+09,5.721e+09,5.99e+09,6.418e+09,6.685e+09,6.86e+09,7.046e+09,6.957e+09,7.018e+09,7.256e+09,7.439e+09,7.547e+09,7.371e+09,7.063e+09,7.172e+09,7.216e+09,7.439e+09,7.44e+09,7.401e+09,7.277e+09
GDPPPP,2005GKD,n/a,Economy,ECO,misc,BIH,Bosnia and herzegovina,WDI2017P,HISTORY,NaN,NaN,NaN,NaN,5.046e+09,6.096e+09,1.152e+10,1.548e+10,1.79e+10,1.961e+10,2.069e+10,2.16e+10,2.275e+10,2.366e+10,2.51e+10,2.73e+10,2.877e+10,3.041e+10,3.208e+10,3.116e+10,3.14e+10,3.169e+10,3.139e+10,3.214e+10,3.249e+10,3.347e+10
GDPPPP,2005GKD,n/a,Economy,ECO,misc,BLR,Belarus,WDI2017P,HISTORY,7.151e+10,7.065e+10,6.387e+10,5.901e+10,5.211e+10,4.669e+10,4.8e+10,5.347e+10,5.796e+10,5.993e+10,6.341e+10,6.64e+10,6.975e+10,7.467e+10,8.321e+10,9.104e+10,1.001e+11,1.088e+11,1.198e+11,1.201e+11,1.294e+11,1.366e+11,1.389e+11,1.404e+11,1.428e+11,1.373e+11
GDPPPP,2005GKD,n/a,Economy,ECO,misc,BLZ,Belize,WDI2017P,HISTORY,8.416e+08,9.299e+08,1.042e+09,1.107e+09,1.109e+09,1.116e+09,1.132e+09,1.172e+09,1.216e+09,1.323e+09,1.495e+09,1.57e+09,1.651e+09,1.805e+09,1.889e+09,1.937e+09,2.026e+09,2.048e+09,2.115e+09,2.131e+09,2.202e+09,2.248e+09,2.333e+09,2.363e+09,2.46e+09,2.485e+09
GDPPPP,2005GKD,n/a,Economy,ECO,misc,BMU,Bermuda,WDI2017P,HISTORY,2.089e+09,2.015e+09,2.014e+09,2.074e+09,2.087e+09,2.179e+09,2.235e+09,2.338e+09,2.429e+09,2.511e+09,2.745e+09,2.944e+09,2.9e+09,2.999e+09,3.069e+09,3.12e+09,3.293e+09,3.387e+09,3.438e+09,3.257e+09,3.189e+09,3.082e+09,2.933e+09,2.859e+09,NaN,NaN
GDPPPP,2005GKD,n/a,Economy,ECO,misc,BOL,Bolivia- the plurinational state of,WDI2017P,HISTORY,2.207e+10,2.323e+10,2.361e+10,2.462e+10,2.577e+10,2.698e+10,2.815e+10,2.955e+10,3.103e+10,3.117e+10,3.195e+10,3.248e+10,3.329e+10,3.419e+10,3.562e+10,3.72e+10,3.898e+10,4.076e+10,4.327e+10,4.472e+10,4.656e+10,4.899e+10,5.15e+10,5.5e+10,5.8e+10,6.081e+10
GDPPPP,2005GKD,n/a,Economy,ECO,misc,BRA,Brazil,WDI2017P,HISTORY,1.341e+12,1.362e+12,1.355e+12,1.419e+12,1.494e+12,1.56e+12,1.595e+12,1.649e+12,1.654e+12,1.662e+12,1.73e+12,1.754e+12,1.808e+12,1.829e+12,1.934e+12,1.996e+12,2.075e+12,2.201e+12,2.313e+12,2.31e+12,2.484e+12,2.583e+12,2.632e+12,2.712e+12,2.725e+12,2.623e+12
GDPPPP,2005GKD,n/a,Economy,ECO,misc,BRB,Barbados,WDI2017P,HISTORY,3.006e+09,2.889e+09,2.724e+09,2.746e+09,2.801e+09,2.858e+09,2.971e+09,3.112e+09,3.228e+09,3.239e+09,3.383e+09,3.303e+09,3.329e+09,3.401e+09,3.449e+09,3.586e+09,3.789e+09,3.856e+09,3.871e+09,3.715e+09,3.725e+09,3.753e+09,3.764e+09,3.761e+09,3.769e+09,3.802e+09
GDPPPP,2005GKD,n/a,Economy,ECO,misc,BRN,Brunei darussalam,WDI2017P,HISTORY,1.902e+10,1.962e+10,2.056e+10,2.062e+10,2.127e+10,2.222e+10,2.286e+10,2.252e+10,2.24e+10,2.308e+10,2.374e+10,2.439e+10,2.533e+10,2.607e+10,2.62e+10,2.63e+10,2.746e+10,2.75e+10,2.697e+10,2.649e+10,2.718e+10,2.82e+10,2.846e+10,2.785e+10,2.72e+10,2.704e+10
GDPPPP,2005GKD,n/a,Economy,ECO,misc,BTN,Bhutan,WDI2017P,HISTORY,1.085e+09,1.08e+09,1.13e+09,1.152e+09,1.209e+09,1.295e+09,1.367e+09,1.441e+09,1.526e+09,1.648e+09,1.762e+09,1.906e+09,2.111e+09,2.273e+09,2.407e+09,2.578e+09,2.755e+09,3.248e+09,3.403e+09,3.63e+09,4.056e+09,4.376e+09,4.597e+09,4.696e+09,4.966e+09,5.288e+09
GDPPPP,2005GKD,n/a,Economy,ECO,misc,BWA,Botswana,WDI2017P,HISTORY,9.703e+09,1.043e+10,1.073e+10,1.094e+10,1.133e+10,1.213e+10,1.284e+10,1.387e+10,1.397e+10,1.532e+10,1.562e+10,1.566e+10,1.661e+10,1.738e+10,1.785e+10,1.866e+10,2.022e+10,2.19e+10,2.327e+10,2.149e+10,2.333e+10,2.474e+10,2.584e+10,2.839e+10,2.93e+10,2.922e+10
GDPPPP,2005GKD,n/a,Economy,ECO,misc,CAF,Central african republic,WDI2017P,HISTORY,2.379e+09,2.366e+09,2.214e+09,2.222e+09,2.331e+09,2.498e+09,2.398e+09,2.526e+09,2.644e+09,2.739e+09,2.671e+09,2.79e+09,2.891e+09,2.735e+09,2.899e+09,2.926e+09,3.065e+09,3.206e+09,3.272e+09,3.328e+09,3.43e+09,3.543e+09,3.689e+09,2.335e+09,2.359e+09,2.472e+09
GDPPPP,2005GKD,n/a,Economy,ECO,misc,CAN,Canada,WDI2017P,HISTORY,7.552e+11,7.391e+11,7.457e+11,7.655e+11,7.999e+11,8.213e+11,8.345e+11,8.702e+11,9.04e+11,9.507e+11,1e+12,1.018e+12,1.048e+12,1.067e+12,1.1e+12,1.135e+12,1.165e+12,1.189e+12,1.201e+12,1.166e+12,1.202e+12,1.239e+12,1.261e+12,1.292e+12,1.325e+12,1.338e+12
GDPPPP,2005GKD,n/a,Economy,ECO,misc,CHE,Switzerland,WDI2017P,HISTORY,2.785e+11,2.76e+11,2.758e+11,2.755e+11,2.79e+11,2.803e+11,2.82e+11,2.885e+11,2.97e+11,3.019e+11,3.138e+11,3.184e+11,3.188e+11,3.19e+11,3.28e+11,3.38e+11,3.516e+11,3.661e+11,3.745e+11,3.665e+11,3.773e+11,3.841e+11,3.882e+11,3.951e+11,4.03e+11,4.064e+11
GDPPPP,2005GKD,n/a,Economy,ECO,misc,CHL,Chile,WDI2017P,HISTORY,1.055e+11,1.139e+11,1.279e+11,1.368e+11,1.446e+11,1.6e+11,1.718e+11,1.832e+11,1.891e+11,1.877e+11,1.961e+11,2.027e+11,2.07e+11,2.152e+11,2.282e+11,2.409e+11,2.515e+11,2.645e+11,2.732e+11,2.704e+11,2.86e+11,3.027e+11,3.192e+11,3.319e+11,3.381e+11,3.459e+11
GDPPPP,2005GKD,n/a,Economy,ECO,misc,CHN,China,WDI2017P,HISTORY,1.504e+12,1.644e+12,1.878e+12,2.138e+12,2.417e+12,2.682e+12,2.948e+12,3.221e+12,3.473e+12,3.739e+12,4.057e+12,4.395e+12,4.796e+12,5.278e+12,5.812e+12,6.474e+12,7.297e+12,8.336e+12,9.14e+12,1e+13,1.106e+13,1.212e+13,1.307e+13,1.408e+13,1.511e+13,1.616e+13
GDPPPP,2005GKD,n/a,Economy,ECO,misc,CIV,Cote d'ivoire,WDI2017P,HISTORY,3.402e+10,3.403e+10,3.395e+10,3.388e+10,3.416e+10,3.659e+10,3.942e+10,4.089e+10,4.291e+10,4.36e+10,4.27e+10,4.275e+10,4.204e+10,4.147e+10,4.198e+10,4.27e+10,4.335e+10,4.412e+10,4.524e+10,4.671e+10,4.765e+10,4.556e+10,5.044e+10,5.492e+10,5.958e+10,6.504e+10
GDPPPP,2005GKD,n/a,Economy,ECO,misc,CMR,Cameroon,WDI2017P,HISTORY,2.901e+10,2.791e+10,2.704e+10,2.49e+10,2.541e+10,2.646e+10,2.776e+10,2.923e+10,3.066e+10,3.191e+10,3.324e+10,3.474e+10,3.614e+10,3.759e+10,3.898e+10,3.988e+10,4.116e+10,4.25e+10,4.373e+10,4.458e+10,4.603e+10,4.794e+10,5.014e+10,5.293e+10,5.606e+10,5.93e+10
GDPPPP,2005GKD,n/a,Economy,ECO,misc,COD,Congo- democratic republic of the,WDI2017P,HISTORY,3.848e+10,3.524e+10,3.154e+10,2.729e+10,2.623e+10,2.641e+10,2.614e+10,2.467e+10,2.427e+10,2.324e+10,2.163e+10,2.118e+10,2.18e+10,2.302e+10,2.457e+10,2.607e+10,2.746e+10,2.918e+10,3.1e+10,3.188e+10,3.414e+10,3.648e+10,3.909e+10,4.242e+10,4.622e+10,4.942e+10
GDPPPP,2005GKD,n/a,Economy,ECO,misc,COG,Congo- republic of the,WDI2017P,HISTORY,1.089e+10,1.115e+10,1.144e+10,1.133e+10,1.071e+10,1.114e+10,1.161e+10,1.154e+10,1.197e+10,1.166e+10,1.255e+10,1.302e+10,1.362e+10,1.373e+10,1.421e+10,1.531e+10,1.627e+10,1.601e+10,1.69e+10,1.816e+10,1.975e+10,2.043e+10,2.12e+10,2.193e+10,2.342e+10,2.404e+10
GDPPPP,2005GKD,n/a,Economy,ECO,misc,COL,Colombia,WDI2017P,HISTORY,2.242e+11,2.293e+11,2.408e+11,2.465e+11,2.609e+11,2.745e+11,2.801e+11,2.897e+11,2.914e+11,2.791e+11,2.914e+11,2.963e+11,3.038e+11,3.157e+11,3.325e+11,3.481e+11,3.715e+11,3.971e+11,4.112e+11,4.18e+11,4.346e+11,4.632e+11,4.819e+11,5.054e+11,5.276e+11,5.438e+11
GDPPPP,2005GKD,n/a,Economy,ECO,misc,COM,Comoros,WDI2017P,HISTORY,5.717e+08,5.409e+08,5.87e+08,6.047e+08,5.728e+08,5.934e+08,5.858e+08,6.094e+08,6.172e+08,6.291e+08,6.973e+08,7.136e+08,7.302e+08,7.455e+08,7.599e+08,7.814e+08,8.021e+08,8.085e+08,8.118e+08,8.276e+08,8.458e+08,8.678e+08,8.938e+08,9.251e+08,9.442e+08,9.538e+08
GDPPPP,2005GKD,n/a,Economy,ECO,misc,CPV,Cape verde,WDI2017P,HISTORY,4.918e+08,4.987e+08,5.533e+08,6.014e+08,7.168e+08,8.187e+08,9.116e+08,1.013e+09,1.14e+09,1.268e+09,1.449e+09,1.481e+09,1.559e+09,1.624e+09,1.789e+09,1.913e+09,2.066e+09,2.379e+09,2.538e+09,2.505e+09,2.542e+09,2.643e+09,2.672e+09,2.693e+09,2.743e+09,2.783e+09
GDPPPP,2005GKD,n/a,Economy,ECO,misc,CRI,Costa rica,WDI2017P,HISTORY,2.093e+10,2.147e+10,2.344e+10,2.511e+10,2.623e+10,2.731e+10,2.765e+10,2.919e+10,3.122e+10,3.245e+10,3.367e+10,3.484e+10,3.599e+10,3.752e+10,3.915e+10,4.066e+10,4.36e+10,4.717e+10,4.936e+10,4.888e+10,5.13e+10,5.351e+10,5.608e+10,5.723e+10,5.893e+10,6.114e+10
GDPPPP,2005GKD,n/a,Economy,ECO,misc,CUB,Cuba,WDI2017P,HISTORY,1.258e+11,1.124e+11,9.935e+10,8.457e+10,8.517e+10,8.727e+10,9.411e+10,9.673e+10,9.688e+10,1.029e+11,1.09e+11,1.124e+11,1.14e+11,1.184e+11,1.252e+11,1.392e+11,1.56e+11,1.673e+11,1.742e+11,1.768e+11,1.81e+11,1.861e+11,1.917e+11,1.969e+11,1.99e+11,2.078e+11
GDPPPP,2005GKD,n/a,Economy,ECO,misc,CYM,Cayman islands,WDI2017P,HISTORY,NaN,NaN,NaN,NaN,NaN,NaN,NaN,NaN,NaN,NaN,NaN,NaN,NaN,NaN,NaN,NaN,NaN,NaN,NaN,NaN,NaN,2.451e+09,NaN,NaN,NaN,NaN
GDPPPP,2005GKD,n/a,Economy,ECO,misc,CYP,Cyprus,WDI2017P,HISTORY,1.173e+10,1.182e+10,1.293e+10,1.302e+10,1.379e+10,1.495e+10,1.515e+10,1.554e+10,1.636e+10,1.715e+10,1.813e+10,1.878e+10,1.942e+10,1.99e+10,2.081e+10,2.158e+10,2.256e+10,2.365e+10,2.456e+10,2.412e+10,2.444e+10,2.452e+10,2.375e+10,2.233e+10,2.199e+10,2.236e+10
GDPPPP,2005GKD,n/a,Economy,ECO,misc,CZE,Czech republic,WDI2017P,HISTORY,1.791e+11,1.583e+11,1.575e+11,1.576e+11,1.622e+11,1.723e+11,1.797e+11,1.785e+11,1.779e+11,1.804e+11,1.882e+11,1.939e+11,1.971e+11,2.042e+11,2.143e+11,2.281e+11,2.438e+11,2.573e+11,2.643e+11,2.515e+11,2.573e+11,2.624e+11,2.603e+11,2.591e+11,2.661e+11,2.782e+11
GDPPPP,2005GKD,n/a,Economy,ECO,misc,DEU,Germany,WDI2017P,HISTORY,2.158e+12,2.268e+12,2.312e+12,2.289e+12,2.346e+12,2.386e+12,2.406e+12,2.45e+12,2.499e+12,2.549e+12,2.624e+12,2.669e+12,2.669e+12,2.65e+12,2.681e+12,2.7e+12,2.799e+12,2.891e+12,2.922e+12,2.758e+12,2.87e+12,2.975e+12,2.99e+12,3.005e+12,3.053e+12,3.105e+12
GDPPPP,2005GKD,n/a,Economy,ECO,misc,DJI,Djibouti,WDI2017P,HISTORY,1.59e+09,1.522e+09,1.522e+09,1.421e+09,1.408e+09,1.358e+09,1.303e+09,1.293e+09,1.294e+09,1.322e+09,1.328e+09,1.355e+09,1.39e+09,1.435e+09,1.49e+09,1.537e+09,1.611e+09,1.693e+09,1.791e+09,1.881e+09,1.947e+09,2.034e+09,2.132e+09,2.239e+09,2.373e+09,2.528e+09
GDPPPP,2005GKD,n/a,Economy,ECO,misc,DMA,Dominica,WDI2017P,HISTORY,4.144e+08,4.169e+08,4.254e+08,4.326e+08,4.388e+08,4.475e+08,4.593e+08,4.661e+08,4.893e+08,4.927e+08,4.945e+08,4.969e+08,4.881e+08,5.257e+08,5.428e+08,5.423e+08,5.582e+08,5.934e+08,6.357e+08,6.283e+08,6.325e+08,6.31e+08,6.243e+08,6.291e+08,6.554e+08,6.439e+08
GDPPPP,2005GKD,n/a,Economy,ECO,misc,DNK,Denmark,WDI2017P,HISTORY,1.508e+11,1.529e+11,1.559e+11,1.559e+11,1.642e+11,1.692e+11,1.741e+11,1.798e+11,1.838e+11,1.892e+11,1.963e+11,1.979e+11,1.988e+11,1.996e+11,2.049e+11,2.097e+11,2.179e+11,2.199e+11,2.188e+11,2.08e+11,2.119e+11,2.148e+11,2.152e+11,2.172e+11,2.209e+11,2.244e+11
GDPPPP,2005GKD,n/a,Economy,ECO,misc,DOM,Dominican republic,WDI2017P,HISTORY,3.285e+10,3.316e+10,3.665e+10,3.929e+10,4.02e+10,4.241e+10,4.543e+10,4.907e+10,5.251e+10,5.603e+10,5.92e+10,6.027e+10,6.376e+10,6.36e+10,6.444e+10,7.04e+10,7.792e+10,8.47e+10,8.742e+10,8.825e+10,9.559e+10,9.855e+10,1.013e+11,1.061e+11,1.142e+11,1.222e+11
GDPPPP,2005GKD,n/a,Economy,ECO,misc,DZA,Algeria,WDI2017P,HISTORY,2.303e+11,2.275e+11,2.316e+11,2.268e+11,2.247e+11,2.333e+11,2.428e+11,2.455e+11,2.58e+11,2.663e+11,2.764e+11,2.848e+11,3.007e+11,3.224e+11,3.363e+11,3.561e+11,3.621e+11,3.743e+11,3.832e+11,3.894e+11,4.036e+11,4.152e+11,4.293e+11,4.411e+11,4.579e+11,4.751e+11
GDPPPP,2005GKD,n/a,Economy,ECO,misc,EARTH,Earth                       (whole table),WDI2017P,HISTORY,4.087e+13,4.138e+13,4.21e+13,4.291e+13,4.418e+13,4.565e+13,4.741e+13,4.929e+13,5.05e+13,5.231e+13,5.479e+13,5.612e+13,5.767e+13,5.981e+13,6.305e+13,6.606e+13,6.963e+13,7.343e+13,7.555e+13,7.532e+13,7.929e+13,8.246e+13,8.51e+13,8.791e+13,9.091e+13,9.389e+13
GDPPPP,2005GKD,n/a,Economy,ECO,misc,ECU,Ecuador,WDI2017P,HISTORY,6.629e+10,6.913e+10,7.059e+10,7.199e+10,7.505e+10,7.674e+10,7.807e+10,8.145e+10,8.411e+10,8.012e+10,8.1e+10,8.425e+10,8.77e+10,9.009e+10,9.749e+10,1.026e+11,1.072e+11,1.095e+11,1.165e+11,1.171e+11,1.213e+11,1.308e+11,1.382e+11,1.45e+11,1.508e+11,1.51e+11
GDPPPP,2005GKD,n/a,Economy,ECO,misc,EGY,Egypt,WDI2017P,HISTORY,2.945e+11,2.977e+11,3.109e+11,3.199e+11,3.326e+11,3.48e+11,3.654e+11,3.854e+11,4.01e+11,4.255e+11,4.483e+11,4.642e+11,4.752e+11,4.904e+11,5.104e+11,5.332e+11,5.697e+11,6.101e+11,6.537e+11,6.844e+11,7.196e+11,7.326e+11,7.487e+11,7.645e+11,7.815e+11,8.143e+11
GDPPPP,2005GKD,n/a,Economy,ECO,misc,ERI,Eritrea,WDI2017P,HISTORY,NaN,NaN,3.008e+09,3.413e+09,4.137e+09,4.255e+09,4.649e+09,5.017e+09,5.106e+09,5.107e+09,4.946e+09,5.379e+09,5.541e+09,5.394e+09,5.472e+09,5.613e+09,5.558e+09,5.638e+09,5.086e+09,5.283e+09,5.399e+09,5.868e+09,NaN,NaN,NaN,NaN
GDPPPP,2005GKD,n/a,Economy,ECO,misc,ESP,Spain,WDI2017P,HISTORY,8.017e+11,8.221e+11,8.298e+11,8.212e+11,8.408e+11,8.64e+11,8.871e+11,9.198e+11,9.594e+11,1.002e+12,1.055e+12,1.098e+12,1.129e+12,1.165e+12,1.202e+12,1.247e+12,1.299e+12,1.348e+12,1.363e+12,1.314e+12,1.314e+12,1.301e+12,1.263e+12,1.242e+12,1.259e+12,1.299e+12
GDPPPP,2005GKD,n/a,Economy,ECO,misc,EST,Estonia,WDI2017P,HISTORY,NaN,NaN,NaN,NaN,NaN,1.417e+10,1.493e+10,1.669e+10,1.737e+10,1.723e+10,1.905e+10,2.025e+10,2.148e+10,2.307e+10,2.453e+10,2.683e+10,2.958e+10,3.187e+10,3.015e+10,2.571e+10,2.629e+10,2.829e+10,2.95e+10,2.992e+10,3.077e+10,3.121e+10
GDPPPP,2005GKD,n/a,Economy,ECO,misc,ETH,Ethiopia,WDI2017P,HISTORY,2.722e+10,2.528e+10,2.308e+10,2.612e+10,2.695e+10,2.86e+10,3.216e+10,3.316e+10,3.202e+10,3.367e+10,3.571e+10,3.868e+10,3.926e+10,3.842e+10,4.363e+10,4.879e+10,5.407e+10,6.027e+10,6.677e+10,7.265e+10,8.176e+10,9.09e+10,9.877e+10,1.092e+11,1.204e+11,1.32e+11
GDPPPP,2005GKD,n/a,Economy,ECO,misc,FIN,Finland,WDI2017P,HISTORY,1.251e+11,1.177e+11,1.138e+11,1.13e+11,1.174e+11,1.224e+11,1.269e+11,1.348e+11,1.421e+11,1.484e+11,1.568e+11,1.608e+11,1.635e+11,1.668e+11,1.733e+11,1.782e+11,1.854e+11,1.95e+11,1.964e+11,1.802e+11,1.856e+11,1.903e+11,1.876e+11,1.862e+11,1.85e+11,1.855e+11
GDPPPP,2005GKD,n/a,Economy,ECO,misc,FJI,Fiji- the republic of,WDI2017P,HISTORY,3.727e+09,3.626e+09,3.847e+09,3.929e+09,4.13e+09,4.233e+09,4.436e+09,4.339e+09,4.395e+09,4.782e+09,4.7e+09,4.794e+09,4.948e+09,4.997e+09,5.262e+09,5.299e+09,5.397e+09,5.351e+09,5.407e+09,5.332e+09,5.489e+09,5.638e+09,5.744e+09,6.093e+09,6.425e+09,6.782e+09
GDPPPP,2005GKD,n/a,Economy,ECO,misc,FRA,France,WDI2017P,HISTORY,1.5e+12,1.516e+12,1.54e+12,1.53e+12,1.566e+12,1.599e+12,1.621e+12,1.659e+12,1.718e+12,1.777e+12,1.845e+12,1.882e+12,1.903e+12,1.918e+12,1.972e+12,2.003e+12,2.051e+12,2.099e+12,2.103e+12,2.042e+12,2.082e+12,2.125e+12,2.129e+12,2.141e+12,2.155e+12,2.182e+12
GDPPPP,2005GKD,n/a,Economy,ECO,misc,FSM,Micronesia- federated states of,WDI2017P,HISTORY,2.311e+08,2.482e+08,2.582e+08,2.792e+08,2.777e+08,2.974e+08,2.881e+08,2.707e+08,2.787e+08,2.825e+08,2.954e+08,3.006e+08,3.024e+08,3.079e+08,2.98e+08,3.044e+08,3.039e+08,2.976e+08,2.9e+08,2.928e+08,3.002e+08,3.064e+08,3.081e+08,2.971e+08,2.87e+08,2.978e+08
GDPPPP,2005GKD,n/a,Economy,ECO,misc,GAB,Gabon,WDI2017P,HISTORY,1.612e+10,1.711e+10,1.658e+10,1.723e+10,1.787e+10,1.876e+10,1.944e+10,2.056e+10,2.127e+10,1.937e+10,1.901e+10,1.941e+10,1.936e+10,1.98e+10,1.994e+10,2.071e+10,1.996e+10,2.109e+10,2.039e+10,2.042e+10,2.187e+10,2.342e+10,2.465e+10,2.604e+10,2.716e+10,2.825e+10
GDPPPP,2005GKD,n/a,Economy,ECO,misc,GBR,United kingdom of great britain and northern ireland,WDI2017P,HISTORY,1.33e+12,1.316e+12,1.32e+12,1.353e+12,1.406e+12,1.441e+12,1.478e+12,1.524e+12,1.573e+12,1.624e+12,1.685e+12,1.731e+12,1.773e+12,1.834e+12,1.881e+12,1.936e+12,1.985e+12,2.036e+12,2.023e+12,1.935e+12,1.972e+12,2.002e+12,2.028e+12,2.067e+12,2.131e+12,2.177e+12
GDPPPP,2005GKD,n/a,Economy,ECO,misc,GEO,Georgia,WDI2017P,HISTORY,3.342e+10,2.637e+10,1.453e+10,1.027e+10,9.204e+09,9.444e+09,1.05e+10,1.161e+10,1.197e+10,1.231e+10,1.254e+10,1.314e+10,1.386e+10,1.539e+10,1.629e+10,1.786e+10,1.953e+10,2.194e+10,2.245e+10,2.16e+10,2.295e+10,2.461e+10,2.617e+10,2.706e+10,2.831e+10,2.91e+10
GDPPPP,2005GKD,n/a,Economy,ECO,misc,GHA,Ghana,WDI2017P,HISTORY,2.438e+10,2.567e+10,2.666e+10,2.796e+10,2.888e+10,3.007e+10,3.145e+10,3.277e+10,3.431e+10,3.582e+10,3.714e+10,3.863e+10,4.037e+10,4.247e+10,4.485e+10,4.749e+10,5.053e+10,5.273e+10,5.755e+10,6.034e+10,6.511e+10,7.425e+10,8.115e+10,8.709e+10,9.056e+10,9.411e+10
GDPPPP,2005GKD,n/a,Economy,ECO,misc,GIN,Guinea,WDI2017P,HISTORY,5.895e+09,6.049e+09,6.247e+09,6.562e+09,6.822e+09,7.137e+09,7.455e+09,7.841e+09,8.127e+09,8.437e+09,8.648e+09,8.964e+09,9.427e+09,9.545e+09,9.769e+09,1.006e+10,1.031e+10,1.049e+10,1.101e+10,1.098e+10,1.119e+10,1.163e+10,1.209e+10,1.237e+10,1.242e+10,1.243e+10
GDPPPP,2005GKD,n/a,Economy,ECO,misc,GMB,Gambia,WDI2017P,HISTORY,1.207e+09,1.245e+09,1.287e+09,1.326e+09,1.328e+09,1.34e+09,1.369e+09,1.436e+09,1.487e+09,1.582e+09,1.669e+09,1.766e+09,1.708e+09,1.826e+09,1.954e+09,1.936e+09,1.958e+09,2.029e+09,2.145e+09,2.283e+09,2.432e+09,2.327e+09,2.464e+09,2.581e+09,2.604e+09,2.727e+09
GDPPPP,2005GKD,n/a,Economy,ECO,misc,GNB,Guinea-bissau,WDI2017P,HISTORY,1.38e+09,1.451e+09,1.466e+09,1.497e+09,1.545e+09,1.613e+09,1.8e+09,1.917e+09,1.379e+09,1.393e+09,1.468e+09,1.5e+09,1.486e+09,1.494e+09,1.535e+09,1.601e+09,1.638e+09,1.69e+09,1.744e+09,1.802e+09,1.882e+09,2.058e+09,2.021e+09,2.037e+09,2.089e+09,2.189e+09
GDPPPP,2005GKD,n/a,Economy,ECO,misc,GNQ,Equatorial guinea,WDI2017P,HISTORY,3.704e+08,3.666e+08,4.94e+08,5.485e+08,6.399e+08,7.518e+08,1.252e+09,3.131e+09,3.875e+09,4.869e+09,5.756e+09,9.405e+09,1.124e+10,1.28e+10,1.767e+10,2.063e+10,2.222e+10,2.561e+10,3.017e+10,3.058e+10,2.785e+10,2.966e+10,3.213e+10,3.08e+10,3.059e+10,2.806e+10
GDPPPP,2005GKD,n/a,Economy,ECO,misc,GRC,Greece,WDI2017P,HISTORY,1.831e+11,1.888e+11,1.901e+11,1.871e+11,1.908e+11,1.948e+11,2.004e+11,2.094e+11,2.176e+11,2.242e+11,2.33e+11,2.427e+11,2.522e+11,2.668e+11,2.803e+11,2.82e+11,2.979e+11,3.077e+11,3.066e+11,2.934e+11,2.774e+11,2.52e+11,2.336e+11,2.261e+11,2.269e+11,2.264e+11
GDPPPP,2005GKD,n/a,Economy,ECO,misc,GRD,Grenada,WDI2017P,HISTORY,6.26e+08,6.404e+08,6.385e+08,6.217e+08,6.388e+08,6.548e+08,6.813e+08,7.127e+08,7.594e+08,8.359e+08,8.515e+08,8.343e+08,8.629e+08,9.446e+08,9.385e+08,1.063e+09,1.02e+09,1.083e+09,1.093e+09,1.021e+09,1.016e+09,1.024e+09,1.012e+09,1.036e+09,1.112e+09,1.181e+09
GDPPPP,2005GKD,n/a,Economy,ECO,misc,GTM,Guatemala,WDI2017P,HISTORY,4.102e+10,4.253e+10,4.458e+10,4.633e+10,4.82e+10,5.059e+10,5.208e+10,5.436e+10,5.707e+10,5.927e+10,6.141e+10,6.284e+10,6.527e+10,6.692e+10,6.903e+10,7.128e+10,7.511e+10,7.985e+10,8.247e+10,8.29e+10,8.528e+10,8.883e+10,9.147e+10,9.485e+10,9.881e+10,1.029e+11
GDPPPP,2005GKD,n/a,Economy,ECO,misc,GUY,Guyana,WDI2017P,HISTORY,1.831e+09,1.941e+09,2.093e+09,2.265e+09,2.458e+09,2.58e+09,2.783e+09,2.957e+09,2.906e+09,2.993e+09,2.951e+09,3.018e+09,3.049e+09,3.019e+09,3.118e+09,3.057e+09,3.214e+09,3.44e+09,3.508e+09,3.624e+09,3.783e+09,3.988e+09,4.18e+09,4.399e+09,4.568e+09,4.705e+09
GDPPPP,2005GKD,n/a,Economy,ECO,misc,HKG,Hong kong,WDI2017P,HISTORY,1.336e+11,1.412e+11,1.5e+11,1.593e+11,1.689e+11,1.729e+11,1.803e+11,1.895e+11,1.784e+11,1.828e+11,1.968e+11,1.979e+11,2.012e+11,2.074e+11,2.254e+11,2.421e+11,2.591e+11,2.758e+11,2.817e+11,2.748e+11,2.934e+11,3.075e+11,3.127e+11,3.224e+11,3.31e+11,3.391e+11
GDPPPP,2005GKD,n/a,Economy,ECO,misc,HND,Honduras,WDI2017P,HISTORY,1.365e+10,1.409e+10,1.488e+10,1.581e+10,1.56e+10,1.624e+10,1.682e+10,1.766e+10,1.817e+10,1.783e+10,1.885e+10,1.937e+10,2.009e+10,2.101e+10,2.232e+10,2.367e+10,2.522e+10,2.678e+10,2.792e+10,2.724e+10,2.825e+10,2.934e+10,3.055e+10,3.14e+10,3.237e+10,3.355e+10
GDPPPP,2005GKD,n/a,Economy,ECO,misc,HRV,Croatia,WDI2017P,HISTORY,NaN,NaN,NaN,NaN,NaN,5.118e+10,5.418e+10,5.778e+10,5.886e+10,5.831e+10,6.05e+10,6.258e+10,6.586e+10,6.953e+10,7.236e+10,7.538e+10,7.898e+10,8.305e+10,8.476e+10,7.85e+10,7.716e+10,7.695e+10,7.526e+10,7.446e+10,7.419e+10,7.541e+10
GDPPPP,2005GKD,n/a,Economy,ECO,misc,HTI,Haiti,WDI2017P,HISTORY,NaN,NaN,NaN,NaN,NaN,NaN,1.187e+10,1.22e+10,1.246e+10,1.28e+10,1.291e+10,1.278e+10,1.274e+10,1.279e+10,1.234e+10,1.256e+10,1.284e+10,1.327e+10,1.339e+10,1.38e+10,1.304e+10,1.376e+10,1.416e+10,1.476e+10,1.517e+10,1.535e+10
GDPPPP,2005GKD,n/a,Economy,ECO,misc,HUN,Hungary,WDI2017P,HISTORY,NaN,1.358e+11,1.316e+11,1.308e+11,1.347e+11,1.367e+11,1.367e+11,1.412e+11,1.472e+11,1.519e+11,1.583e+11,1.643e+11,1.717e+11,1.782e+11,1.871e+11,1.954e+11,2.029e+11,2.038e+11,2.056e+11,1.921e+11,1.934e+11,1.968e+11,1.936e+11,1.977e+11,2.057e+11,2.122e+11
GDPPPP,2005GKD,n/a,Economy,ECO,misc,IDN,Indonesia,WDI2017P,HISTORY,7.286e+11,7.79e+11,8.296e+11,8.835e+11,9.501e+11,1.028e+12,1.109e+12,1.161e+12,1.008e+12,1.016e+12,1.066e+12,1.105e+12,1.155e+12,1.21e+12,1.271e+12,1.343e+12,1.417e+12,1.507e+12,1.598e+12,1.672e+12,1.776e+12,1.885e+12,1.999e+12,2.11e+12,2.216e+12,2.322e+12
GDPPPP,2005GKD,n/a,Economy,ECO,misc,IND,India,WDI2017P,HISTORY,1.34e+12,1.354e+12,1.429e+12,1.497e+12,1.596e+12,1.717e+12,1.847e+12,1.921e+12,2.04e+12,2.221e+12,2.306e+12,2.417e+12,2.509e+12,2.707e+12,2.921e+12,3.192e+12,3.488e+12,3.788e+12,3.936e+12,4.269e+12,4.707e+12,5.02e+12,5.295e+12,5.641e+12,6.046e+12,6.526e+12
GDPPPP,2005GKD,n/a,Economy,ECO,misc,IRL,Ireland,WDI2017P,HISTORY,6.748e+10,6.878e+10,7.108e+10,7.299e+10,7.719e+10,8.463e+10,9.232e+10,1.022e+11,1.107e+11,1.227e+11,1.348e+11,1.43e+11,1.51e+11,1.565e+11,1.67e+11,1.767e+11,1.87e+11,1.941e+11,1.857e+11,1.772e+11,1.808e+11,1.807e+11,1.787e+11,1.807e+11,1.96e+11,2.475e+11
GDPPPP,2005GKD,n/a,Economy,ECO,misc,IRN,Iran- islamic republic of,WDI2017P,HISTORY,4.961e+11,5.592e+11,5.777e+11,5.692e+11,5.595e+11,5.729e+11,6.093e+11,6.175e+11,6.304e+11,6.43e+11,6.806e+11,6.969e+11,7.532e+11,8.183e+11,8.537e+11,8.897e+11,9.404e+11,1.026e+12,1.036e+12,1.06e+12,1.129e+12,1.172e+12,1.094e+12,1.073e+12,1.12e+12,NaN
GDPPPP,2005GKD,n/a,Economy,ECO,misc,IRQ,Iraq,WDI2017P,HISTORY,1.747e+11,6.283e+10,8.33e+10,1.085e+11,1.127e+11,1.151e+11,1.278e+11,1.549e+11,2.089e+11,2.457e+11,2.491e+11,2.549e+11,2.373e+11,1.587e+11,2.447e+11,2.555e+11,2.814e+11,2.853e+11,3.088e+11,3.192e+11,3.397e+11,3.653e+11,4.162e+11,4.436e+11,4.438e+11,4.572e+11
GDPPPP,2005GKD,n/a,Economy,ECO,misc,ISL,Iceland,WDI2017P,HISTORY,6.442e+09,6.427e+09,6.21e+09,6.292e+09,6.519e+09,6.527e+09,6.839e+09,7.175e+09,7.646e+09,7.952e+09,8.325e+09,8.644e+09,8.671e+09,8.882e+09,9.602e+09,1.025e+10,1.076e+10,1.176e+10,1.194e+10,1.111e+10,1.072e+10,1.093e+10,1.106e+10,1.155e+10,1.177e+10,1.227e+10
GDPPPP,2005GKD,n/a,Economy,ECO,misc,ISR,Israel,WDI2017P,HISTORY,7.995e+10,8.61e+10,9.095e+10,9.6e+10,1.027e+11,1.094e+11,1.162e+11,1.209e+11,1.261e+11,1.308e+11,1.425e+11,1.428e+11,1.427e+11,1.444e+11,1.518e+11,1.584e+11,1.676e+11,1.779e+11,1.833e+11,1.857e+11,1.959e+11,2.058e+11,2.107e+11,2.2e+11,2.269e+11,2.326e+11
GDPPPP,2005GKD,n/a,Economy,ECO,misc,ITA,Italy,WDI2017P,HISTORY,1.534e+12,1.557e+12,1.57e+12,1.557e+12,1.59e+12,1.636e+12,1.657e+12,1.688e+12,1.715e+12,1.742e+12,1.806e+12,1.838e+12,1.843e+12,1.846e+12,1.875e+12,1.893e+12,1.931e+12,1.959e+12,1.938e+12,1.832e+12,1.863e+12,1.874e+12,1.821e+12,1.79e+12,1.791e+12,1.804e+12
GDPPPP,2005GKD,n/a,Economy,ECO,misc,JAM,Jamaica,WDI2017P,HISTORY,1.534e+10,1.608e+10,1.639e+10,1.794e+10,1.818e+10,1.861e+10,1.859e+10,1.838e+10,1.795e+10,1.814e+10,1.83e+10,1.854e+10,1.891e+10,1.961e+10,1.987e+10,2.004e+10,2.062e+10,2.092e+10,2.075e+10,1.985e+10,1.956e+10,1.99e+10,1.977e+10,1.987e+10,2.001e+10,2.021e+10
GDPPPP,2005GKD,n/a,Economy,ECO,misc,JOR,Jordan,WDI2017P,HISTORY,1.942e+10,1.978e+10,2.347e+10,2.456e+10,2.578e+10,2.738e+10,2.795e+10,2.887e+10,2.973e+10,3.074e+10,3.205e+10,3.374e+10,3.569e+10,3.718e+10,4.036e+10,4.365e+10,4.719e+10,5.105e+10,5.474e+10,5.774e+10,5.908e+10,6.06e+10,6.22e+10,6.396e+10,6.594e+10,6.752e+10
GDPPPP,2005GKD,n/a,Economy,ECO,misc,JPN,Japan,WDI2017P,HISTORY,3.266e+12,3.374e+12,3.402e+12,3.408e+12,3.437e+12,3.531e+12,3.641e+12,3.68e+12,3.638e+12,3.629e+12,3.73e+12,3.745e+12,3.75e+12,3.807e+12,3.891e+12,3.956e+12,4.012e+12,4.078e+12,4.034e+12,3.815e+12,3.975e+12,3.97e+12,4.03e+12,4.11e+12,4.124e+12,4.174e+12
GDPPPP,2005GKD,n/a,Economy,ECO,misc,KAZ,Kazakhstan,WDI2017P,HISTORY,1.852e+11,1.649e+11,1.561e+11,1.418e+11,1.239e+11,1.137e+11,1.143e+11,1.162e+11,1.14e+11,1.171e+11,1.286e+11,1.46e+11,1.603e+11,1.752e+11,1.92e+11,2.106e+11,2.331e+11,2.539e+11,2.623e+11,2.654e+11,2.848e+11,3.059e+11,3.205e+11,3.398e+11,3.54e+11,3.583e+11
GDPPPP,2005GKD,n/a,Economy,ECO,misc,KEN,Kenya,WDI2017P,HISTORY,4.837e+10,4.906e+10,4.867e+10,4.884e+10,5.013e+10,5.234e+10,5.451e+10,5.476e+10,5.657e+10,5.787e+10,5.822e+10,6.042e+10,6.075e+10,6.253e+10,6.572e+10,6.96e+10,7.411e+10,7.919e+10,7.937e+10,8.199e+10,8.888e+10,9.432e+10,9.861e+10,1.042e+11,1.098e+11,1.16e+11
GDPPPP,2005GKD,n/a,Economy,ECO,misc,KGZ,Kyrgyzstan,WDI2017P,HISTORY,1.325e+10,1.221e+10,1.051e+10,8.887e+09,7.102e+09,6.716e+09,7.192e+09,7.905e+09,8.073e+09,8.368e+09,8.822e+09,9.292e+09,9.29e+09,9.943e+09,1.064e+10,1.062e+10,1.095e+10,1.189e+10,1.289e+10,1.326e+10,1.32e+10,1.398e+10,1.397e+10,1.55e+10,1.612e+10,1.668e+10
GDPPPP,2005GKD,n/a,Economy,ECO,misc,KHM,Cambodia,WDI2017P,HISTORY,NaN,NaN,NaN,8.785e+09,9.584e+09,1.02e+10,1.075e+10,1.136e+10,1.193e+10,1.335e+10,1.452e+10,1.568e+10,1.673e+10,1.816e+10,2.003e+10,2.269e+10,2.513e+10,2.77e+10,2.955e+10,2.958e+10,3.134e+10,3.356e+10,3.599e+10,3.869e+10,4.142e+10,4.434e+10
GDPPPP,2005GKD,n/a,Economy,ECO,misc,KIR,Kiribati,WDI2017P,HISTORY,1.233e+08,1.233e+08,1.244e+08,1.255e+08,1.276e+08,1.276e+08,1.298e+08,1.319e+08,1.406e+08,1.384e+08,1.471e+08,1.449e+08,1.504e+08,1.534e+08,1.509e+08,1.584e+08,1.559e+08,1.593e+08,1.564e+08,1.568e+08,1.543e+08,1.551e+08,1.631e+08,1.725e+08,1.767e+08,1.829e+08
GDPPPP,2005GKD,n/a,Economy,ECO,misc,KNA,Saint kitts and nevis,WDI2017P,HISTORY,5.079e+08,4.97e+08,5.182e+08,5.545e+08,5.84e+08,6.176e+08,6.54e+08,6.991e+08,6.944e+08,7.179e+08,7.54e+08,7.915e+08,8.06e+08,7.855e+08,8.217e+08,8.977e+08,9.506e+08,9.491e+08,1.009e+09,9.784e+08,9.564e+08,9.793e+08,9.734e+08,1.034e+09,1.096e+09,1.137e+09
GDPPPP,2005GKD,n/a,Economy,ECO,misc,KOR,Korea- republic of,WDI2017P,HISTORY,4.499e+11,4.936e+11,5.22e+11,5.55e+11,6.037e+11,6.577e+11,7.049e+11,7.456e+11,7.03e+11,7.784e+11,8.471e+11,8.855e+11,9.513e+11,9.792e+11,1.027e+12,1.067e+12,1.123e+12,1.184e+12,1.218e+12,1.226e+12,1.306e+12,1.354e+12,1.385e+12,1.425e+12,1.473e+12,1.511e+12
GDPPPP,2005GKD,n/a,Economy,ECO,misc,KWT,Kuwait,WDI2017P,HISTORY,NaN,NaN,7.436e+10,9.964e+10,1.08e+11,1.133e+11,1.14e+11,1.168e+11,1.211e+11,1.189e+11,1.245e+11,1.254e+11,1.292e+11,1.515e+11,1.678e+11,1.847e+11,1.986e+11,2.105e+11,2.158e+11,2.005e+11,1.958e+11,2.146e+11,2.288e+11,2.314e+11,2.326e+11,2.369e+11
GDPPPP,2005GKD,n/a,Economy,ECO,misc,LAO,Lao people's democratic republic,WDI2017P,HISTORY,5.963e+09,6.219e+09,6.565e+09,6.953e+09,7.52e+09,8.049e+09,8.607e+09,9.198e+09,9.563e+09,1.026e+10,1.086e+10,1.148e+10,1.216e+10,1.29e+10,1.372e+10,1.469e+10,1.596e+10,1.717e+10,1.852e+10,1.991e+10,2.16e+10,2.334e+10,2.521e+10,2.735e+10,2.941e+10,3.157e+10
GDPPPP,2005GKD,n/a,Economy,ECO,misc,LBN,Lebanon,WDI2017P,HISTORY,1.845e+10,2.549e+10,2.664e+10,2.85e+10,3.078e+10,3.28e+10,3.448e+10,3.369e+10,3.49e+10,3.474e+10,3.521e+10,3.658e+10,3.782e+10,3.904e+10,4.135e+10,4.248e+10,4.314e+10,4.718e+10,5.148e+10,5.679e+10,6.131e+10,6.252e+10,6.39e+10,6.447e+10,6.563e+10,6.649e+10
GDPPPP,2005GKD,n/a,Economy,ECO,misc,LBR,Liberia,WDI2017P,HISTORY,1.594e+09,1.367e+09,8.873e+08,5.947e+08,4.653e+08,4.454e+08,4.994e+08,1.03e+09,1.341e+09,1.633e+09,2.1e+09,2.162e+09,2.243e+09,1.567e+09,1.608e+09,1.693e+09,1.829e+09,2.003e+09,2.147e+09,2.26e+09,2.398e+09,2.595e+09,2.802e+09,3.046e+09,3.068e+09,3.068e+09
GDPPPP,2005GKD,n/a,Economy,ECO,misc,LBY,Libya,WDI2017P,HISTORY,NaN,NaN,NaN,NaN,NaN,NaN,NaN,NaN,NaN,9.831e+10,1.019e+11,1.001e+11,9.917e+10,1.121e+11,1.171e+11,1.31e+11,1.395e+11,1.484e+11,1.523e+11,1.511e+11,1.587e+11,6.019e+10,NaN,NaN,NaN,NaN
GDPPPP,2005GKD,n/a,Economy,ECO,misc,LCA,Saint lucia,WDI2017P,HISTORY,9.524e+08,9.779e+08,1.047e+09,1.073e+09,1.089e+09,1.124e+09,1.185e+09,1.19e+09,1.266e+09,1.296e+09,1.353e+09,1.309e+09,1.31e+09,1.373e+09,1.485e+09,1.474e+09,1.595e+09,1.592e+09,1.658e+09,1.653e+09,1.624e+09,1.628e+09,1.605e+09,1.606e+09,1.613e+09,1.651e+09
GDPPPP,2005GKD,n/a,Economy,ECO,misc,LKA,Sri lanka,WDI2017P,HISTORY,5.435e+10,5.685e+10,5.935e+10,6.345e+10,6.7e+10,7.068e+10,7.337e+10,7.807e+10,8.174e+10,8.525e+10,9.037e+10,8.897e+10,9.25e+10,9.799e+10,1.033e+11,1.098e+11,1.182e+11,1.262e+11,1.337e+11,1.385e+11,1.496e+11,1.621e+11,1.77e+11,1.83e+11,1.919e+11,2.011e+11
GDPPPP,2005GKD,n/a,Economy,ECO,misc,LSO,Lesotho,WDI2017P,HISTORY,1.893e+09,2.04e+09,2.183e+09,2.257e+09,2.386e+09,2.475e+09,2.601e+09,2.701e+09,2.744e+09,2.76e+09,2.869e+09,2.982e+09,3.027e+09,3.181e+09,3.238e+09,3.334e+09,3.479e+09,3.624e+09,3.868e+09,3.952e+09,4.199e+09,4.493e+09,4.738e+09,4.834e+09,5.053e+09,5.135e+09
GDPPPP,2005GKD,n/a,Economy,ECO,misc,LTU,Lithuania,WDI2017P,HISTORY,NaN,NaN,NaN,NaN,NaN,2.948e+10,3.1e+10,3.357e+10,3.608e+10,3.567e+10,3.703e+10,3.945e+10,4.212e+10,4.656e+10,4.961e+10,5.344e+10,5.74e+10,6.376e+10,6.544e+10,5.574e+10,5.666e+10,6.008e+10,6.239e+10,6.458e+10,6.683e+10,6.802e+10
GDPPPP,2005GKD,n/a,Economy,ECO,misc,LUX,Luxembourg,WDI2017P,HISTORY,1.816e+10,1.973e+10,2.009e+10,2.094e+10,2.174e+10,2.205e+10,2.247e+10,2.373e+10,2.53e+10,2.749e+10,3.009e+10,3.147e+10,3.261e+10,3.307e+10,3.453e+10,3.564e+10,3.746e+10,4.061e+10,4.026e+10,3.81e+10,4.03e+10,4.111e+10,4.111e+10,4.284e+10,4.485e+10,4.644e+10
GDPPPP,2005GKD,n/a,Economy,ECO,misc,LVA,Latvia,WDI2017P,HISTORY,NaN,NaN,NaN,NaN,NaN,1.785e+10,1.827e+10,1.991e+10,2.12e+10,2.176e+10,2.294e+10,2.442e+10,2.615e+10,2.836e+10,3.072e+10,3.401e+10,3.805e+10,4.184e+10,4.033e+10,3.455e+10,3.324e+10,3.53e+10,3.671e+10,3.778e+10,3.857e+10,3.963e+10
GDPPPP,2005GKD,n/a,Economy,ECO,misc,MAC,Macao,WDI2017P,HISTORY,1.074e+10,1.114e+10,1.262e+10,1.328e+10,1.385e+10,1.43e+10,1.425e+10,1.42e+10,1.355e+10,1.323e+10,1.398e+10,1.614e+10,1.759e+10,1.964e+10,2.489e+10,2.69e+10,3.048e+10,3.488e+10,3.606e+10,3.654e+10,4.577e+10,5.569e+10,6.083e+10,6.765e+10,6.707e+10,5.342e+10
GDPPPP,2005GKD,n/a,Economy,ECO,misc,MAR,Morocco,WDI2017P,HISTORY,8.524e+10,9.139e+10,8.947e+10,8.881e+10,9.821e+10,9.29e+10,1.044e+11,1.028e+11,1.102e+11,1.114e+11,1.135e+11,1.218e+11,1.256e+11,1.331e+11,1.395e+11,1.441e+11,1.55e+11,1.605e+11,1.7e+11,1.772e+11,1.84e+11,1.936e+11,1.995e+11,2.085e+11,2.138e+11,2.235e+11
GDPPPP,2005GKD,n/a,Economy,ECO,misc,MDA,Moldova- republic of,WDI2017P,HISTORY,NaN,NaN,NaN,NaN,NaN,8.313e+09,7.825e+09,7.953e+09,7.433e+09,7.183e+09,7.334e+09,7.782e+09,8.389e+09,8.942e+09,9.604e+09,1.032e+10,1.082e+10,1.114e+10,1.201e+10,1.129e+10,1.209e+10,1.292e+10,1.283e+10,1.403e+10,1.471e+10,1.463e+10
GDPPPP,2005GKD,n/a,Economy,ECO,misc,MDG,Madagascar,WDI2017P,HISTORY,1.665e+10,1.56e+10,1.578e+10,1.611e+10,1.61e+10,1.638e+10,1.673e+10,1.735e+10,1.803e+10,1.887e+10,1.977e+10,2.096e+10,1.83e+10,2.009e+10,2.115e+10,2.212e+10,2.323e+10,2.468e+10,2.644e+10,2.538e+10,2.545e+10,2.582e+10,2.66e+10,2.72e+10,2.81e+10,2.896e+10
GDPPPP,2005GKD,n/a,Economy,ECO,misc,MDV,Maldives,WDI2017P,HISTORY,NaN,NaN,NaN,NaN,NaN,NaN,NaN,NaN,NaN,NaN,NaN,1.768e+09,1.863e+09,2.134e+09,2.415e+09,2.219e+09,2.66e+09,2.931e+09,3.302e+09,3.126e+09,3.35e+09,3.642e+09,3.733e+09,3.908e+09,4.143e+09,4.261e+09
GDPPPP,2005GKD,n/a,Economy,ECO,misc,MEX,Mexico,WDI2017P,HISTORY,9.326e+11,9.72e+11,1.007e+12,1.048e+12,1.098e+12,1.034e+12,1.095e+12,1.172e+12,1.227e+12,1.259e+12,1.326e+12,1.318e+12,1.32e+12,1.339e+12,1.396e+12,1.438e+12,1.509e+12,1.558e+12,1.58e+12,1.505e+12,1.582e+12,1.646e+12,1.712e+12,1.736e+12,1.775e+12,1.818e+12
GDPPPP,2005GKD,n/a,Economy,ECO,misc,MHL,Marshall islands,WDI2017P,HISTORY,1.185e+08,1.186e+08,1.271e+08,1.347e+08,1.426e+08,1.543e+08,1.384e+08,1.295e+08,1.258e+08,1.228e+08,1.3e+08,1.37e+08,1.406e+08,1.408e+08,1.408e+08,1.446e+08,1.474e+08,1.527e+08,1.502e+08,1.476e+08,1.571e+08,1.597e+08,1.656e+08,1.695e+08,1.679e+08,1.69e+08
GDPPPP,2005GKD,n/a,Economy,ECO,misc,MKD,Macedonia- the former yugoslav republic of,WDI2017P,HISTORY,1.67e+10,1.567e+10,1.464e+10,1.354e+10,1.331e+10,1.316e+10,1.331e+10,1.35e+10,1.396e+10,1.457e+10,1.523e+10,1.476e+10,1.498e+10,1.532e+10,1.603e+10,1.679e+10,1.765e+10,1.879e+10,1.982e+10,1.975e+10,2.041e+10,2.089e+10,2.08e+10,2.141e+10,2.216e+10,2.298e+10
GDPPPP,2005GKD,n/a,Economy,ECO,misc,MLI,Mali,WDI2017P,HISTORY,9.347e+09,1.044e+10,1.011e+10,1.043e+10,1.082e+10,1.092e+10,1.169e+10,1.226e+10,1.319e+10,1.394e+10,1.393e+10,1.607e+10,1.657e+10,1.808e+10,1.836e+10,1.956e+10,2.048e+10,2.119e+10,2.22e+10,2.324e+10,2.45e+10,2.529e+10,2.508e+10,2.566e+10,2.747e+10,2.911e+10
GDPPPP,2005GKD,n/a,Economy,ECO,misc,MLT,Malta,WDI2017P,HISTORY,4.975e+09,5.286e+09,5.534e+09,5.782e+09,6.109e+09,6.497e+09,6.742e+09,7.096e+09,7.46e+09,7.812e+09,8.341e+09,8.392e+09,8.642e+09,8.862e+09,8.901e+09,9.238e+09,9.407e+09,9.782e+09,1.011e+10,9.86e+09,1.021e+10,1.04e+10,1.069e+10,1.117e+10,1.156e+10,1.227e+10
GDPPPP,2005GKD,n/a,Economy,ECO,misc,MMR,Myanmar- the republic of the union of,WDI2017P,HISTORY,2.621e+10,2.604e+10,2.855e+10,3.027e+10,3.254e+10,3.48e+10,3.704e+10,3.914e+10,4.143e+10,4.597e+10,5.228e+10,5.821e+10,6.522e+10,7.424e+10,8.431e+10,9.576e+10,1.083e+11,1.213e+11,1.337e+11,1.478e+11,1.62e+11,1.711e+11,1.836e+11,1.991e+11,2.15e+11,2.307e+11
GDPPPP,2005GKD,n/a,Economy,ECO,misc,MNE,Montenegro,WDI2017P,HISTORY,NaN,NaN,NaN,NaN,NaN,NaN,NaN,5.4e+09,5.665e+09,5.133e+09,5.292e+09,5.35e+09,5.452e+09,5.588e+09,5.834e+09,6.078e+09,6.599e+09,7.302e+09,7.808e+09,7.366e+09,7.548e+09,7.791e+09,7.579e+09,7.848e+09,7.988e+09,8.24e+09
GDPPPP,2005GKD,n/a,Economy,ECO,misc,MNG,Mongolia,WDI2017P,HISTORY,9.714e+09,8.869e+09,8.048e+09,7.793e+09,7.96e+09,8.467e+09,8.656e+09,8.994e+09,9.294e+09,9.579e+09,9.689e+09,9.975e+09,1.045e+10,1.118e+10,1.237e+10,1.326e+10,1.44e+10,1.587e+10,1.729e+10,1.707e+10,1.815e+10,2.129e+10,2.392e+10,2.67e+10,2.881e+10,2.949e+10
GDPPPP,2005GKD,n/a,Economy,ECO,misc,MOZ,Mozambique,WDI2017P,HISTORY,4.354e+09,4.567e+09,4.328e+09,4.708e+09,4.998e+09,5.109e+09,6.481e+09,7.184e+09,8.036e+09,8.664e+09,8.81e+09,9.93e+09,1.08e+10,1.151e+10,1.24e+10,1.349e+10,1.481e+10,1.592e+10,1.701e+10,1.809e+10,1.93e+10,2.067e+10,2.216e+10,2.374e+10,2.551e+10,2.72e+10
GDPPPP,2005GKD,n/a,Economy,ECO,misc,MRT,Mauritania,WDI2017P,HISTORY,4.947e+09,5.036e+09,5.13e+09,5.431e+09,5.265e+09,5.782e+09,6.118e+09,5.871e+09,6.034e+09,6.499e+09,6.471e+09,6.601e+09,6.645e+09,7.043e+09,7.447e+09,8.115e+09,9.647e+09,9.918e+09,1.003e+10,9.921e+09,1.039e+10,1.088e+10,1.151e+10,1.222e+10,1.273e+10,NaN
GDPPPP,2005GKD,n/a,Economy,ECO,misc,MUS,Mauritius,WDI2017P,HISTORY,6.79e+09,7.091e+09,7.553e+09,7.937e+09,8.265e+09,8.62e+09,9.101e+09,9.619e+09,1.02e+10,1.047e+10,1.141e+10,1.171e+10,1.196e+10,1.239e+10,1.31e+10,1.327e+10,1.44e+10,1.522e+10,1.605e+10,1.658e+10,1.73e+10,1.801e+10,1.864e+10,1.926e+10,1.999e+10,2.068e+10
GDPPPP,2005GKD,n/a,Economy,ECO,misc,MWI,Malawi,WDI2017P,HISTORY,6.098e+09,6.63e+09,6.144e+09,6.739e+09,6.049e+09,7.061e+09,7.578e+09,7.865e+09,8.172e+09,8.42e+09,8.553e+09,8.127e+09,8.266e+09,8.737e+09,9.211e+09,9.512e+09,9.959e+09,1.091e+10,1.175e+10,1.273e+10,1.36e+10,1.426e+10,1.453e+10,1.529e+10,1.616e+10,1.661e+10
GDPPPP,2005GKD,n/a,Economy,ECO,misc,MYS,Malaysia,WDI2017P,HISTORY,1.652e+11,1.81e+11,1.971e+11,2.166e+11,2.366e+11,2.598e+11,2.858e+11,3.067e+11,2.842e+11,3.016e+11,3.283e+11,3.3e+11,3.478e+11,3.679e+11,3.929e+11,4.138e+11,4.37e+11,4.782e+11,4.94e+11,4.815e+11,5.152e+11,5.424e+11,5.721e+11,5.99e+11,6.35e+11,6.665e+11
GDPPPP,2005GKD,n/a,Economy,ECO,misc,NAM,Namibia,WDI2017P,HISTORY,7.025e+09,7.598e+09,8.144e+09,8.016e+09,8.154e+09,8.472e+09,8.743e+09,9.112e+09,9.412e+09,9.729e+09,1.007e+10,1.019e+10,1.067e+10,1.113e+10,1.249e+10,1.281e+10,1.371e+10,1.462e+10,1.501e+10,1.505e+10,1.596e+10,1.678e+10,1.763e+10,1.862e+10,1.982e+10,2.087e+10
GDPPPP,2005GKD,n/a,Economy,ECO,misc,NER,Niger,WDI2017P,HISTORY,6.221e+09,6.377e+09,5.961e+09,6.048e+09,6.29e+09,6.454e+09,6.674e+09,6.858e+09,7.573e+09,7.53e+09,7.424e+09,7.951e+09,8.19e+09,8.624e+09,8.632e+09,9.021e+09,9.544e+09,9.844e+09,1.079e+10,1.071e+10,1.161e+10,1.188e+10,1.328e+10,1.398e+10,1.496e+10,1.55e+10
GDPPPP,2005GKD,n/a,Economy,ECO,misc,NGA,Nigeria,WDI2017P,HISTORY,2.516e+11,2.5e+11,2.511e+11,2.564e+11,2.587e+11,2.579e+11,2.708e+11,2.784e+11,2.859e+11,2.873e+11,3.025e+11,3.159e+11,3.278e+11,3.618e+11,4.838e+11,5.005e+11,5.416e+11,5.786e+11,6.149e+11,6.575e+11,7.091e+11,7.437e+11,7.755e+11,8.174e+11,8.689e+11,8.92e+11
GDPPPP,2005GKD,n/a,Economy,ECO,misc,NIC,Nicaragua,WDI2017P,HISTORY,1.087e+10,1.085e+10,1.089e+10,1.085e+10,1.121e+10,1.187e+10,1.262e+10,1.312e+10,1.361e+10,1.457e+10,1.517e+10,1.561e+10,1.573e+10,1.613e+10,1.699e+10,1.771e+10,1.845e+10,1.942e+10,1.998e+10,1.943e+10,2.005e+10,2.13e+10,2.249e+10,2.351e+10,2.458e+10,2.579e+10
GDPPPP,2005GKD,n/a,Economy,ECO,misc,NLD,Netherlands- the kingdom of the,WDI2017P,HISTORY,4.166e+11,4.267e+11,4.34e+11,4.395e+11,4.525e+11,4.666e+11,4.832e+11,5.04e+11,5.268e+11,5.534e+11,5.769e+11,5.891e+11,5.897e+11,5.914e+11,6.034e+11,6.164e+11,6.381e+11,6.617e+11,6.73e+11,6.476e+11,6.567e+11,6.676e+11,6.606e+11,6.593e+11,6.687e+11,6.817e+11
GDPPPP,2005GKD,n/a,Economy,ECO,misc,NOR,Norway,WDI2017P,HISTORY,1.577e+11,1.626e+11,1.684e+11,1.732e+11,1.819e+11,1.895e+11,1.99e+11,2.095e+11,2.15e+11,2.194e+11,2.264e+11,2.311e+11,2.344e+11,2.366e+11,2.46e+11,2.524e+11,2.585e+11,2.66e+11,2.671e+11,2.627e+11,2.643e+11,2.669e+11,2.742e+11,2.77e+11,2.823e+11,2.868e+11
GDPPPP,2005GKD,n/a,Economy,ECO,misc,NPL,Nepal,WDI2017P,HISTORY,1.95e+10,2.074e+10,2.159e+10,2.243e+10,2.427e+10,2.511e+10,2.645e+10,2.778e+10,2.862e+10,2.988e+10,3.174e+10,3.326e+10,3.33e+10,3.461e+10,3.623e+10,3.749e+10,3.876e+10,4.008e+10,4.253e+10,4.445e+10,4.659e+10,4.819e+10,5.049e+10,5.258e+10,5.573e+10,5.724e+10
GDPPPP,2005GKD,n/a,Economy,ECO,misc,NRU,Nauru,WDI2017P,HISTORY,NaN,NaN,NaN,NaN,NaN,NaN,NaN,NaN,NaN,NaN,NaN,NaN,NaN,NaN,NaN,NaN,NaN,3.46e+07,4.65e+07,5.053e+07,5.738e+07,6.408e+07,7.055e+07,9.468e+07,1.293e+08,1.329e+08
GDPPPP,2005GKD,n/a,Economy,ECO,misc,NZL,New zealand,WDI2017P,HISTORY,7.022e+10,6.945e+10,7.023e+10,7.473e+10,7.855e+10,8.216e+10,8.515e+10,8.683e+10,8.736e+10,9.217e+10,9.472e+10,9.798e+10,1.028e+11,1.075e+11,1.116e+11,1.154e+11,1.188e+11,1.222e+11,1.206e+11,1.199e+11,1.216e+11,1.246e+11,1.275e+11,1.31e+11,1.357e+11,1.403e+11
GDPPPP,2005GKD,n/a,Economy,ECO,misc,OMN,Oman,WDI2017P,HISTORY,5.513e+10,5.848e+10,6.34e+10,6.723e+10,6.984e+10,7.333e+10,7.556e+10,8.012e+10,8.224e+10,8.214e+10,8.657e+10,9.045e+10,8.946e+10,8.707e+10,8.819e+10,9.039e+10,9.525e+10,9.949e+10,1.076e+11,1.142e+11,1.197e+11,1.184e+11,1.294e+11,1.351e+11,1.385e+11,1.464e+11
GDPPPP,2005GKD,n/a,Economy,ECO,misc,PAK,Pakistan,WDI2017P,HISTORY,2.856e+11,3.001e+11,3.232e+11,3.289e+11,3.411e+11,3.581e+11,3.754e+11,3.792e+11,3.889e+11,4.031e+11,4.203e+11,4.287e+11,4.425e+11,4.639e+11,4.981e+11,5.363e+11,5.694e+11,5.969e+11,6.071e+11,6.243e+11,6.343e+11,6.517e+11,6.746e+11,7.043e+11,7.372e+11,7.719e+11
GDPPPP,2005GKD,n/a,Economy,ECO,misc,PAN,Panama,WDI2017P,HISTORY,1.677e+10,1.835e+10,1.985e+10,2.093e+10,2.153e+10,2.191e+10,2.28e+10,2.428e+10,2.606e+10,2.708e+10,2.781e+10,2.797e+10,2.86e+10,2.98e+10,3.204e+10,3.434e+10,3.732e+10,4.179e+10,4.539e+10,4.611e+10,4.877e+10,5.453e+10,5.956e+10,6.351e+10,6.735e+10,7.125e+10
GDPPPP,2005GKD,n/a,Economy,ECO,misc,PER,Peru,WDI2017P,HISTORY,1.007e+11,1.029e+11,1.024e+11,1.077e+11,1.21e+11,1.299e+11,1.336e+11,1.422e+11,1.417e+11,1.438e+11,1.477e+11,1.486e+11,1.567e+11,1.632e+11,1.713e+11,1.821e+11,1.958e+11,2.125e+11,2.318e+11,2.344e+11,2.539e+11,2.7e+11,2.866e+11,3.033e+11,3.105e+11,3.206e+11
GDPPPP,2005GKD,n/a,Economy,ECO,misc,PHL,Philippines,WDI2017P,HISTORY,2.157e+11,2.144e+11,2.152e+11,2.197e+11,2.293e+11,2.401e+11,2.541e+11,2.673e+11,2.657e+11,2.739e+11,2.86e+11,2.943e+11,3.05e+11,3.202e+11,3.416e+11,3.58e+11,3.767e+11,4.017e+11,4.183e+11,4.231e+11,4.554e+11,4.721e+11,5.037e+11,5.392e+11,5.728e+11,6.066e+11
GDPPPP,2005GKD,n/a,Economy,ECO,misc,PLW,Palau,WDI2017P,HISTORY,NaN,2.16e+08,2.021e+08,1.773e+08,1.902e+08,2.11e+08,2.329e+08,2.383e+08,2.43e+08,2.299e+08,2.269e+08,2.367e+08,2.523e+08,2.363e+08,2.527e+08,2.559e+08,2.488e+08,2.487e+08,2.348e+08,2.135e+08,2.205e+08,2.316e+08,2.391e+08,2.332e+08,2.432e+08,2.659e+08
GDPPPP,2005GKD,n/a,Economy,ECO,misc,PNG,Papua new guinea,WDI2017P,HISTORY,5.8e+09,6.354e+09,7.234e+09,8.55e+09,9.059e+09,8.758e+09,9.436e+09,9.067e+09,8.726e+09,8.888e+09,8.666e+09,8.655e+09,8.642e+09,8.829e+09,9.069e+09,9.644e+09,9.865e+09,1.057e+10,1.127e+10,1.196e+10,1.288e+10,1.425e+10,1.541e+10,1.626e+10,1.765e+10,NaN
GDPPPP,2005GKD,n/a,Economy,ECO,misc,POL,Poland,WDI2017P,HISTORY,3.4e+11,3.162e+11,3.241e+11,3.362e+11,3.54e+11,3.787e+11,4.016e+11,4.275e+11,4.473e+11,4.68e+11,4.894e+11,4.955e+11,5.056e+11,5.236e+11,5.505e+11,5.697e+11,6.049e+11,6.475e+11,6.75e+11,6.94e+11,7.191e+11,7.551e+11,7.673e+11,7.779e+11,8.035e+11,8.351e+11
GDPPPP,2005GKD,n/a,Economy,ECO,misc,PRI,Puerto rico,WDI2017P,HISTORY,7.762e+10,7.828e+10,8.146e+10,8.459e+10,8.796e+10,9.155e+10,9.42e+10,9.717e+10,1.037e+11,1.059e+11,1.075e+11,1.181e+11,1.201e+11,1.216e+11,1.237e+11,1.244e+11,1.233e+11,1.192e+11,1.171e+11,1.143e+11,1.113e+11,1.092e+11,1.062e+11,1.056e+11,NaN,NaN
GDPPPP,2005GKD,n/a,Economy,ECO,misc,PRT,Portugal,WDI2017P,HISTORY,1.748e+11,1.824e+11,1.844e+11,1.806e+11,1.824e+11,1.902e+11,1.969e+11,2.056e+11,2.154e+11,2.238e+11,2.323e+11,2.368e+11,2.386e+11,2.364e+11,2.407e+11,2.425e+11,2.463e+11,2.524e+11,2.529e+11,2.454e+11,2.5e+11,2.455e+11,2.356e+11,2.329e+11,2.35e+11,2.387e+11
GDPPPP,2005GKD,n/a,Economy,ECO,misc,PRY,Paraguay,WDI2017P,HISTORY,2.208e+10,2.286e+10,2.324e+10,2.439e+10,2.569e+10,2.744e+10,2.787e+10,2.905e+10,2.907e+10,2.868e+10,2.801e+10,2.778e+10,2.777e+10,2.897e+10,3.015e+10,3.079e+10,3.227e+10,3.402e+10,3.619e+10,3.475e+10,3.93e+10,4.101e+10,4.05e+10,4.618e+10,4.836e+10,4.98e+10
GDPPPP,2005GKD,n/a,Economy,ECO,misc,PSE,Palestinian territory- occupied,WDI2017P,HISTORY,NaN,NaN,NaN,NaN,5.595e+09,5.994e+09,6.43e+09,7.969e+09,1.004e+10,1.184e+10,1.066e+10,9.975e+09,9.833e+09,1.077e+10,1.17e+10,1.298e+10,1.239e+10,1.217e+10,1.113e+10,1.346e+10,1.377e+10,1.485e+10,1.701e+10,1.628e+10,1.611e+10,1.81e+10
GDPPPP,2005GKD,n/a,Economy,ECO,misc,QAT,Qatar,WDI2017P,HISTORY,NaN,NaN,NaN,NaN,NaN,NaN,NaN,NaN,NaN,NaN,5.57e+10,5.787e+10,6.203e+10,6.434e+10,7.67e+10,8.245e+10,1.04e+11,1.227e+11,1.444e+11,1.617e+11,1.934e+11,2.192e+11,2.295e+11,2.396e+11,2.491e+11,2.58e+11
GDPPPP,2005GKD,n/a,Economy,ECO,misc,ROU,Romania,WDI2017P,HISTORY,2.312e+11,2.014e+11,1.837e+11,1.865e+11,1.939e+11,2.077e+11,2.157e+11,2.053e+11,2.011e+11,2.003e+11,2.05e+11,2.165e+11,2.277e+11,2.403e+11,2.604e+11,2.713e+11,2.931e+11,3.132e+11,3.397e+11,3.157e+11,3.132e+11,3.165e+11,3.185e+11,3.298e+11,3.399e+11,3.524e+11
GDPPPP,2005GKD,n/a,Economy,ECO,misc,RUS,Russian federation,WDI2017P,HISTORY,2.657e+12,2.523e+12,2.156e+12,1.97e+12,1.722e+12,1.651e+12,1.591e+12,1.613e+12,1.528e+12,1.626e+12,1.788e+12,1.879e+12,1.969e+12,2.112e+12,2.264e+12,2.408e+12,2.604e+12,2.827e+12,2.975e+12,2.742e+12,2.866e+12,2.988e+12,3.093e+12,3.133e+12,3.155e+12,3.037e+12
GDPPPP,2005GKD,n/a,Economy,ECO,misc,RWA,Rwanda,WDI2017P,HISTORY,5.36e+09,5.225e+09,5.532e+09,5.083e+09,2.529e+09,3.42e+09,3.856e+09,4.39e+09,4.779e+09,5.141e+09,5.569e+09,6.051e+09,6.869e+09,6.969e+09,7.453e+09,7.968e+09,8.704e+09,9.366e+09,1.041e+10,1.106e+10,1.187e+10,1.281e+10,1.393e+10,1.458e+10,1.561e+10,1.668e+10
GDPPPP,2005GKD,n/a,Economy,ECO,misc,SAU,Saudi arabia,WDI2017P,HISTORY,5.02e+11,5.477e+11,5.731e+11,5.732e+11,5.771e+11,5.782e+11,5.978e+11,6.133e+11,6.307e+11,6.26e+11,6.564e+11,6.6e+11,6.608e+11,7.115e+11,7.773e+11,8.337e+11,8.802e+11,9.329e+11,1.012e+12,1.03e+12,1.079e+12,1.187e+12,1.25e+12,1.284e+12,1.331e+12,1.377e+12
GDPPPP,2005GKD,n/a,Economy,ECO,misc,SDN,Sudan- republic of the,WDI2017P,HISTORY,3.923e+10,4.217e+10,4.495e+10,4.7e+10,4.748e+10,5.032e+10,5.33e+10,5.893e+10,6.147e+10,6.338e+10,6.74e+10,7.178e+10,7.64e+10,8.231e+10,8.55e+10,9.191e+10,1.012e+11,1.128e+11,1.216e+11,1.256e+11,1.299e+11,1.274e+11,1.28e+11,1.336e+11,1.372e+11,1.44e+11
GDPPPP,2005GKD,n/a,Economy,ECO,misc,SEN,Senegal,WDI2017P,HISTORY,1.208e+10,1.239e+10,1.255e+10,1.271e+10,1.271e+10,1.339e+10,1.366e+10,1.408e+10,1.492e+10,1.586e+10,1.637e+10,1.712e+10,1.723e+10,1.838e+10,1.946e+10,2.056e+10,2.106e+10,2.21e+10,2.292e+10,2.347e+10,2.445e+10,2.488e+10,2.598e+10,2.689e+10,2.805e+10,2.986e+10
GDPPPP,2005GKD,n/a,Economy,ECO,misc,SGP,Singapore,WDI2017P,HISTORY,9.074e+10,9.68e+10,1.037e+11,1.156e+11,1.283e+11,1.373e+11,1.476e+11,1.598e+11,1.563e+11,1.658e+11,1.806e+11,1.789e+11,1.864e+11,1.947e+11,2.132e+11,2.292e+11,2.495e+11,2.723e+11,2.771e+11,2.754e+11,3.174e+11,3.371e+11,3.495e+11,3.658e+11,3.778e+11,3.854e+11
GDPPPP,2005GKD,n/a,Economy,ECO,misc,SLB,Solomon islands,WDI2017P,HISTORY,4.853e+08,5.145e+08,5.798e+08,6.028e+08,6.582e+08,7.124e+08,7.238e+08,7.134e+08,7.261e+08,7.226e+08,6.195e+08,5.701e+08,5.541e+08,5.901e+08,6.19e+08,6.526e+08,6.979e+08,7.49e+08,8.022e+08,7.642e+08,8.169e+08,9.226e+08,9.656e+08,9.947e+08,1.01e+09,1.047e+09
GDPPPP,2005GKD,n/a,Economy,ECO,misc,SLE,Sierra leone,WDI2017P,HISTORY,4.682e+09,4.792e+09,3.881e+09,3.934e+09,3.858e+09,3.549e+09,3.611e+09,3.399e+09,3.46e+09,3.391e+09,3.617e+09,3.359e+09,4.241e+09,4.639e+09,4.937e+09,5.15e+09,5.435e+09,5.873e+09,6.19e+09,6.478e+09,6.825e+09,7.154e+09,8.24e+09,9.947e+09,1.04e+10,8.258e+09
GDPPPP,2005GKD,n/a,Economy,ECO,misc,SLV,El salvador,WDI2017P,HISTORY,2.067e+10,2.141e+10,2.302e+10,2.472e+10,2.621e+10,2.789e+10,2.836e+10,2.957e+10,3.068e+10,3.174e+10,3.242e+10,3.297e+10,3.374e+10,3.452e+10,3.516e+10,3.641e+10,3.784e+10,3.929e+10,3.979e+10,3.854e+10,3.907e+10,3.994e+10,4.069e+10,4.144e+10,4.203e+10,4.306e+10
GDPPPP,2005GKD,n/a,Economy,ECO,misc,SRB,Serbia,WDI2017P,HISTORY,NaN,NaN,NaN,NaN,NaN,4.894e+10,5.013e+10,5.373e+10,5.504e+10,4.835e+10,5.211e+10,5.471e+10,5.86e+10,6.119e+10,6.672e+10,7.042e+10,7.387e+10,7.822e+10,8.242e+10,7.985e+10,8.032e+10,8.145e+10,8.062e+10,8.269e+10,8.118e+10,8.179e+10
GDPPPP,2005GKD,n/a,Economy,ECO,misc,SSD,South sudan- republic of,WDI2017P,HISTORY,NaN,NaN,NaN,NaN,NaN,NaN,NaN,NaN,NaN,NaN,NaN,NaN,NaN,NaN,NaN,NaN,NaN,NaN,2.989e+10,3.14e+10,3.313e+10,3.159e+10,1.703e+10,1.927e+10,1.992e+10,1.865e+10
GDPPPP,2005GKD,n/a,Economy,ECO,misc,STP,Sao tome and principe,WDI2017P,HISTORY,NaN,NaN,NaN,NaN,NaN,NaN,NaN,NaN,NaN,NaN,2.404e+08,2.481e+08,2.54e+08,2.707e+08,2.81e+08,3.01e+08,3.284e+08,3.391e+08,3.669e+08,3.758e+08,4.008e+08,4.185e+08,4.316e+08,4.524e+08,4.805e+08,4.996e+08
GDPPPP,2005GKD,n/a,Economy,ECO,misc,SUR,Suriname,WDI2017P,HISTORY,3.752e+09,3.856e+09,3.848e+09,3.569e+09,3.685e+09,3.725e+09,3.773e+09,3.989e+09,4.052e+09,4.016e+09,4.013e+09,4.196e+09,4.377e+09,4.64e+09,5.069e+09,5.301e+09,5.505e+09,5.786e+09,6.026e+09,6.207e+09,6.527e+09,6.871e+09,7.082e+09,7.283e+09,7.417e+09,7.395e+09
GDPPPP,2005GKD,n/a,Economy,ECO,misc,SVK,Slovakia,WDI2017P,HISTORY,NaN,NaN,5.358e+10,5.46e+10,5.798e+10,6.137e+10,6.552e+10,6.95e+10,7.228e+10,7.214e+10,7.301e+10,7.543e+10,7.884e+10,8.311e+10,8.748e+10,9.339e+10,1.013e+11,1.122e+11,1.185e+11,1.121e+11,1.178e+11,1.211e+11,1.231e+11,1.249e+11,1.281e+11,1.33e+11
GDPPPP,2005GKD,n/a,Economy,ECO,misc,SVN,Slovenia,WDI2017P,HISTORY,NaN,NaN,NaN,NaN,NaN,3.184e+10,3.296e+10,3.465e+10,3.579e+10,3.767e+10,3.924e+10,4.04e+10,4.195e+10,4.314e+10,4.501e+10,4.682e+10,4.946e+10,5.29e+10,5.464e+10,5.038e+10,5.101e+10,5.134e+10,4.996e+10,4.941e+10,5.095e+10,5.213e+10
GDPPPP,2005GKD,n/a,Economy,ECO,misc,SWE,Sweden,WDI2017P,HISTORY,2.299e+11,2.272e+11,2.246e+11,2.2e+11,2.289e+11,2.382e+11,2.418e+11,2.488e+11,2.593e+11,2.71e+11,2.839e+11,2.883e+11,2.943e+11,3.013e+11,3.143e+11,3.232e+11,3.384e+11,3.499e+11,3.479e+11,3.299e+11,3.496e+11,3.59e+11,3.579e+11,3.624e+11,3.718e+11,3.87e+11
GDPPPP,2005GKD,n/a,Economy,ECO,misc,SWZ,Swaziland,WDI2017P,HISTORY,4.134e+09,4.206e+09,4.342e+09,4.477e+09,4.584e+09,4.806e+09,4.99e+09,5.145e+09,5.279e+09,5.435e+09,5.53e+09,5.635e+09,5.818e+09,6.083e+09,6.273e+09,6.598e+09,6.933e+09,7.214e+09,7.533e+09,7.727e+09,7.867e+09,8.016e+09,8.291e+09,8.67e+09,8.909e+09,9.075e+09
GDPPPP,2005GKD,n/a,Economy,ECO,misc,SXM,Sint maarten (dutch part),WDI2017P,HISTORY,NaN,NaN,NaN,NaN,NaN,NaN,NaN,NaN,NaN,NaN,NaN,NaN,NaN,NaN,NaN,NaN,NaN,NaN,NaN,NaN,NaN,1.055e+09,NaN,NaN,NaN,NaN
GDPPPP,2005GKD,n/a,Economy,ECO,misc,SYC,Seychelles,WDI2017P,HISTORY,8.579e+08,8.816e+08,9.447e+08,1.003e+09,9.953e+08,9.87e+08,1.036e+09,1.159e+09,1.257e+09,1.28e+09,1.3e+09,1.27e+09,1.286e+09,1.21e+09,1.176e+09,1.281e+09,1.402e+09,1.548e+09,1.515e+09,1.498e+09,1.587e+09,1.712e+09,1.826e+09,1.936e+09,2e+09,2.07e+09
GDPPPP,2005GKD,n/a,Economy,ECO,misc,TCD,Chad,WDI2017P,HISTORY,5.743e+09,6.233e+09,6.732e+09,5.674e+09,6.249e+09,6.327e+09,6.467e+09,6.832e+09,7.307e+09,7.257e+09,7.194e+09,8.032e+09,8.714e+09,9.997e+09,1.336e+10,1.567e+10,1.578e+10,1.629e+10,1.679e+10,1.75e+10,1.987e+10,1.989e+10,2.165e+10,2.289e+10,2.446e+10,2.491e+10
GDPPPP,2005GKD,n/a,Economy,ECO,misc,TGO,Togo,WDI2017P,HISTORY,4.439e+09,4.408e+09,4.232e+09,3.594e+09,4.132e+09,4.456e+09,4.85e+09,5.547e+09,5.42e+09,5.554e+09,5.511e+09,5.421e+09,5.371e+09,5.637e+09,5.756e+09,5.824e+09,6.06e+09,6.199e+09,6.337e+09,6.56e+09,6.822e+09,7.155e+09,7.5e+09,7.797e+09,8.255e+09,8.698e+09
GDPPPP,2005GKD,n/a,Economy,ECO,misc,THA,Thailand,WDI2017P,HISTORY,3.267e+11,3.547e+11,3.833e+11,4.15e+11,4.482e+11,4.846e+11,5.119e+11,4.978e+11,4.598e+11,4.809e+11,5.023e+11,5.196e+11,5.515e+11,5.912e+11,6.284e+11,6.547e+11,6.872e+11,7.246e+11,7.371e+11,7.316e+11,7.866e+11,7.931e+11,8.505e+11,8.734e+11,8.806e+11,9.055e+11
GDPPPP,2005GKD,n/a,Economy,ECO,misc,TJK,Tajikistan,WDI2017P,HISTORY,1.672e+10,1.553e+10,1.103e+10,9.219e+09,7.256e+09,6.356e+09,5.294e+09,5.384e+09,5.67e+09,5.88e+09,6.368e+09,7.017e+09,7.775e+09,8.63e+09,9.519e+09,1.016e+10,1.087e+10,1.172e+10,1.264e+10,1.312e+10,1.397e+10,1.501e+10,1.613e+10,1.733e+10,1.849e+10,1.96e+10
GDPPPP,2005GKD,n/a,Economy,ECO,misc,TKM,Turkmenistan,WDI2017P,HISTORY,2.66e+10,2.538e+10,2.158e+10,2.19e+10,1.811e+10,1.681e+10,1.793e+10,1.589e+10,1.702e+10,1.983e+10,2.091e+10,2.182e+10,2.187e+10,2.259e+10,2.372e+10,2.681e+10,2.975e+10,3.304e+10,3.79e+10,4.021e+10,4.391e+10,5.037e+10,5.596e+10,6.167e+10,6.802e+10,7.244e+10
GDPPPP,2005GKD,n/a,Economy,ECO,misc,TLS,Timor-leste,WDI2017P,HISTORY,NaN,NaN,NaN,NaN,NaN,NaN,NaN,NaN,NaN,8.956e+08,1.052e+09,1.225e+09,1.143e+09,1.117e+09,1.122e+09,1.192e+09,1.124e+09,1.253e+09,1.431e+09,1.616e+09,1.785e+09,1.929e+09,2.04e+09,2.099e+09,2.222e+09,2.318e+09
GDPPPP,2005GKD,n/a,Economy,ECO,misc,TON,Tonga,WDI2017P,HISTORY,2.953e+08,3.142e+08,3.15e+08,3.268e+08,3.43e+08,3.557e+08,3.557e+08,3.553e+08,3.649e+08,3.791e+08,3.919e+08,4.06e+08,4.199e+08,4.287e+08,4.272e+08,4.34e+08,4.304e+08,4.125e+08,4.253e+08,4.35e+08,4.506e+08,4.632e+08,4.673e+08,4.527e+08,4.62e+08,4.792e+08
GDPPPP,2005GKD,n/a,Economy,ECO,misc,TTO,Trinidad and tobago,WDI2017P,HISTORY,1.3e+10,1.335e+10,1.313e+10,1.294e+10,1.34e+10,1.393e+10,1.491e+10,1.606e+10,1.736e+10,1.875e+10,2.017e+10,2.101e+10,2.268e+10,2.596e+10,2.802e+10,2.976e+10,3.369e+10,3.529e+10,3.649e+10,3.489e+10,3.605e+10,3.594e+10,3.64e+10,3.737e+10,3.716e+10,3.694e+10
GDPPPP,2005GKD,n/a,Economy,ECO,misc,TUN,Tunisia,WDI2017P,HISTORY,4.013e+10,4.17e+10,4.496e+10,4.594e+10,4.74e+10,4.852e+10,5.198e+10,5.481e+10,5.743e+10,6.091e+10,6.378e+10,6.62e+10,6.708e+10,7.023e+10,7.461e+10,7.721e+10,8.126e+10,8.671e+10,9.039e+10,9.314e+10,9.641e+10,9.456e+10,9.834e+10,1.013e+11,1.042e+11,1.052e+11
GDPPPP,2005GKD,n/a,Economy,ECO,misc,TUR,Turkey,WDI2017P,HISTORY,5.135e+11,5.172e+11,5.432e+11,5.848e+11,5.575e+11,6.014e+11,6.458e+11,6.948e+11,7.108e+11,6.869e+11,7.334e+11,6.916e+11,7.342e+11,7.729e+11,8.453e+11,9.163e+11,9.795e+11,1.025e+12,1.032e+12,9.821e+11,1.072e+12,1.166e+12,1.191e+12,1.241e+12,1.278e+12,1.329e+12
GDPPPP,2005GKD,n/a,Economy,ECO,misc,TUV,Tuvalu,WDI2017P,HISTORY,1.852e+07,1.919e+07,1.972e+07,2.054e+07,2.265e+07,2.151e+07,2.023e+07,2.226e+07,2.571e+07,2.53e+07,2.506e+07,2.547e+07,2.748e+07,2.656e+07,2.62e+07,2.521e+07,2.575e+07,2.738e+07,2.957e+07,2.826e+07,2.749e+07,2.981e+07,2.986e+07,3.025e+07,3.093e+07,3.175e+07
GDPPPP,2005GKD,n/a,Economy,ECO,misc,TZA,Tanzania- united republic of,WDI2017P,HISTORY,3.165e+10,3.23e+10,3.249e+10,3.288e+10,3.34e+10,3.459e+10,3.616e+10,3.744e+10,3.883e+10,4.071e+10,4.271e+10,4.528e+10,4.852e+10,5.186e+10,5.592e+10,6.049e+10,6.331e+10,6.867e+10,7.249e+10,7.639e+10,8.125e+10,8.767e+10,9.218e+10,9.888e+10,1.058e+11,1.131e+11
GDPPPP,2005GKD,n/a,Economy,ECO,misc,UGA,Uganda,WDI2017P,HISTORY,1.182e+10,1.248e+10,1.29e+10,1.398e+10,1.487e+10,1.659e+10,1.809e+10,1.901e+10,1.995e+10,2.155e+10,2.223e+10,2.338e+10,2.542e+10,2.707e+10,2.891e+10,3.074e+10,3.406e+10,3.692e+10,4.014e+10,4.285e+10,4.528e+10,4.954e+10,5.144e+10,5.327e+10,5.603e+10,5.891e+10
GDPPPP,2005GKD,n/a,Economy,ECO,misc,UKR,Ukraine,WDI2017P,HISTORY,4.714e+11,4.318e+11,3.899e+11,3.344e+11,2.577e+11,2.263e+11,2.037e+11,1.976e+11,1.938e+11,1.934e+11,2.048e+11,2.237e+11,2.353e+11,2.574e+11,2.886e+11,2.964e+11,3.18e+11,3.431e+11,3.51e+11,2.99e+11,3.116e+11,3.286e+11,3.294e+11,3.293e+11,3.078e+11,2.774e+11
GDPPPP,2005GKD,n/a,Economy,ECO,misc,URY,Uruguay,WDI2017P,HISTORY,2.657e+10,2.751e+10,2.969e+10,3.048e+10,3.27e+10,3.223e+10,3.403e+10,3.693e+10,3.86e+10,3.785e+10,3.712e+10,3.57e+10,3.294e+10,3.32e+10,3.486e+10,3.746e+10,3.9e+10,4.155e+10,4.453e+10,4.642e+10,5.005e+10,5.263e+10,5.449e+10,5.702e+10,5.886e+10,5.944e+10
GDPPPP,2005GKD,n/a,Economy,ECO,misc,USA,United states of america,WDI2017P,HISTORY,8.032e+12,8.026e+12,8.312e+12,8.54e+12,8.885e+12,9.126e+12,9.473e+12,9.898e+12,1.034e+13,1.082e+13,1.127e+13,1.138e+13,1.158e+13,1.19e+13,1.235e+13,1.277e+13,1.311e+13,1.334e+13,1.33e+13,1.293e+13,1.326e+13,1.347e+13,1.377e+13,1.4e+13,1.434e+13,1.471e+13
GDPPPP,2005GKD,n/a,Economy,ECO,misc,UZB,Uzbekistan,WDI2017P,HISTORY,5.468e+10,5.442e+10,4.832e+10,4.721e+10,4.475e+10,4.435e+10,4.511e+10,4.745e+10,4.949e+10,5.162e+10,5.358e+10,5.583e+10,5.807e+10,6.05e+10,6.516e+10,6.972e+10,7.481e+10,8.224e+10,8.964e+10,9.69e+10,1.051e+11,1.139e+11,1.232e+11,1.331e+11,1.438e+11,1.553e+11
GDPPPP,2005GKD,n/a,Economy,ECO,misc,VCT,Saint vincent and the grenadines,WDI2017P,HISTORY,5.205e+08,5.264e+08,5.599e+08,5.837e+08,5.765e+08,6.212e+08,6.292e+08,6.513e+08,6.779e+08,6.963e+08,7.077e+08,7.198e+08,7.653e+08,8.242e+08,8.584e+08,8.798e+08,9.472e+08,9.703e+08,9.946e+08,9.737e+08,9.411e+08,9.371e+08,9.5e+08,9.675e+08,9.786e+08,9.943e+08
GDPPPP,2005GKD,n/a,Economy,ECO,misc,VEN,Venezuela- bolivarian republic of,WDI2017P,HISTORY,2.492e+11,2.734e+11,2.9e+11,2.908e+11,2.84e+11,2.952e+11,2.946e+11,3.134e+11,3.143e+11,2.955e+11,3.064e+11,3.168e+11,2.888e+11,2.664e+11,3.151e+11,3.476e+11,3.819e+11,4.154e+11,4.373e+11,4.233e+11,4.17e+11,4.344e+11,4.588e+11,4.65e+11,4.469e+11,NaN
GDPPPP,2005GKD,n/a,Economy,ECO,misc,VNM,Viet nam,WDI2017P,HISTORY,8.604e+10,9.117e+10,9.905e+10,1.07e+11,1.165e+11,1.276e+11,1.395e+11,1.509e+11,1.596e+11,1.672e+11,1.786e+11,1.896e+11,2.016e+11,2.155e+11,2.318e+11,2.493e+11,2.667e+11,2.857e+11,3.019e+11,3.182e+11,3.386e+11,3.597e+11,3.786e+11,3.991e+11,4.23e+11,4.513e+11
GDPPPP,2005GKD,n/a,Economy,ECO,misc,VUT,Vanuatu,WDI2017P,HISTORY,3.245e+08,3.347e+08,3.434e+08,3.46e+08,3.773e+08,3.811e+08,3.9e+08,4.092e+08,4.268e+08,4.282e+08,4.536e+08,4.377e+08,4.154e+08,4.332e+08,4.505e+08,4.743e+08,5.145e+08,5.411e+08,5.76e+08,5.951e+08,6.048e+08,6.122e+08,6.229e+08,6.352e+08,6.5e+08,6.448e+08
GDPPPP,2005GKD,n/a,Economy,ECO,misc,WSM,Samoa,WDI2017P,HISTORY,5.16e+08,5.041e+08,5.031e+08,5.237e+08,5.104e+08,5.445e+08,5.836e+08,5.873e+08,6.002e+08,6.133e+08,6.558e+08,7.013e+08,7.318e+08,7.648e+08,8.002e+08,8.334e+08,8.498e+08,9.036e+08,9.127e+08,8.688e+08,8.73e+08,9.234e+08,9.271e+08,9.092e+08,9.201e+08,9.351e+08
GDPPPP,2005GKD,n/a,Economy,ECO,misc,YEM,Yemen,WDI2017P,HISTORY,3.483e+10,3.702e+10,4.006e+10,4.166e+10,4.446e+10,4.698e+10,4.916e+10,5.173e+10,5.484e+10,5.691e+10,6.043e+10,6.273e+10,6.519e+10,6.764e+10,7.032e+10,7.426e+10,7.661e+10,7.917e+10,8.206e+10,8.523e+10,9.179e+10,8.012e+10,8.204e+10,8.6e+10,8.583e+10,6.172e+10
GDPPPP,2005GKD,n/a,Economy,ECO,misc,ZAF,South africa,WDI2017P,HISTORY,3.164e+11,3.131e+11,3.065e+11,3.102e+11,3.202e+11,3.301e+11,3.443e+11,3.532e+11,3.55e+11,3.635e+11,3.788e+11,3.89e+11,4.034e+11,4.153e+11,4.342e+11,4.571e+11,4.827e+11,5.085e+11,5.248e+11,5.167e+11,5.324e+11,5.499e+11,5.621e+11,5.752e+11,5.845e+11,5.919e+11
GDPPPP,2005GKD,n/a,Economy,ECO,misc,ZMB,Zambia,WDI2017P,HISTORY,1.632e+10,1.632e+10,1.603e+10,1.712e+10,1.565e+10,1.61e+10,1.71e+10,1.775e+10,1.768e+10,1.851e+10,1.923e+10,2.025e+10,2.116e+10,2.263e+10,2.422e+10,2.598e+10,2.803e+10,3.037e+10,3.273e+10,3.575e+10,3.943e+10,4.163e+10,4.479e+10,4.705e+10,4.926e+10,5.07e+10
GDPPPP,2005GKD,n/a,Economy,ECO,misc,ZWE,Zimbabwe,WDI2017P,HISTORY,2.299e+10,2.427e+10,2.208e+10,2.231e+10,2.437e+10,2.441e+10,2.694e+10,2.766e+10,2.846e+10,2.823e+10,2.736e+10,2.776e+10,2.529e+10,2.099e+10,1.977e+10,1.864e+10,1.8e+10,1.734e+10,1.428e+10,1.513e+10,1.685e+10,1.886e+10,2.085e+10,2.178e+10,2.262e+10,2.273e+10
