"sectorCode","sector","unit","ISO","countries","entity","Y1990","Y1991","Y1992","Y1993","Y1994","Y1995","Y1996","Y1997","Y1998","Y1999","Y2000","Y2001","Y2002","Y2003","Y2004","Y2005","Y2006","Y2007","Y2008","Y2009","Y2010","Y2011","Y2012","Y2013","Y2014","Y2015","Y2016","Y2017",
"IPC1","Energy","MtCO2eq","ARG","ARGENTINA","CH4",4.549,4.8543,5.0537,5.3905,5.7816,6.1817,6.791,7.1334,7.3073,7.5688,7.7231,7.8944,7.573,8.088,8.2536,8.1965,8.2999,8.3128,8.2981,7.8438,7.6943,7.668,7.4878,7.283,7.2933,7.5415,7.5017,,
"IPC1","Energy","MtCO2eq","BRA","BRAZIL","CH4",11.4618,11.5185,11.2455,10.4832,10.3887,9.9456,9.7503,10.0737,10.2501,10.4706,10.7478,11.4009,12.0099,11.9427,12.7092,14.3808,13.6059,13.3266,13.4274,14.4123,13.6411,13.399,13.6333,14.7862,15.0565,15.3268,15.5971,,
"IPC1","Energy","MtCO2eq","CAN","CANADA","CH4",38.2822,39.2751,41.9095,44.134,46.1788,48.385,51.1099,52.4881,53.2748,52.7044,52.1121,50.2844,48.0925,46.8511,46.1157,44.2754,44.1822,43.8919,43.1849,40.6065,40.1619,40.8194,42.9729,44.5013,46.8387,45.2907,41.7885,,
"IPC1","Energy","MtCO2eq","CHN","CHINA","CH4",193.81,190.9033,188.7789,191.4116,196.791,217.5481,215.4819,209.9341,201.7595,197.4525,205.4477,217.0466,226.7037,259.9614,295.2205,324.0048,366.9166,393.151,419.6243,448.1264,489.3727,549.8596,579.285,574.0117,602.6471,631.2825,659.9178,,
"IPC1","Energy","MtCO2eq","ETH","ETHIOPIA","CH4",4.9583,5.1536,5.2795,5.498,6.602,7.2232,7.2747,20.2687,20.5151,20.8914,21.2672,21.581,21.8968,22.2142,25.5896,13.0445,14.1389,14.8826,15.8651,16.7821,18.0786,22.0777,21.548,21.5816,18.0248,17.8361,17.6473,,
"IPC1","Energy","MtCO2eq","EU28","European Union (28)","CH4",163.1552,154.3995,147.7518,145.4305,134.3893,133.4127,130.5111,124.3467,115.9025,111.7713,107.1506,107.2998,101.7043,99.9317,94.2126,91.2247,87.3262,83.8956,84.0811,80.1492,81.1554,78.7114,79.5019,76.8647,73.4939,73.6276,71.5713,,
"IPC1","Energy","MtCO2eq","IND","INDIA","CH4",54.9999,57.7848,58.7677,59.3533,60.816,62.4506,62.4681,63.7061,62.0173,62.899,62.8198,60.2006,58.6209,56.5349,54.7873,52.6628,50.7591,48.9768,47.7581,53.3797,53.2203,52.7271,50.6158,48.8549,50.4592,52.0635,53.6679,,
"IPC1","Energy","MtCO2eq","MAR","MOROCCO","CH4",1.9887,1.9205,1.9289,1.9172,1.9526,1.8986,1.8575,1.919,1.9217,2.0236,2.0381,2.0854,2.101,2.3578,2.8475,3.2832,3.4773,3.7031,3.6684,3.7216,3.9319,4.0091,4.012,4.4644,4.6478,4.8312,5.0146,,
"IPC1","Energy","MtCO2eq","MEX","MEXICO","CH4",18.5109,18.8252,18.6092,19.316,19.4453,20.3167,24.8789,28.0339,29.3215,26.3863,27.0476,25.4973,24.6246,25.9916,24.7788,25.3216,26.7126,30.564,41.3076,38.7251,33.9243,32.263,28.1053,34.3763,35.0019,35.6275,36.2531,,
"IPC1","Energy","MtCO2eq","PER","PERU","CH4",1.2371,1.1864,1.1639,1.1405,1.1168,1.0992,1.0725,1.0962,1.076,1.034,1.003,0.93991,0.92191,0.93211,0.92767,0.96175,0.94374,1.0148,1.0704,1.2641,1.8445,2.2991,2.208,1.8905,2.0141,2.1377,2.2612,,
"IPC1","Energy","MtCO2eq","SAU","SAUDI ARABIA","CH4",48.1208,46.4612,41.6762,35.4145,49.5001,46.568,47.2347,47.6563,44.9379,40.7438,43.2849,43.0836,42.7014,49.6702,47.7991,51.4163,52.7009,52.307,55.2854,51.3221,53.2512,56.8423,59.3905,59.0345,60.2077,61.3809,62.5541,,
"IPC1","Energy","MtCO2eq","VNM","VIET NAM","CH4",3.112,3.2355,3.3022,3.5278,3.5127,4.1385,4.6747,4.9247,5.4219,6.5906,6.4798,7.0851,7.5888,8.6597,11.3637,12.5985,12.8261,13.4526,13.5715,15.2079,15.9585,17.1904,18.4222,19.6541,20.2153,21.1868,22.1583,,
"IPC3","AFOLU","MtCO2eq","ARG","ARGENTINA","CH4",62.5223,63.219,64.0569,64.9209,65.6481,64.421,63.9726,62.5808,61.5666,61.231,65.0196,67.2219,71.0867,75.8354,78.2309,79.2709,81.2559,82.2123,79.9748,77.2959,57.0524,57.3518,59.1721,59.1917,50.0435,51.0517,53.424,,
"IPC3","AFOLU","MtCO2eq","BRA","BRAZIL","CH4",214.7691,219.1014,226.6383,228.9777,232.6443,272.0319,246.9264,242.445,250.9122,253.911,261.0531,268.926,282.3072,326.8755,343.2366,327.5076,312.0243,294.6615,302.3391,281.1375,284.5731,282.5385,283.2123,260.697,267.9502,272.3801,266.5741,,
"IPC3","AFOLU","MtCO2eq","CAN","CANADA","CH4",22.41,22.8484,24.3524,24.2986,25.5525,26.5178,26.9562,26.824,27.0485,27.3219,28.0517,28.6822,28.8864,29.2272,29.972,30.6812,30.0136,28.5008,27.6384,26.0772,25.1681,24.7835,25.4511,25.7798,24.941,25.1458,25.3902,,
"IPC3","AFOLU","MtCO2eq","CHN","CHINA","CH4",349.3776,354.3918,354.8693,353.2193,361.745,397.4199,435.9173,406.6985,442.9761,466.7346,481.94,482.9851,483.9541,487.6469,511.25,528.8217,520.6365,500.5263,502.1783,499.116,498.7398,490.1047,480.9055,482.5344,484.3011,487.8601,492.1338,,
"IPC3","AFOLU","MtCO2eq","ETH","ETHIOPIA","CH4",29.4052,29.5532,30.2683,26.9471,27.1249,27.2938,28.4904,32.4868,33.2263,33.3418,30.343,30.4796,35.5652,35.7314,36.4368,37.3901,38.4507,42.8961,43.7189,44.7194,46.5414,45.3016,47.6918,48.0723,49.4565,50.2081,51.6489,,
"IPC3","AFOLU","MtCO2eq","EU28","European Union (28)","CH4",260.9083,248.4901,240.0031,234.6187,233.3458,231.6973,230.6293,227.855,226.2356,223.2473,221.1479,217.3048,213.8071,214.225,210.5823,209.5951,207.5244,210.2424,206.28,205.7011,201.9883,200.7388,200.5476,199.3803,201.5752,203.7087,204.2484,,
"IPC3","AFOLU","MtCO2eq","IND","INDIA","CH4",290.8513,293.1239,294.4366,296.9505,297.8115,299.3331,302.174,303.2213,306.4513,307.7922,307.457,307.1499,299.7296,301.7443,302.9422,308.5811,311.1952,315.645,317.1203,309.5124,310.0818,309.8724,308.5032,310.2133,310.4173,309.3512,310.3119,,
"IPC3","AFOLU","MtCO2eq","MAR","MOROCCO","CH4",4.8497,4.6658,4.5122,3.8776,4.0327,4.0517,4.1725,4.398,4.3239,4.4767,4.6527,4.701,4.5796,4.6646,4.7515,4.7427,4.8423,4.7887,4.8434,4.8411,4.9896,5.3252,5.3711,5.4959,5.6092,5.6005,5.6732,,
"IPC3","AFOLU","MtCO2eq","MEX","MEXICO","CH4",40.3758,41.9431,40.8645,40.0203,39.9251,39.3204,38.8456,39.0283,40.6701,38.4314,39.677,38.5926,40.4746,40.8595,40.1392,40.1436,40.4141,40.5087,41.0002,41.6812,41.5988,43.6884,41.0307,42.1088,41.4371,43.1407,43.6664,,
"IPC3","AFOLU","MtCO2eq","PER","PERU","CH4",9.6085,9.3157,9.2771,9.341,13.5498,13.2974,13.0356,12.7179,12.5689,12.8574,12.411,12.5517,12.9531,13.1791,13.1384,13.9489,13.9305,14.2275,14.5619,14.9133,15.0747,15.5889,16.158,12.7804,12.6656,12.8184,14.3333,,
"IPC3","AFOLU","MtCO2eq","SAU","SAUDI ARABIA","CH4",1.8479,1.9116,1.9758,1.9957,2.0349,2.0196,2.0262,2.0225,1.9495,1.8291,1.8835,1.8799,1.8618,1.85,1.9539,1.9588,1.842,1.8178,1.6028,1.41,1.5553,1.7,1.7363,1.8616,1.8549,1.8446,1.7236,,
"IPC3","AFOLU","MtCO2eq","VNM","VIET NAM","CH4",40.5455,41.9162,43.1403,43.9549,47.7308,48.6177,49.8448,50.2357,51.4775,52.9945,53.0057,52.403,53.2346,54.0005,55.1644,55.684,56.9234,56.9183,57.9029,58.4032,58.9205,55.8131,52.5954,49.7549,50.0053,50.2146,49.8276,,
"IPC4","Waste","MtCO2eq","ARG","ARGENTINA","CH4",7.3899,7.6569,7.8708,8.1771,8.4451,8.8456,9.1827,9.5301,9.7906,10.1959,10.4265,10.9317,11.2016,11.6442,12.0457,12.436,12.7778,12.8562,12.7479,12.5135,12.7731,12.8693,12.8357,12.873,11.0418,13.0268,13.1387,,
"IPC4","Waste","MtCO2eq","BRA","BRAZIL","CH4",24.6477,25.6179,26.6784,27.5982,28.5852,29.7927,30.8826,32.13,33.3291,35.3598,36.8382,37.7874,39.6312,42.0462,42.3864,43.302,45.7548,47.0757,47.8254,49.056,51.7167,52.3704,54.5034,55.5825,57.0388,58.4951,59.9513,,
"IPC4","Waste","MtCO2eq","CAN","CANADA","CH4",14.5301,14.7923,14.9494,15.069,15.1051,15.0721,15.0169,15.2189,15.4445,15.6826,15.6392,15.5784,15.8506,16.1161,16.3754,16.6103,16.8961,16.5774,15.4729,15.249,14.4914,14.4684,14.2409,14.2859,14.0596,14.3353,14.4083,,
"IPC4","Waste","MtCO2eq","CHN","CHINA","CH4",149.5775,152.6772,155.822,158.971,162.12,154.6604,146.1662,139.288,131.6654,124.0796,116.2427,109.1219,101.8431,94.5604,87.4358,80.304,85.7533,90.3529,94.8333,96.8798,104.0666,109.5467,113.883,92.6288,91.3694,90.1099,88.8505,,
"IPC4","Waste","MtCO2eq","ETH","ETHIOPIA","CH4",0.924,0.903,0.924,0.945,0.98304,1.1129,1.2333,1.3622,1.5067,1.6399,1.8635,1.8852,2.0097,2.1228,2.2266,2.3521,2.7174,2.8913,3.2702,3.5861,3.8774,4.3186,4.6579,4.8566,4.8356,5.0711,5.3066,,
"IPC4","Waste","MtCO2eq","EU28","European Union (28)","CH4",186.1075,189.5714,191.4925,192.6862,192.6464,193.7017,193.128,191.3413,188.6611,184.3473,181.5181,178.0249,174.6892,169.6279,162.9027,156.6659,151.4742,145.9302,138.8467,134.0142,127.7938,123.4162,119.9551,114.0472,109.2054,106.9851,104.8826,,
"IPC4","Waste","MtCO2eq","IND","INDIA","CH4",19.2472,19.691,20.1651,20.6132,21.063,25.645,30.1869,34.7765,39.39,44.0078,48.451,48.7335,49.0508,49.4183,49.7837,50.147,50.6169,50.896,51.0988,51.2296,51.5151,52.4225,53.3224,54.5747,55.2291,55.8836,56.5381,,
"IPC4","Waste","MtCO2eq","MAR","MOROCCO","CH4",1.8004,1.8355,1.8912,1.9282,1.974,2.053,2.116,2.1968,2.2586,2.3296,2.4003,2.7513,3.118,3.4961,3.8728,4.2525,4.6218,5.0655,5.4308,5.792,6.2262,6.6489,7.0707,7.262,7.6252,7.9885,8.3518,,
"IPC4","Waste","MtCO2eq","MEX","MEXICO","CH4",5.9719,6.5049,7.0267,11.9209,12.4772,12.9849,13.433,13.3575,13.301,13.9567,14.7744,15.2305,15.8839,16.4685,17.2554,18.3972,20.2975,21.5537,22.8594,23.7317,24.9429,26.4473,26.5118,27.6238,28.6467,29.6695,30.6924,,
"IPC4","Waste","MtCO2eq","PER","PERU","CH4",2.2489,2.286,2.3243,2.3749,2.3642,3.1196,3.8816,4.6254,5.364,6.1268,6.86,6.9673,7.1104,7.2188,7.2983,7.4103,7.5458,7.7238,6.8919,7.0165,7.1482,7.1978,7.248,7.6329,7.711,7.789,7.8671,,
"IPC4","Waste","MtCO2eq","SAU","SAUDI ARABIA","CH4",12.6385,13.0888,13.6864,14.2336,14.8306,15.2795,15.7387,16.1846,16.7817,17.1816,18.1755,19.0435,19.2177,19.4061,19.8377,20.1776,20.5315,20.9825,21.4493,22.1841,22.8647,23.4265,24.0261,24.2018,24.683,25.1642,25.6454,,
"IPC4","Waste","MtCO2eq","VNM","VIET NAM","CH4",1.2959,1.3317,1.3677,1.4007,1.4304,2.3515,3.2593,4.1647,5.0411,6.0565,6.9611,7.5899,8.2157,8.8398,9.5314,10.2104,10.7403,11.4037,12.0739,12.7464,13.4487,14.1442,14.8397,15.5352,16.1174,16.7793,17.4412,,
"IPC5","Other","MtCO2eq","CHN","CHINA","CH4",0,0,0,0,0,0,0,0,0,0,0,0,0,0,0,0,0,0,0,0,0,0,0,0,0,0,0,,
"IPC5","Other","MtCO2eq","IND","INDIA","CH4",0,0,0,0,0,0,0,0,0,0,0,0,0,0,0,0,0,0,0,0,0,0,0,0,0,0,0,,
"IPCMAG","Agriculture","MtCO2eq","ARG","ARGENTINA","CH4",62.0063,62.6913,63.5175,64.3699,65.0854,63.6491,62.9913,61.3902,60.5783,60.4449,64.4358,66.0696,69.3659,73.5461,75.3731,75.8446,77.2611,77.6491,74.8431,71.5957,50.7837,51.8392,54.4156,55.8642,48.258,47.5393,48.501,,
"IPCMAG","Agriculture","MtCO2eq","BRA","BRAZIL","CH4",192.8976,198.9561,202.419,203.3073,207.1671,211.2222,204.5862,207.6459,209.2419,212.3499,218.0283,225.9096,233.5473,245.0028,256.1097,259.5117,258.153,245.8491,251.0634,255.4902,260.7276,259.2758,260.5323,257.0271,259.5433,262.2327,264.7886,,
"IPCMAG","Agriculture","MtCO2eq","CAN","CANADA","CH4",21.2665,21.6877,22.6947,23.0672,24.0363,25.316,25.6599,25.6339,25.7891,25.9707,26.5409,27.3329,27.4734,27.7308,28.637,29.3594,28.5846,27.5686,26.728,25.2891,24.3723,23.8239,23.8648,23.9471,23.8743,23.8274,24.0665,,
"IPCMAG","Agriculture","MtCO2eq","CHN","CHINA","CH4",348.7486,353.7627,354.2403,352.5902,361.116,396.7909,435.1855,405.9638,442.0964,465.9469,481.0471,482.3916,483.7305,485.7439,510.6609,528.549,520.0667,499.9846,501.0058,498.5952,498.3353,489.8555,480.606,482.3102,483.7883,487.3833,491.8223,,
"IPCMAG","Agriculture","MtCO2eq","ETH","ETHIOPIA","CH4",27.3031,27.4511,28.1662,24.8456,25.0235,25.1924,26.3025,29.5855,29.7322,29.2356,27.4785,29.2148,33.9261,33.0518,33.62,35.599,36.4825,41.5115,41.9549,43.2307,45.3463,44.2062,45.7468,46.0707,47.6586,48.5649,50.0782,,
"IPCMAG","Agriculture","MtCO2eq","EU28","European Union (28)","CH4",254.8656,242.9646,234.6656,228.5746,225.5269,224.421,224.1366,221.3982,219.4769,217.7066,214.7923,211.8726,208.787,208.1441,205.5689,204.1478,202.762,204.1369,201.8092,200.9751,197.3526,196.1619,195.1661,195.1492,197.417,199.4118,199.5494,,
"IPCMAG","Agriculture","MtCO2eq","IND","INDIA","CH4",289.781,292.0536,293.3663,295.8801,297.675,297.2855,298.2155,297.3517,298.6706,298.1006,295.8543,296.3861,289.8048,292.6584,294.6952,301.173,304.626,309.9148,312.229,305.46,306.8684,309.1477,307.0025,309.1205,309.1897,308.1358,310.3119,,
"IPCMAG","Agriculture","MtCO2eq","MAR","MOROCCO","CH4",4.8489,4.6651,4.5114,3.8769,4.032,4.051,4.1715,4.3975,4.3233,4.4754,4.6526,4.701,4.5796,4.6646,4.7513,4.7416,4.8363,4.7886,4.8432,4.8411,4.9896,5.3251,5.3697,5.4959,5.6087,5.5995,5.6726,,
"IPCMAG","Agriculture","MtCO2eq","MEX","MEXICO","CH4",39.6467,41.214,40.1353,39.2912,39.196,38.5913,38.2357,38.7758,38.9644,37.9156,39.1636,38.3447,40.0331,40.125,39.9781,39.5854,39.8603,40.1723,40.4939,40.9862,41.3449,41.4577,40.4637,40.9717,41.3606,42.2134,42.7242,,
"IPCMAG","Agriculture","MtCO2eq","PER","PERU","CH4",9.4862,9.1934,9.1548,9.2188,9.9007,10.213,10.5158,10.7628,11.1785,12.0317,12.15,12.0964,12.3034,12.3351,12.1001,12.7162,12.5034,12.6062,12.7462,12.9033,12.8704,12.7582,12.701,12.6658,12.6019,12.6822,12.8061,,
"IPCMAG","Agriculture","MtCO2eq","SAU","SAUDI ARABIA","CH4",1.8479,1.9116,1.9758,1.9957,2.0349,2.0196,2.0262,2.0225,1.9495,1.8291,1.8835,1.8799,1.8618,1.85,1.9539,1.9588,1.842,1.8178,1.6028,1.41,1.5553,1.7,1.7363,1.8616,1.8549,1.8446,1.7236,,
"IPCMAG","Agriculture","MtCO2eq","VNM","VIET NAM","CH4",40.0622,41.433,42.6571,43.4716,43.9508,44.9765,46.3425,46.8722,48.2529,49.9088,50.0588,49.6496,50.6748,51.6342,52.9916,53.7048,55.1377,55.3262,56.5043,57.1982,57.909,55.1105,52.2016,49.67,49.4118,49.764,49.8276,,
"IPCMLULUCF","LULUCF","MtCO2eq","ARG","ARGENTINA","CH4",0.51602,0.52769,0.53936,0.55103,0.5627,0.77199,0.98128,1.1906,0.98831,0.78605,0.58378,1.1523,1.7208,2.2893,2.8578,3.4262,3.9947,4.5632,5.1317,5.7002,6.2687,5.5126,4.7565,3.3275,1.7855,3.5124,4.923,,
"IPCMLULUCF","LULUCF","MtCO2eq","BRA","BRAZIL","CH4",21.8715,20.1453,24.2193,25.6704,25.4772,60.8097,42.3402,34.7991,41.6703,41.5611,43.0248,43.0164,48.7599,81.8727,87.1269,67.9959,53.8713,48.8124,51.2757,25.6473,23.8455,23.2628,22.68,3.6699,8.4069,10.1475,1.7855,,
"IPCMLULUCF","LULUCF","MtCO2eq","CAN","CANADA","CH4",1.1435,1.1608,1.6577,1.2314,1.5162,1.2017,1.2963,1.1901,1.2594,1.3512,1.5108,1.3493,1.4131,1.4964,1.335,1.3218,1.429,0.93228,0.9104,0.78806,0.79578,0.95968,1.5863,1.8327,1.0667,1.3184,1.3237,,
"IPCMLULUCF","LULUCF","MtCO2eq","CHN","CHINA","CH4",0.62903,0.62903,0.62903,0.62903,0.62903,0.62903,0.73178,0.73474,0.87977,0.78768,0.89291,0.59345,0.2236,1.9029,0.58916,0.27272,0.56979,0.54171,1.1726,0.52079,0.40447,0.24917,0.29951,0.22414,0.51281,0.47677,0.31149,,
"IPCMLULUCF","LULUCF","MtCO2eq","ETH","ETHIOPIA","CH4",2.1021,2.1021,2.1021,2.1015,2.1015,2.1015,2.1879,2.9013,3.4941,4.1062,2.8645,1.2648,1.639,2.6796,2.8168,1.791,1.9682,1.3846,1.764,1.4887,1.1952,1.0955,1.945,2.0016,1.7979,1.6432,1.5706,,
"IPCMLULUCF","LULUCF","MtCO2eq","EU28","European Union (28)","CH4",6.0426,5.5255,5.3374,6.0441,7.8189,7.2764,6.4927,6.4568,6.7586,5.5406,6.3556,5.4322,5.0201,6.0808,5.0133,5.4474,4.7624,6.1055,4.4708,4.726,4.6357,4.5769,5.3815,4.2311,4.1582,4.2969,4.699,,
"IPCMLULUCF","LULUCF","MtCO2eq","IND","INDIA","CH4",1.0703,1.0703,1.0703,1.0703,0.1365,2.0475,3.9586,5.8696,7.7806,9.6917,11.6027,10.7638,9.9249,9.0859,8.247,7.4081,6.5691,5.7302,4.8913,4.0523,3.2134,0.72477,1.5007,1.0928,1.2276,1.2154,0,,
"IPCMLULUCF","LULUCF","MtCO2eq","MAR","MOROCCO","CH4",0.0007182,0.0007182,0.0007182,0.0007182,0.0007182,0.0007182,0.0009513,0.0005607,0.0006489,0.0013083,0.0001428,0,0,0,0.0002163,0.0011802,0.0060711,0.000105,0.00021,0,0,0.0001281,0.0013692,0,0.000525,0.0009576,0.00069068,,
"IPCMLULUCF","LULUCF","MtCO2eq","MEX","MEXICO","CH4",0.72914,0.72914,0.72914,0.72914,0.72914,0.72914,0.6099,0.2525,1.7058,0.51585,0.5134,0.24789,0.44152,0.73452,0.1611,0.55816,0.55376,0.33648,0.50624,0.695,0.25392,2.2307,0.56701,1.1371,0.076507,0.92722,0.94214,,
"IPCMLULUCF","LULUCF","MtCO2eq","PER","PERU","CH4",0.12228,0.12228,0.12228,0.12228,3.6492,3.0845,2.5198,1.9551,1.3904,0.82569,0.261,0.45534,0.64967,0.84401,1.0383,1.2327,1.427,1.6214,1.8157,2.01,2.2044,2.8307,3.457,0.11464,0.063756,0.13616,1.5272,,
"IPCMLULUCF","LULUCF","MtCO2eq","VNM","VIET NAM","CH4",0.48328,0.48328,0.48328,0.48328,3.78,3.6412,3.5023,3.3635,3.2246,3.0858,2.9469,2.7534,2.5598,2.3663,2.1728,1.9792,1.7857,1.5921,1.3986,1.2051,1.0115,0.70262,0.39373,0.08484,0.59349,0.45069,0,,
"IPC1","Energy","MtCO2eq","ARG","ARGENTINA","CO2",100.4325,109.0337,112.8651,112.5903,117.6327,113.3614,123.0024,126.1651,131.0403,132.7616,136.0931,125.7751,118.9399,126.0592,138.0701,144.3785,154.222,167.0519,171.2953,167.1277,173.2123,181.7456,181.884,185.5547,186.8367,190.2616,190.5365,,
"IPC1","Energy","MtCO2eq","BRA","BRAZIL","CO2",169.985,175.607,179.327,185.01,193.669,209.124,225.121,239.744,249.209,260.751,267.646,276.893,273.412,268.111,282.581,290.621,295.611,308.967,327.452,315.649,347.974,360.1601,383.5366,411.8733,432.4827,421.9468,393.0352,,
"IPC1","Energy","MtCO2eq","CAN","CANADA","CO2",429.714,419.5386,433.8221,431.238,445.6475,456.7064,471.0025,484.3867,493.5373,508.3736,531.0756,525.0325,529.4965,544.2611,540.6096,534.7062,526.5197,551.2339,533.9751,504.2556,516.6723,518.1631,517.0959,525.4561,527.2576,526.3102,517.7236,,
"IPC1","Energy","MtCO2eq","CHN","CHINA","CO2",2318.6388,2420.966,2507.0963,2651.8974,2825.489,3055.1849,3189.4912,3223.9596,3053.7612,3040.2631,3149.7277,3195.1203,3530.335,4178.7668,4829.2224,5443.21,5965.7086,6374.5666,6843.724,7142.4051,7804.8527,8575.917,8809.288,8923.3294,8923.8092,8889.1976,8848.4569,,
"IPC1","Energy","MtCO2eq","ETH","ETHIOPIA","CO2",2.168,1.756,1.88,2.166,2.0001,1.8785,2.232,2.6019,2.7079,2.6903,2.9572,3.722,3.8881,4.2116,4.442,5.0619,5.371,6.3521,6.8435,7.0222,9.9033,7.6357,7.8929,9.4257,10.313,10.6955,11.0579,,
"IPC1","Energy","MtCO2eq","EU28","European Union (28)","CO2",4153.4335,4123.455,3994.434,3919.5166,3879.8617,3918.4194,4028.2295,3936.4077,3927.947,3871.1732,3880.5719,3965.363,3942.2138,4021.4051,4017.7249,3998.3733,4002.9666,3954.0018,3871.3932,3589.622,3688.4435,3544.2728,3499.5384,3412.8443,3239.1082,3272.7017,3253.2241,,
"IPC1","Energy","MtCO2eq","IND","INDIA","CO2",559.3867,591.7126,633.018,655.4307,697.229,744.6464,811.528,845.0173,864.3891,926.0951,961.9051,951.9399,952.9409,985.0907,1035.0931,1080.4876,1142.2783,1212.0611,1345.0887,1481.515,1450.959,1551.7369,1697.4484,1709.1663,1893.9234,1949.5966,2044.0297,,
"IPC1","Energy","MtCO2eq","MAR","MOROCCO","CO2",20.4197,21.0341,21.7847,23.8515,25.206,26.1008,27.0199,27.5745,27.8676,29.1189,29.7786,32.4005,32.6158,31.6343,36.7908,39.0029,40.2504,42.1238,43.8896,43.1282,46.5347,48.3253,52.189,48.4185,49.7221,50.4249,50.6485,,
"IPC1","Energy","MtCO2eq","MEX","MEXICO","CO2",280.1238,290.8758,292.151,292.5558,314.771,304.2124,315.6662,330.2835,351.2439,340.3503,365.6634,358.3045,356.8215,365.394,386.7609,399.4643,408.8331,431.1794,451.7345,435.6469,445.1228,461.8005,463.5744,458.3906,460.5249,452.3118,482.3238,,
"IPC1","Energy","MtCO2eq","PER","PERU","CO2",19.1521,18.4248,18.5501,21.4249,20.7975,20.8642,21.1475,23.6268,23.742,25.2338,26.0535,23.5354,23.8182,23.3008,28.5142,33.6486,31.3591,39.2544,37.1758,47.4658,53.4424,45.2085,49.6351,51.5133,55.9829,60.4315,64.9546,,
"IPC1","Energy","MtCO2eq","SAU","SAUDI ARABIA","CO2",127.847,189.4015,204.5215,229.129,228.7794,176.2354,196.7921,165.9183,160.077,176.1293,234.7947,235.3719,259.4486,261.1012,318.3851,320.8091,350.6742,312.727,348.4175,375.9179,419.9481,395.6402,442.2442,421.503,470.3975,484.101,487.1917,,
"IPC1","Energy","MtCO2eq","VNM","VIET NAM","CO2",18.2104,18.025,17.5977,18.8861,21.5756,24.222,29.4878,39.0451,41.0101,41.1657,45.9,52.9844,61.0818,68.4946,80.2631,86.4908,91.0158,91.5444,104.3761,111.5006,123.3532,131.5241,121.7264,125.3649,144.6032,168.5096,178.9411,,
"IPC3","AFOLU","MtCO2eq","ARG","ARGENTINA","CO2",68.5816,69.8697,71.1481,72.4571,73.673,76.3064,78.9853,98.3522,90.9792,83.5999,69.8883,73.5783,77.0656,80.7285,84.2261,87.826,91.449,95.0401,98.5371,102.1423,105.523,83.9052,62.3063,57.6703,46.635,95.5641,64.9118,,
"IPC3","AFOLU","MtCO2eq","BRA","BRAZIL","CO2",766.67,627.325,772.054,833.046,834.787,1851.008,1206.967,916.042,1162.67,1155.136,1221.575,1214.287,1422.764,2338.752,2525.627,1821.942,1422.43,1216.317,1315.643,399.457,330.336,282.224,233.712,294.0681,294.1248,294.131,274.409,,
"IPC3","AFOLU","MtCO2eq","CAN","CANADA","CO2",-68.4552,-74.9165,-67.1157,-60.6454,-62.2398,-49.5444,-57.7081,-59.0656,-66.1755,-55.7173,-42.0478,-58.1294,-44.0317,-49.8685,-26.5308,-21.3212,-29.3075,-31.2429,-36.6171,-48.5798,-31.4767,-31.6234,-34.7352,-32.0141,-32.2015,-25.9994,-27.4834,,
"IPC3","AFOLU","MtCO2eq","CHN","CHINA","CO2",-305.9519,-305.7519,-304.7519,-307.6519,-391.679,-387.6564,-387.8337,-390.2111,-390.8885,-390.3658,-392.5432,-393.1205,-389.9979,-392.8753,-391.9526,-391.63,-410.4754,-430.6209,-450.2663,-471.6117,-494.8571,-515.4026,-537.348,-312.476,-311.9015,-312.1688,-378.0986,,
"IPC3","AFOLU","MtCO2eq","ETH","ETHIOPIA","CO2",-31.7774,-25.4704,-20.7116,-19.355,-28.3131,70.1991,48.1901,48.8372,50.9209,51.4811,102.7545,118.646,108.8901,111.7678,61.6375,61.5823,62.3377,62.4714,76.9859,72.0841,77.1327,102.4374,30.8122,25.5046,16.4338,15.8156,22.047,,
"IPC3","AFOLU","MtCO2eq","EU28","European Union (28)","CO2",-265.9115,-291.3528,-261.6272,-264.0662,-279.0298,-296.5766,-324.1503,-321.8809,-338.2963,-347.0978,-327.0324,-348.0277,-326.3238,-305.1042,-336.1021,-333.3563,-345.5547,-311.2516,-343.7753,-346.0119,-337.3409,-325.9961,-327.2117,-331.0941,-328.921,-327.2183,-311.5282,,
"IPC3","AFOLU","MtCO2eq","IND","INDIA","CO2",-36.8476,-36.3476,-35.6476,-35.0476,27.842,-13.2912,-54.1245,-95.0577,-136.291,-177.7242,-220.4574,-222.0642,-225.171,-226.1777,-227.4845,-228.3913,-228.698,-229.6048,-231.0115,-233.0183,-233.9251,144.2175,144.6528,120.7195,120.7105,120.7172,120.725,,
"IPC3","AFOLU","MtCO2eq","MAR","MOROCCO","CO2",-8.533,-8.569,-8.592,-8.536,-4.28,-2.9,-1.595,-0.15101,1.202,2.602,3.98,4.0747,4.1403,4.199,4.3077,4.3594,4.456,4.5027,4.5844,4.672,4.7607,4.7276,4.6885,-1.4667,-1.4667,-1.4667,0.008875,,
"IPC3","AFOLU","MtCO2eq","MEX","MEXICO","CO2",54.0333,53.3033,53.8833,53.8533,53.9433,53.8933,53.5362,49.3321,66.7167,52.3431,52.4872,49.2886,47.9611,51.1865,45.1684,50.0401,49.3902,29.9513,31.8989,34.8226,29.6759,54.9406,34.9803,7.3333,7.3333,7.3333,13.2126,,
"IPC3","AFOLU","MtCO2eq","PER","PERU","CO2",44.9601,44.9261,44.9241,44.9911,37.3818,40.6442,43.8825,47.1239,50.3603,53.5896,56.85,55.2957,53.7484,52.2311,50.6348,49.0905,47.5082,45.9639,44.3946,42.8244,41.2801,62.163,83.038,71.8969,71.7612,71.8575,74.5439,,
"IPC3","AFOLU","MtCO2eq","SAU","SAUDI ARABIA","CO2",-14.887,-14.7569,-14.6507,-14.5785,-14.5864,-14.5222,-14.3731,-14.217,-14.1628,-14.0116,-13.8825,-13.3476,-12.8347,-12.3018,-11.7869,-11.307,-10.801,-10.2881,-9.8402,-9.3263,-8.8244,-8.9542,-9.013,-9.2155,-9.2155,-9.2155,-9.2155,,
"IPC3","AFOLU","MtCO2eq","VNM","VIET NAM","CO2",-44.5304,-44.3964,-44.4974,-44.5024,16.674,15.8834,15.6027,14.9021,14.9215,14.3708,14.0102,10.5094,7.6986,4.3779,1.3971,-2.3037,-5.5645,-8.8553,-12.016,-15.0268,-18.1076,-22.6582,-27.1989,-34.3595,-19.164,-19.4652,-25.6694,,
"IPC4","Waste","MtCO2eq","ARG","ARGENTINA","CO2",0.020747,0.021497,0.022097,0.022957,0.02371,0.024834,0.025781,0.026756,0.027487,0.028625,0.029273,0.030691,0.031449,0.032691,0.033818,0.034914,0.035874,0.036094,0.03579,0.035132,0.035861,0.036131,0.036036,0.036141,0.031,0.036573,0.036887,,
"IPC4","Waste","MtCO2eq","BRA","BRAZIL","CO2",0.019,0.031,0.054,0.061,0.066,0.078,0.078,0.078,0.084,0.088,0.095,0.095,0.099,0.117,0.12,0.128,0.136,0.155,0.159,0.168,0.175,0.201,0.227,0.21198,0.22142,0.23086,0.2403,,
"IPC4","Waste","MtCO2eq","CAN","CANADA","CO2",0.51044,0.50973,0.53028,0.52705,0.54814,0.5785,0.54033,0.5077,0.53696,0.48692,0.5369,0.55558,0.53178,0.46806,0.5015,0.49736,0.48333,0.46199,0.48474,0.465,0.4761,0.46864,0.40041,0.40998,0.44182,0.46689,0.47283,,
"IPC4","Waste","MtCO2eq","CHN","CHINA","CO2",0.26,0.279,0.303,0.329,0.356,0.381,0.408,0.436,0.462,0.49,0.521,0.553,0.588,0.628,0.669,0.713,0.746,0.785,0.823,0.862,0.9,0.939,0.978,1.0114,1.049,1.0866,1.1243,,
"IPC4","Waste","MtCO2eq","ETH","ETHIOPIA","CO2",0.0043646,0.0035352,0.0037848,0.0043606,0.0045473,0.0047667,0.0049801,0.0051959,0.005416,0.0056445,0.0058833,0.0061324,0.0063923,0.0066625,0.0069418,0.007229,0.0075246,0.0078281,0.0081454,0.0084767,0.0088231,0.0091852,0.0095643,0.0099602,0.010076,0.010382,0.010688,,
"IPC4","Waste","MtCO2eq","EU28","European Union (28)","CO2",5.2722,5.2602,5.2819,5.1408,4.8937,4.6116,4.4127,3.9308,3.7788,3.4841,3.4288,3.4885,3.7427,4.0273,3.7079,3.7805,3.8199,3.7539,3.6981,3.5882,3.6715,3.4818,3.4979,3.3784,3.3916,3.0723,3.3616,,
"IPC4","Waste","MtCO2eq","MEX","MEXICO","CO2",0.11883,0.1216,0.12443,0.12745,0.13079,0.13345,0.13568,0.13877,0.14328,0.14424,0.14611,0.152,0.18368,0.24329,0.24516,0.30265,0.3065,0.30747,0.5231,0.56582,0.6386,0.65288,0.65945,0.69021,0.73303,0.77586,0.81868,,
"IPC5","Other","MtCO2eq","CHN","CHINA","CO2",0,0,0,0,0,0,0,0,0,0,0,0,0,0,0,0,0,0,0,0,0,0,0,0,0,0,0,,
"IPC5","Other","MtCO2eq","IND","INDIA","CO2",0,0,0,0,0,0,0,0,0,0,0,0,0,0,0,0,0,0,0,0,0,0,0,0,0,0,0,,
"IPCMAG","Agriculture","MtCO2eq","ARG","ARGENTINA","CO2",0.89164,0.90273,0.90305,0.93513,0.88004,0.86739,0.90133,0.86722,0.87522,0.87794,1.0223,1.1283,1.0316,1.1095,1.0231,1.038,1.077,1.0831,0.99611,1.0173,0.81303,0.78515,0.77632,0.85835,0.894,NaN,NaN,,
"IPCMAG","Agriculture","MtCO2eq","BRA","BRAZIL","CO2",9.7,10.9,10.5,12,13.4,13.5,15.5,17.1,17.2,17.4,24.4,21.5,21,27.1,24.3,24.1,22.8,22.7,21.6,20.2,19.6,19.2,18.4,NaN,NaN,NaN,NaN,,
"IPCMAG","Agriculture","MtCO2eq","CAN","CANADA","CO2",1.1906,1.131,1.2025,1.1926,1.3769,1.501,1.4848,1.5991,1.6618,1.5447,1.6357,1.4032,1.522,1.5769,1.477,1.4209,1.4668,1.7445,1.7222,1.8401,1.7875,2.0044,2.3326,2.6757,2.4995,2.5659,2.5044,,
"IPCMAG","Agriculture","MtCO2eq","CHN","CHINA","CO2",16.1,16.3,17.3,14.4,15.8,21.1,22.2,21.1,21.7,23.5,22.6,23.3,27.7,26.1,28.3,29.9,33.1,35,37.4,38.1,36.9,38.4,38.5,NaN,NaN,NaN,NaN,,
"IPCMAG","Agriculture","MtCO2eq","ETH","ETHIOPIA","CO2",0.0326,0.0336,0.0354,0.037,0.0471,0.0535,0.108,0.0691,0.0997,0.107,0.104,0.155,0.115,0.0216,0.123,0.155,0.175,0.162,0.17,0.201,0.225,0.296,0.378,NaN,NaN,NaN,NaN,,
"IPCMAG","Agriculture","MtCO2eq","EU28","European Union (28)","CO2",14.7532,12.1093,10.4273,10.0519,9.8291,10.7094,10.6582,10.4511,10.7254,10.6514,10.1922,9.7687,9.8441,10.3688,10.2682,9.9346,9.5632,9.7087,9.5794,9.5942,9.2676,9.6647,9.6304,9.9965,10.4501,10.2722,10.6526,,
"IPCMAG","Agriculture","MtCO2eq","IND","INDIA","CO2",11.1,11.6,12.3,12.9,13.7,14.3,15.2,16,16.5,16.8,15.8,16.2,15.1,16.1,16.8,17.9,19.6,20.7,21.3,21.3,22.4,23.5,23.9,NaN,NaN,NaN,NaN,,
"IPCMAG","Agriculture","MtCO2eq","MAR","MOROCCO","CO2",0.267,0.231,0.208,0.264,0.231,0.253,0.2,0.286,0.281,0.323,0.343,0.351,0.33,0.302,0.324,0.289,0.299,0.259,0.254,0.255,0.257,0.258,0.253,NaN,NaN,NaN,NaN,,
"IPCMAG","Agriculture","MtCO2eq","MEX","MEXICO","CO2",2.69,1.96,2.54,2.51,2.6,2.55,3,2.96,3.12,2.98,3.04,3.21,2.39,2.82,2.98,2.99,2.94,3.25,3.09,4.05,3.95,4.02,4.13,NaN,NaN,NaN,NaN,,
"IPCMAG","Agriculture","MtCO2eq","PER","PERU","CO2",0.14,0.106,0.104,0.171,0.185,0.227,0.245,0.266,0.282,0.291,0.331,0.337,0.35,0.393,0.357,0.373,0.351,0.367,0.358,0.348,0.364,0.375,0.378,NaN,NaN,NaN,NaN,,
"IPCMAG","Agriculture","MtCO2eq","SAU","SAUDI ARABIA","CO2",0.353,0.376,0.375,0.34,0.225,0.182,0.224,0.273,0.22,0.264,0.286,0.309,0.31,0.331,0.334,0.302,0.296,0.297,0.233,0.235,0.225,0.146,0.138,NaN,NaN,NaN,NaN,,
"IPCMAG","Agriculture","MtCO2eq","VNM","VIET NAM","CO2",0.896,1.03,0.929,0.924,1.45,1.22,1.5,1.36,1.94,1.95,2.15,1.87,2.28,2.18,2.42,1.94,1.9,1.83,1.89,2.1,2.24,2.36,2.49,NaN,NaN,NaN,NaN,,
"IPCMLULUCF","LULUCF","MtCO2eq","ARG","ARGENTINA","CO2",67.69,68.967,70.245,71.522,72.793,75.439,78.084,97.485,90.104,82.722,68.866,72.45,76.034,79.619,83.203,86.788,90.372,93.957,97.541,101.125,104.71,83.12,61.53,56.812,45.741,95.5641,64.9118,,
"IPCMLULUCF","LULUCF","MtCO2eq","BRA","BRAZIL","CO2",756.97,616.425,761.554,821.046,821.387,1837.508,1191.467,898.942,1145.47,1137.736,1197.175,1192.787,1401.764,2311.652,2501.327,1797.842,1399.63,1193.617,1294.043,379.257,310.736,263.024,215.312,294.0681,294.1248,294.131,274.409,,
"IPCMLULUCF","LULUCF","MtCO2eq","CAN","CANADA","CO2",-69.6458,-76.0475,-68.3183,-61.838,-63.6168,-51.0454,-59.1929,-60.6647,-67.8373,-57.2621,-43.6835,-59.5326,-45.5536,-51.4454,-28.0079,-22.742,-30.7743,-32.9873,-38.3393,-50.4199,-33.2642,-33.6278,-37.0678,-34.6897,-34.701,-28.5654,-29.9878,,
"IPCMLULUCF","LULUCF","MtCO2eq","CHN","CHINA","CO2",-322.0519,-322.0519,-322.0519,-322.0519,-407.479,-408.7564,-410.0337,-411.3111,-412.5885,-413.8658,-415.1432,-416.4205,-417.6979,-418.9753,-420.2526,-421.53,-443.5754,-465.6209,-487.6663,-509.7117,-531.7571,-553.8026,-575.848,-312.476,-311.9015,-312.1688,-378.0986,,
"IPCMLULUCF","LULUCF","MtCO2eq","ETH","ETHIOPIA","CO2",-31.81,-25.504,-20.747,-19.392,-28.3602,70.1456,48.0821,48.7681,50.8212,51.3742,102.6505,118.491,108.7751,111.7462,61.5144,61.4273,62.1627,62.3094,76.8159,71.8832,76.9077,102.1414,30.4342,25.5046,16.4338,15.8156,22.047,,
"IPCMLULUCF","LULUCF","MtCO2eq","EU28","European Union (28)","CO2",-280.6648,-303.4621,-272.0545,-274.1181,-288.8589,-307.286,-334.8086,-332.332,-349.0217,-357.7492,-337.2246,-357.7965,-336.1679,-315.473,-346.3703,-343.2909,-355.1179,-320.9603,-353.3547,-355.6061,-346.6086,-335.6608,-336.8421,-341.0905,-339.3712,-337.4905,-322.1809,,
"IPCMLULUCF","LULUCF","MtCO2eq","IND","INDIA","CO2",-47.9476,-47.9476,-47.9476,-47.9476,14.142,-27.5912,-69.3245,-111.0577,-152.791,-194.5242,-236.2574,-238.2642,-240.271,-242.2777,-244.2845,-246.2913,-248.298,-250.3048,-252.3115,-254.3183,-256.3251,120.7175,120.7528,120.7195,120.7105,120.7172,120.725,,
"IPCMLULUCF","LULUCF","MtCO2eq","MAR","MOROCCO","CO2",-8.8,-8.8,-8.8,-8.8,-4.511,-3.153,-1.795,-0.43701,0.92099,2.279,3.637,3.7237,3.8103,3.897,3.9837,4.0704,4.157,4.2437,4.3304,4.417,4.5037,4.4696,4.4355,-1.4667,-1.4667,-1.4667,0.008875,,
"IPCMLULUCF","LULUCF","MtCO2eq","MEX","MEXICO","CO2",51.3433,51.3433,51.3433,51.3433,51.3433,51.3433,50.5362,46.3721,63.5967,49.3631,49.4472,46.0786,45.5711,48.3665,42.1884,47.0501,46.4502,26.7013,28.8089,30.7726,25.7258,50.9206,30.8503,7.3333,7.3333,7.3333,13.2126,,
"IPCMLULUCF","LULUCF","MtCO2eq","PER","PERU","CO2",44.8201,44.8201,44.8201,44.8201,37.1968,40.4172,43.6375,46.8579,50.0783,53.2986,56.519,54.9587,53.3984,51.8381,50.2778,48.7175,47.1572,45.5969,44.0366,42.4764,40.9161,61.788,82.66,71.8969,71.7612,71.8575,74.5439,,
"IPCMLULUCF","LULUCF","MtCO2eq","SAU","SAUDI ARABIA","CO2",-15.24,-15.1329,-15.0257,-14.9185,-14.8114,-14.7043,-14.5971,-14.49,-14.3828,-14.2757,-14.1685,-13.6566,-13.1447,-12.6328,-12.1209,-11.609,-11.097,-10.5851,-10.0732,-9.5613,-9.0494,-9.1002,-9.151,-9.2155,-9.2155,-9.2155,-9.2155,,
"IPCMLULUCF","LULUCF","MtCO2eq","VNM","VIET NAM","CO2",-45.4264,-45.4264,-45.4264,-45.4264,15.224,14.6634,14.1027,13.5421,12.9815,12.4208,11.8602,8.6394,5.4186,2.1979,-1.0229,-4.2437,-7.4645,-10.6853,-13.906,-17.1268,-20.3476,-25.0182,-29.6889,-34.3595,-19.164,-19.4652,-25.6694,,
"IPC1","Energy","MtCO2eq","ARG","ARGENTINA","N2O",0.9417,1.0324,1.0605,1.0769,1.1241,1.0804,1.1702,1.1986,1.2448,1.2604,1.2929,1.1919,1.1246,1.1916,1.3107,1.3786,1.4659,1.5905,1.6268,1.5917,1.6573,1.74,1.7335,1.7754,1.7735,1.8885,1.9375,,
"IPC1","Energy","MtCO2eq","BRA","BRAZIL","N2O",4.6351,4.6128,4.5549,4.54,4.7356,4.8717,5.1508,5.556,5.8284,6.0547,6.0924,6.402,6.8215,7.2706,7.7395,7.9635,8.1428,8.6158,9.1526,8.8712,10.0619,10.0506,10.3171,10.6792,11.0192,11.3593,11.6993,,
"IPC1","Energy","MtCO2eq","CAN","CANADA","N2O",6.3896,6.1461,6.2676,6.2822,6.7331,6.9871,7.3381,7.7482,8.2349,8.7773,9.0046,9.2693,9.416,9.5488,9.2055,8.9567,8.4586,8.347,7.8767,7.1274,7.2045,7.0622,6.8744,6.7433,6.5088,6.5119,6.452,,
"IPC1","Energy","MtCO2eq","CHN","CHINA","N2O",13.7229,14.1331,14.4482,15.4314,15.5929,18.1483,18.4084,20.9947,23.116,24.4054,22.907,24.1978,27.3857,31.2186,36.3256,41.6409,46.8537,51.4136,54.2004,57.4367,61.3558,67.4393,69.8447,72.4164,76.1373,79.8581,83.579,,
"IPC1","Energy","MtCO2eq","ETH","ETHIOPIA","N2O",0.64942,0.65041,0.95954,0.96057,1.0032,1.1144,1.122,3.6575,3.6955,3.7626,3.8187,3.8764,3.9295,3.9836,4.1004,1.6029,1.7105,1.7208,1.7963,1.8554,1.9458,2.5019,2.2369,2.0101,1.3629,1.1926,1.0222,,
"IPC1","Energy","MtCO2eq","EU28","European Union (28)","N2O",32.3056,31.9989,31.6184,31.7489,32.3853,33.5465,34.6151,34.8534,35.0048,33.7946,33.3017,33.1287,32.4342,33.1112,33.2639,33.0925,33.1302,33.4557,33.1871,31.2773,31.8631,31.0336,31.1986,30.6923,30.1122,31.0098,30.6821,,
"IPC1","Energy","MtCO2eq","IND","INDIA","N2O",3.2877,3.389,3.4541,3.5223,3.5968,4.9601,6.387,7.7416,9.1148,10.7856,12.0495,11.8195,11.7388,11.7336,12.0708,12.144,12.5731,13.3411,13.9121,14.8422,15.1271,15.9323,16.7399,16.4134,16.849,17.2846,17.7203,,
"IPC1","Energy","MtCO2eq","MAR","MOROCCO","N2O",0.23338,0.24979,0.27358,0.29423,0.31304,0.31619,0.30639,0.29546,0.30193,0.30472,0.30106,0.3425,0.36795,0.38883,0.41881,0.45645,0.48021,0.51881,0.56285,0.59262,0.63655,0.6689,0.66136,0.70373,0.73334,0.76295,0.79256,,
"IPC1","Energy","MtCO2eq","MEX","MEXICO","N2O",1.0466,1.0916,1.1061,1.1185,1.1437,1.1406,1.1815,1.2273,1.2787,1.2488,1.2762,1.2595,1.2378,1.2715,1.3277,1.3962,1.4043,1.4894,1.5196,1.4195,1.4515,1.4299,1.4004,1.4988,1.5161,1.5334,1.5507,,
"IPC1","Energy","MtCO2eq","PER","PERU","N2O",0.23188,0.23645,0.24506,0.25705,0.27144,0.27225,0.26615,0.24627,0.20698,0.21826,0.17487,0.14444,0.13605,0.12547,0.12966,0.11418,0.10523,0.10313,0.088111,0.092067,0.094528,0.18954,0.28519,0.13435,0.13275,0.13115,0.12954,,
"IPC1","Energy","MtCO2eq","SAU","SAUDI ARABIA","N2O",0.31449,0.3222,0.33941,0.3538,0.3945,0.38954,0.42039,0.42994,0.45016,0.45847,0.48721,0.51577,0.53987,0.57541,0.5991,0.62593,0.65089,0.68031,0.70914,0.74312,0.76166,0.79454,0.82853,0.84848,0.87603,0.90359,0.93115,,
"IPC1","Energy","MtCO2eq","VNM","VIET NAM","N2O",0.51235,0.51812,0.53151,0.58131,0.56736,0.53777,0.51276,0.49939,0.47421,0.44538,0.42082,0.4202,0.42139,0.42593,0.43451,0.43168,0.42202,0.42309,0.42773,0.43262,0.4374,0.67839,0.91939,1.1599,0.79386,0.82727,0.86067,,
"IPC3","AFOLU","MtCO2eq","ARG","ARGENTINA","N2O",42.2154,42.7385,42.7782,44.2569,41.7826,41.1899,42.73,41.1604,41.4788,41.5779,48.2111,53.116,48.888,52.5935,48.7915,49.5367,51.4018,51.7445,47.783,48.7079,38.9167,37.6082,37.2057,41.764,42.5316,41.535,42.5061,,
"IPC3","AFOLU","MtCO2eq","BRA","BRAZIL","N2O",107.291,109.2688,113.7979,115.4967,118.8478,138.6134,123.8977,123.9318,129.3599,130.0946,135.7459,139.1094,146.4223,172.7723,177.4037,171.8082,166.8389,168.4323,170.3481,156.7143,160.9396,161.5191,160.2796,147.1713,153.1921,153.8562,151.162,,
"IPC3","AFOLU","MtCO2eq","CAN","CANADA","N2O",22.3608,21.7613,22.2588,23.004,23.9188,24.2261,25.2216,24.9943,25.3606,25.765,25.7831,24.4564,23.6409,25.3758,26.0141,25.5668,25.5068,26.0525,27.3404,26.2929,26.5184,26.1625,28.0053,30.2114,28.7014,29.4608,30.288,,
"IPC3","AFOLU","MtCO2eq","CHN","CHINA","N2O",234.1823,239.3811,243.6438,232.9357,244.4076,280.1729,299.0331,269.0121,272.6396,283.5888,274.8888,273.0941,284.3237,283.0755,288.396,290.9839,314.3517,333.1686,361.77,387.3971,414.4829,433.2251,457.4346,459.5615,460.7229,467.2782,469.5183,,
"IPC3","AFOLU","MtCO2eq","ETH","ETHIOPIA","N2O",10.9664,10.9849,11.2438,9.9962,10.8793,9.6356,10.4673,12.4208,12.6974,13.0472,12.0358,11.5164,13.9215,13.5112,15.0612,15.5391,16.7054,18.942,19.5571,20.1388,20.9811,17.525,21.3976,21.9542,22.7602,23.0435,23.7117,,
"IPC3","AFOLU","MtCO2eq","EU28","European Union (28)","N2O",247.9381,234.3731,222.3607,217.7688,215.2751,217.0201,217.7632,218.6933,217.3653,217.411,215.7073,212.5628,209.2768,205.8362,208.9905,204.3702,202.2791,203.0972,203.201,198.757,198.2662,199.9106,199.1935,201.6611,206.1444,205.3144,205.6226,,
"IPC3","AFOLU","MtCO2eq","IND","INDIA","N2O",42.162,43.352,44.5822,45.5919,46.8236,49.4973,52.6857,56.0474,59.0338,61.6683,61.8399,63.4952,61.3194,64.1133,66.5362,70.2087,73.8377,77.3156,78.9519,80.6496,83.8767,86.4525,85.5791,85.1519,85.7964,86.6305,87.0015,,
"IPC3","AFOLU","MtCO2eq","MAR","MOROCCO","N2O",8.8749,8.634,7.9497,7.5083,8.0606,8.7244,10.664,11.9321,13.2993,15.1288,16.2751,16.4648,16.848,16.6947,17.1387,17.7556,18.5136,17.0877,17.139,16.735,17.019,17.407,16.0591,17.3429,17.3831,18.0917,17.4081,,
"IPC3","AFOLU","MtCO2eq","MEX","MEXICO","N2O",28.7362,27.414,27.2743,27.6949,27.6952,26.729,26.8485,27.4399,29.2719,28.4542,28.7902,28.796,27.838,28.2535,28.1194,27.7517,27.8104,28.9108,28.0768,28.4308,29.0306,29.7026,29.5537,29.9868,29.9954,31.9521,32.4282,,
"IPC3","AFOLU","MtCO2eq","PER","PERU","N2O",12.4656,12.0838,11.9536,12.4305,13.2804,13.0993,12.4548,11.7268,11.2492,10.8744,10.442,10.62,11.099,11.3841,11.5845,11.8015,12.2003,12.9395,12.8522,13.7411,13.5787,13.8987,13.965,13.5577,13.2708,13.6659,13.8728,,
"IPC3","AFOLU","MtCO2eq","SAU","SAUDI ARABIA","N2O",9.5049,9.9729,10.3048,9.7985,9.1927,8.3875,8.7971,10.0714,10.4031,9.9739,10.4476,10.6911,8.9793,11.0701,10.9139,10.2757,10.5371,10.8188,9.3115,8.1183,8.8015,10.9152,10.013,10.205,11.167,11.1603,11.0403,,
"IPC3","AFOLU","MtCO2eq","VNM","VIET NAM","N2O",7.6231,8.5326,8.4441,8.7747,10.5171,11.0184,12.6427,12.9218,15.0313,15.9432,17.2302,16.485,18.1305,19.8977,23.2116,20.9025,21.6521,23.9364,23.6914,29.4558,26.7421,23.7045,24.6591,27.6831,25.7783,28.3393,28.4353,,
"IPC4","Waste","MtCO2eq","ARG","ARGENTINA","N2O",0.50336,0.52155,0.53612,0.55698,0.57524,0.60252,0.62548,0.64914,0.66689,0.69449,0.7102,0.74461,0.76299,0.79314,0.82049,0.84708,0.87036,0.8757,0.86832,0.85236,0.87004,0.87659,0.8743,0.87685,0.75211,0.88732,0.89495,,
"IPC4","Waste","MtCO2eq","BRA","BRAZIL","N2O",1.3392,1.3733,1.4043,1.4353,1.4663,1.4973,1.5283,1.5872,1.6523,1.7174,1.7608,1.7949,1.8848,1.9778,2.0119,2.0491,2.0832,2.1173,2.1576,2.1948,2.2351,2.2896,2.325,2.3963,2.4437,2.4911,2.5386,,
"IPC4","Waste","MtCO2eq","CAN","CANADA","N2O",0.77709,0.80047,0.82743,0.81084,0.8398,0.88428,0.8758,0.82738,0.86874,0.8679,0.91626,0.95337,0.96771,0.93935,0.96876,0.9788,0.98934,1.0064,1.028,1.0146,1.0214,1.0277,0.99965,1.0178,1.0488,1.066,1.072,,
"IPC4","Waste","MtCO2eq","CHN","CHINA","N2O",14.73,15.4147,16.3788,17.2196,18.1223,18.7767,19.2454,19.5901,20.2139,20.5589,20.9352,21.0636,21.4405,21.8178,22.2574,22.5736,23.2292,23.6065,24.2628,24.6403,24.8006,24.9299,24.9352,25.7775,26.1558,26.5341,26.9124,,
"IPC4","Waste","MtCO2eq","ETH","ETHIOPIA","N2O",0.31,0.31,0.31,0.31,0.7215,0.74542,0.76893,0.79215,0.81538,0.83908,0.86358,0.88897,0.7209,0.90512,0.93135,0.95789,0.98473,0.79736,1.0395,1.0675,1.0961,1.1252,1.1548,1.1848,1.1817,1.2081,1.2345,,
"IPC4","Waste","MtCO2eq","EU28","European Union (28)","N2O",9.9585,9.7908,9.6829,9.5899,9.6129,9.6397,9.6476,9.5991,9.7893,9.8825,10.0762,10.1178,10.3271,10.412,10.2647,10.4945,10.5429,10.6343,10.6541,10.7373,11.0267,10.9656,10.9659,10.9948,11.0418,11.1093,11.2581,,
"IPC4","Waste","MtCO2eq","IND","INDIA","N2O",1.968,2.0462,2.0918,2.1309,2.17,2.4951,2.8214,3.14,3.5268,3.8511,4.1013,4.9501,5.7591,6.6222,7.617,8.5963,9.6365,10.7018,11.7921,12.6709,13.5377,13.7446,13.7446,15.5014,16.3487,17.1959,18.0432,,
"IPC4","Waste","MtCO2eq","MAR","MOROCCO","N2O",0.29849,0.29445,0.29254,0.29703,0.31,0.33783,0.37462,0.3999,0.42709,0.45388,0.4898,1.6391,2.8149,3.9427,5.156,6.2166,7.3424,8.4154,9.572,10.8546,11.9055,6.3712,0.837,9.7735,10.3582,10.9429,11.5276,,
"IPC4","Waste","MtCO2eq","MEX","MEXICO","N2O",1.3514,1.404,1.4533,1.499,1.6252,1.6502,1.6732,1.7278,1.767,1.8198,1.8908,1.945,1.9787,1.9851,2.0071,2.0341,2.0898,2.1355,2.1562,2.1647,2.223,2.2886,2.3077,2.3401,2.376,2.4119,2.4478,,
"IPC4","Waste","MtCO2eq","PER","PERU","N2O",0.2863,0.30355,0.3216,0.33846,0.3565,0.38547,0.40374,0.41258,0.42807,0.45231,0.475,0.46152,0.462,0.46697,0.48045,0.49356,0.49809,0.50259,0.50706,0.51534,0.51212,0.54691,0.574,0.55499,0.5629,0.57081,0.57871,,
"IPC4","Waste","MtCO2eq","SAU","SAUDI ARABIA","N2O",0.69626,0.68434,0.67133,0.6912,0.74297,0.79578,0.81912,0.84564,0.87202,0.88231,0.8928,0.9063,0.92783,0.95731,0.98678,1.0083,1.0221,1.0437,1.081,1.1339,1.1633,1.2235,1.2524,1.2419,1.2692,1.2965,1.3237,,
"IPC4","Waste","MtCO2eq","VNM","VIET NAM","N2O",0.93642,0.98101,1.0504,1.1098,1.1346,1.0517,1.0459,1.0079,0.99475,0.98251,0.9641,1.0498,1.1353,1.2243,1.2949,1.3797,1.4684,1.5776,1.6923,1.787,1.8375,1.8967,1.9558,2.015,2.1384,2.2202,2.302,,
"IPC5","Other","MtCO2eq","ARG","ARGENTINA","N2O",0.6213,0.66805,0.69843,0.72943,0.79732,0.80786,0.86831,0.9269,0.97681,0.95976,0.89342,0.82584,0.75268,0.78399,0.82739,0.85715,0.91636,0.94271,1.001,0.93248,1.0345,1.0915,1.0875,1.0355,1.0492,1.063,1.0767,,
"IPC5","Other","MtCO2eq","BRA","BRAZIL","N2O",2.6753,2.7249,2.7652,2.821,2.9295,3.0101,3.1868,3.2457,3.3046,3.3666,3.2674,3.348,3.4317,3.4255,3.627,3.6456,3.7727,4.0362,4.3276,4.2098,4.6252,4.6655,4.8701,4.8056,4.9237,5.0417,5.1597,,
"IPC5","Other","MtCO2eq","CAN","CANADA","N2O",2.755,2.6734,2.7051,2.608,2.6753,2.7016,2.7261,2.8343,2.8939,2.9245,2.9924,2.8598,2.7289,2.7748,2.7655,2.6902,2.5823,2.67,2.6087,2.5237,2.5854,2.6024,2.6152,2.4921,2.4635,2.4349,2.4063,,
"IPC5","Other","MtCO2eq","CHN","CHINA","N2O",15.6023,16.2037,16.9477,18.9255,19.189,20.5437,21.8364,20.4445,20.8971,20.2337,22.1743,22.2146,23.2655,25.978,29.1307,31.5363,33.8644,35.7616,35.1571,36.4312,37.7146,41.4718,42.7459,44.1408,45.8369,47.533,49.2291,,
"IPC5","Other","MtCO2eq","ETH","ETHIOPIA","N2O",0.47058,0.48639,0.46252,0.4836,0.50003,0.51987,0.5363,0.55087,0.56699,0.58094,0.59737,0.62186,0.63798,0.65379,0.67115,0.68541,0.70246,0.7254,0.75609,0.77655,0.78585,0.80321,0.80786,0.83752,0.85577,0.87402,0.89227,,
"IPC5","Other","MtCO2eq","EU28","European Union (28)","N2O",21.1316,20.5787,20.6473,19.8263,19.0109,18.8118,18.8196,17.9074,17.5025,16.9071,16.1526,15.9652,15.621,15.7259,15.5735,15.3623,15.1954,14.8568,14.4007,13.3771,13.3237,13.0946,12.8534,12.6124,12.3064,12.0003,11.6943,,
"IPC5","Other","MtCO2eq","IND","INDIA","N2O",7.719,8.0414,8.3266,8.432,8.6676,9.1729,9.145,9.393,9.486,9.858,10.168,10.199,10.416,10.633,11.005,11.191,11.78,12.338,13.051,14.012,14.694,15.903,16.616,15.9801,16.4663,16.9526,17.4388,,
"IPC5","Other","MtCO2eq","MAR","MOROCCO","N2O",0.14597,0.15679,0.17001,0.18052,0.19342,0.19803,0.19589,0.20402,0.20795,0.22012,0.22301,0.23403,0.24248,0.24262,0.25416,0.2669,0.26419,0.27155,0.28259,0.2752,0.29094,0.31523,0.31343,0.31748,0.32463,0.33178,0.33892,,
"IPC5","Other","MtCO2eq","MEX","MEXICO","N2O",2.3241,2.5079,2.5129,2.507,2.6527,2.4698,2.5432,2.6499,2.7599,2.7668,2.8911,2.8362,2.808,2.8669,2.9249,3.043,3.052,3.1109,3.1394,3.0209,3.1353,3.2035,3.2311,3.2571,3.291,3.3249,3.3588,,
"IPC5","Other","MtCO2eq","PER","PERU","N2O",0.23653,0.21824,0.22785,0.23374,0.24428,0.25947,0.28055,0.27993,0.28613,0.29884,0.279,0.25172,0.26877,0.2635,0.28985,0.27497,0.27125,0.28644,0.31744,0.35495,0.39742,0.42067,0.41757,0.39274,0.40285,0.41295,0.42306,,
"IPC5","Other","MtCO2eq","SAU","SAUDI ARABIA","N2O",1.4734,1.5363,1.6562,1.7832,1.8898,1.7645,1.8504,1.8237,1.8845,1.9077,1.9158,1.8169,1.7989,1.8411,1.8987,1.9573,2.0262,2.0823,2.1694,2.2921,2.3504,2.5854,2.6741,2.5197,2.5747,2.6296,2.6846,,
"IPC5","Other","MtCO2eq","VNM","VIET NAM","N2O",0.44578,0.45229,0.46593,0.51739,0.51336,0.54343,0.56265,0.61876,0.67022,0.6851,0.71455,0.76229,0.8153,0.84506,0.93961,0.96968,0.96937,1.0608,1.1572,1.2642,1.3491,1.4086,1.4496,1.4745,1.5333,1.5921,1.6509,,
"IPCMAG","Agriculture","MtCO2eq","ARG","ARGENTINA","N2O",42.163,42.685,42.7234,44.201,41.7255,41.1116,42.6304,41.0395,41.3785,41.4981,48.1519,52.9991,48.7135,52.3614,48.5017,49.1893,50.9968,51.2818,47.2628,48.13,38.2812,37.0486,36.7221,40.4795,41.877,40.3183,41.4659,,
"IPCMAG","Agriculture","MtCO2eq","BRA","BRAZIL","N2O",94.0974,96.503,99.2,100.2819,103.7477,105.4496,98.8838,102.1357,104.5413,105.3101,110.3383,113.6925,118.5006,127.8378,130.1566,132.9807,134.2393,138.0833,138.8986,140.6997,146.3448,147.2157,146.2676,145.5655,149.5443,149.4491,149.8984,,
"IPCMAG","Agriculture","MtCO2eq","CAN","CANADA","N2O",21.7471,21.1745,21.4151,22.3005,23.1225,23.5308,24.4951,24.3379,24.6765,25.0385,24.9985,23.7646,22.925,24.6274,25.3219,24.8732,24.7968,25.5337,26.8446,25.8704,26.0831,25.6628,27.2672,29.3637,28.1664,28.8275,29.6578,,
"IPCMAG","Agriculture","MtCO2eq","CHN","CHINA","N2O",233.7447,238.9435,243.2062,232.4981,243.97,279.7353,298.5081,268.4628,272.0096,283.0022,274.2158,272.7363,284.1656,281.7237,288.0046,290.78,313.9047,332.7808,361.0017,387.144,414.1687,433.0578,457.25,459.386,460.4167,466.9574,469.3207,,
"IPCMAG","Agriculture","MtCO2eq","ETH","ETHIOPIA","N2O",10.5286,10.5471,10.806,9.5588,10.4419,9.1981,9.9936,11.512,11.7338,11.7767,11.0864,11.3206,13.6635,13.0854,14.633,15.2398,16.4014,18.7002,19.2742,19.9234,20.7981,17.3391,21.0809,21.6511,22.478,22.782,23.4631,,
"IPCMAG","Agriculture","MtCO2eq","EU28","European Union (28)","N2O",233.7002,219.9475,208.0606,202.9701,200.3309,202.4364,203.2527,204.2284,202.6318,202.9646,200.7945,197.9311,194.6702,190.8455,194.3328,189.4967,187.5437,188.0856,188.5214,183.8557,183.3696,184.9256,183.9499,186.9619,191.1002,189.9651,189.8846,,
"IPCMAG","Agriculture","MtCO2eq","IND","INDIA","N2O",41.6893,42.8792,44.1094,45.1192,46.81,49.1372,51.9791,54.9943,57.6343,59.9223,59.7474,61.5539,59.5295,62.4746,65.0489,68.8726,72.6529,76.282,78.0696,79.9187,83.297,86.1369,84.8878,84.6775,85.2398,86.0942,86.87,,
"IPCMAG","Agriculture","MtCO2eq","MAR","MOROCCO","N2O",8.8744,8.6335,7.9491,7.5077,8.06,8.7238,10.6632,11.9316,13.2988,15.1277,16.275,16.4648,16.848,16.6947,17.1385,17.7547,18.5087,17.0876,17.1388,16.735,17.019,17.4069,16.058,17.3429,17.3827,18.0909,17.4076,,
"IPCMAG","Agriculture","MtCO2eq","MEX","MEXICO","N2O",28.4093,27.0872,26.9475,27.368,27.3683,26.4022,26.5425,27.3144,28.4724,28.201,28.535,28.6823,27.6273,27.9415,28.0431,27.4844,27.569,28.754,27.8388,28.1151,28.9155,28.5433,29.2366,29.4627,29.9593,31.5078,31.9586,,
"IPCMAG","Agriculture","MtCO2eq","PER","PERU","N2O",12.4272,12.0454,11.9152,12.3921,12.9084,12.7814,12.1911,11.5173,11.0939,10.7732,10.395,10.5379,10.9819,11.2319,11.3972,11.5791,11.9429,12.647,12.5246,13.3784,13.181,13.3878,13.341,13.5247,13.2497,13.6206,13.5867,,
"IPCMAG","Agriculture","MtCO2eq","SAU","SAUDI ARABIA","N2O",9.5049,9.9729,10.3048,9.7985,9.1927,8.3875,8.7971,10.0714,10.4031,9.9739,10.4476,10.6911,8.9793,11.0701,10.9139,10.2757,10.5371,10.8188,9.3115,8.1183,8.8015,10.9152,10.013,10.205,11.167,11.1603,11.0403,,
"IPCMAG","Agriculture","MtCO2eq","VNM","VIET NAM","N2O",7.4357,8.3452,8.2567,8.5873,10.1327,10.6484,12.2872,12.5808,14.7048,15.6312,16.9326,16.2054,17.869,19.6542,22.9861,20.6949,21.4626,23.7649,23.5379,29.3203,26.6246,23.62,24.6076,27.6645,25.5602,28.1606,28.3616,,
"IPCMLULUCF","LULUCF","MtCO2eq","ARG","ARGENTINA","N2O",0.05237,0.053554,0.054739,0.055923,0.057107,0.078348,0.099589,0.12083,0.1003,0.079774,0.059247,0.11687,0.1745,0.23212,0.28975,0.34737,0.405,0.46262,0.52025,0.57787,0.6355,0.55955,0.4836,1.2845,0.6546,1.2167,1.0402,,
"IPCMLULUCF","LULUCF","MtCO2eq","BRA","BRAZIL","N2O",13.1936,12.7658,14.5979,15.2148,15.1001,33.1638,25.0139,21.7961,24.8186,24.7845,25.4076,25.4169,27.9217,44.9345,47.2471,38.8275,32.5996,30.349,31.4495,16.0146,14.5948,14.3034,14.012,1.6058,3.6478,4.4071,1.2636,,
"IPCMLULUCF","LULUCF","MtCO2eq","CAN","CANADA","N2O",0.61369,0.58678,0.8437,0.70349,0.79634,0.69534,0.72652,0.65647,0.68413,0.7264,0.78459,0.69177,0.71589,0.74833,0.69219,0.69358,0.71002,0.51885,0.49584,0.42251,0.43537,0.49968,0.73803,0.84764,0.53501,0.63338,0.63017,,
"IPCMLULUCF","LULUCF","MtCO2eq","CHN","CHINA","N2O",0.4376,0.4376,0.4376,0.4376,0.4376,0.4376,0.52505,0.54932,0.63001,0.58658,0.67307,0.35786,0.1581,1.3518,0.39144,0.20389,0.44699,0.38778,0.7683,0.25308,0.31422,0.16728,0.18464,0.17555,0.30619,0.32079,0.19758,,
"IPCMLULUCF","LULUCF","MtCO2eq","ETH","ETHIOPIA","N2O",0.43781,0.43781,0.43781,0.43747,0.43747,0.43747,0.47371,0.9088,0.96367,1.2704,0.94941,0.1958,0.25798,0.42575,0.42817,0.2993,0.30399,0.24183,0.28291,0.21545,0.18293,0.18594,0.3167,0.30309,0.28225,0.26145,0.24854,,
"IPCMLULUCF","LULUCF","MtCO2eq","EU28","European Union (28)","N2O",14.238,14.4256,14.3001,14.7987,14.9441,14.5837,14.5105,14.4649,14.7335,14.4464,14.9128,14.6318,14.6065,14.9907,14.6577,14.8736,14.7354,15.0116,14.6796,14.9013,14.8965,14.985,15.2435,14.6992,15.0442,15.3493,15.738,,
"IPCMLULUCF","LULUCF","MtCO2eq","IND","INDIA","N2O",0.47278,0.47278,0.47278,0.47278,0.01364,0.36012,0.70659,1.0531,1.3995,1.746,2.0925,1.9412,1.7899,1.6387,1.4874,1.3361,1.1848,1.0335,0.88226,0.73098,0.5797,0.31567,0.69124,0.47445,0.55661,0.53636,0.13154,,
"IPCMLULUCF","LULUCF","MtCO2eq","MAR","MOROCCO","N2O",0.000589,0.000589,0.000589,0.000589,0.000589,0.000589,0.000775,0.000465,0.000527,0.001054,0.000124,0,0,0,0.000186,0.000961,0.00496,9.3e-05,0.000186,0,0,9.3e-05,0.001116,0,0.000434,0.000775,0.00056213,,
"IPCMLULUCF","LULUCF","MtCO2eq","MEX","MEXICO","N2O",0.32686,0.32686,0.32686,0.32686,0.32686,0.32686,0.306,0.12545,0.79953,0.25319,0.25518,0.11367,0.21064,0.31204,0.07626,0.26735,0.24141,0.15675,0.23807,0.31561,0.11509,1.1593,0.31708,0.52415,0.036053,0.44429,0.46965,,
"IPCMLULUCF","LULUCF","MtCO2eq","PER","PERU","N2O",0.038409,0.038409,0.038409,0.038409,0.372,0.31783,0.26367,0.2095,0.15533,0.10117,0.047,0.082072,0.11714,0.15222,0.18729,0.22236,0.25743,0.2925,0.32758,0.36265,0.39772,0.51086,0.624,0.033015,0.021111,0.045322,0.28604,,
"IPCMLULUCF","LULUCF","MtCO2eq","VNM","VIET NAM","N2O",0.1874,0.1874,0.1874,0.1874,0.3844,0.36993,0.35547,0.341,0.32653,0.31207,0.2976,0.27959,0.26158,0.24356,0.22555,0.20754,0.18953,0.17152,0.1535,0.13549,0.11748,0.08452,0.05156,0.0186,0.21805,0.17865,0.073754,,

